bootstrap_id,T_bootstrap
1,783860.7370139038
2,836363.97977590247
3,912381.36740022956
4,943777.35885003721
5,865840.34448554937
6,860570.11585480219
7,856842.77719419671
8,958202.75536715914
9,860203.85695214022
10,870136.4921986335
11,910123.75510586693
12,837072.86767307646
13,852529.90223628655
14,874373.4201136647
15,817849.57585200632
16,888612.83334249584
17,903872.07226200751
18,890625.56953862007
19,856177.96748395136
20,808471.13574042893
21,906146.92269566492
22,839826.25932796276
23,827003.85134451988
24,811565.22050165571
25,867843.35199326649
26,853517.82882941444
27,893240.65227924706
28,873028.16690186423
29,842290.60344548069
30,850489.57999226206
31,888773.7831585299
32,858782.34154222731
33,864626.17569007608
34,867969.5715129585
35,774447.23915537621
36,850337.14295528864
37,808116.62273736275
38,868984.05976825871
39,867303.6961918032
40,836742.08086275926
41,814738.18319854105
42,875383.94880180934
43,840096.79969673441
44,845243.6550604736
45,887833.97968581086
46,848756.87117857765
47,856113.48120432114
48,875921.68831731158
49,860604.76328883553
50,793669.37810956524
51,812505.66453904018
52,834942.1568469468
53,804174.71781507926
54,829675.3832539299
55,844508.58262370131
56,805322.38241964602
57,878039.35995040741
58,881264.68716459093
59,819212.06736264331
60,862836.23027751024
61,874842.32376805972
62,817938.70272598858
63,865936.18273057626
64,881929.64461066818
65,848732.45973188325
66,874780.56212384021
67,799227.46436924231
68,817471.83459272794
69,800195.56007703941
70,841847.72552589502
71,939957.90378238179
72,913188.84590215562
73,818973.72751445137
74,870035.29264362203
75,851195.91428140295
76,871794.0175363546
77,818110.16600381932
78,812986.15143269114
79,816060.29928107804
80,838605.39693782979
81,837318.70324699511
82,823547.26467259787
83,885500.50991808542
84,856141.83425520896
85,872166.73746642622
86,864110.81879001949
87,890510.67674108048
88,869052.94738070783
89,858626.8786954052
90,816588.28825326543
91,863256.07510935655
92,844146.19737686776
93,855569.02667815238
94,874301.13550575962
95,822857.98279703106
96,839340.20825353975
97,879522.99263056403
98,965567.5827961847
99,831259.14964541001
100,859088.03445230052
101,907557.5724653689
102,888437.07960267656
103,822100.83059412241
104,859412.91022160708
105,937531.42189474183
106,797087.78513349115
107,880610.3250515461
108,837904.35868431279
109,793607.60816945008
110,851366.49451065203
111,874161.60272144817
112,862428.01880052174
113,829384.55506849883
114,852140.75151908724
115,872339.6966838612
116,897631.6263672224
117,878297.06329159031
118,879633.706171792
119,847257.87964653946
120,840451.24942533742
121,881379.45908267389
122,816303.88359360117
123,857526.92884067085
124,844733.49032982206
125,872865.91645578411
126,879594.08791579062
127,835304.92873519589
128,863212.88428240723
129,826130.71985635068
130,855609.5869273782
131,848078.66216080484
132,884518.16920125089
133,859045.37222534977
134,883512.37030346342
135,859830.97796695877
136,871421.07369818515
137,836509.85323613253
138,815426.1712045219
139,862463.0543425011
140,914952.80158326228
141,839675.03887394746
142,857337.88013135502
143,850714.19346693368
144,864156.54468349623
145,865951.12504598685
146,858339.19867847976
147,876357.55503413687
148,848469.8724631056
149,793513.88464671024
150,863469.99171265506
151,868202.15361272066
152,784286.36584355496
153,848081.94033180585
154,757020.03381412197
155,871104.18560673809
156,844075.34516635048
157,842419.89403181849
158,862941.39781651215
159,835956.14415040053
160,818466.06890568975
161,882559.26552803069
162,848094.61106106418
163,820825.31892309384
164,913280.43488947453
165,874664.04938004958
166,852160.37417194957
167,871553.93023777974
168,821184.67091881798
169,790502.81225536345
170,803935.3046743914
171,827344.23151818011
172,837325.27934094251
173,835075.67342228489
174,948448.62339265947
175,849790.72570699488
176,854629.56645511091
177,886628.55018964945
178,885183.64050689596
179,869073.94567270251
180,872537.91099391971
181,879537.00548540626
182,901841.59207651031
183,866504.97547262395
184,894554.05416096665
185,856723.60772127123
186,802571.30551384832
187,801350.45150582842
188,810341.69949027395
189,851044.45203322289
190,839688.42790602869
191,873833.26199462323
192,822185.80855530233
193,867053.33964250295
194,838120.82538024511
195,889758.68230412283
196,805655.45249355165
197,892756.19984170888
198,858901.86988716235
199,877019.42038730206
200,804677.84701000608
201,855484.1481778631
202,873382.99908958364
203,845485.53445803944
204,894844.21829169162
205,842159.9006248673
206,850921.1633248314
207,850172.35888734832
208,854880.98763334309
209,850657.24831333268
210,862213.06084084057
211,857471.33158972173
212,878635.5674313138
213,773833.73039516481
214,864710.26179024775
215,931877.39837949898
216,836392.00839058054
217,860753.80190184817
218,778116.25171298545
219,912729.68852342863
220,861267.42419296224
221,846356.30747963209
222,848573.96646802151
223,813924.12614158366
224,904927.12920040602
225,875829.33235855168
226,831519.95303362596
227,857563.31307673268
228,848932.98830112466
229,795155.42813654628
230,838313.32793131133
231,858582.07847782993
232,878288.41061307443
233,776413.57425077236
234,868071.17845970066
235,838970.13179474452
236,804070.30830395932
237,893748.43626449443
238,872726.93535147444
239,829667.35692704958
240,818400.7482260121
241,884713.87944348762
242,855660.35808079352
243,864797.68698539794
244,839371.10852079419
245,793225.23946317961
246,867149.52622655395
247,922115.32142582745
248,863339.95630343712
249,880362.5107837281
250,851693.79476975347
251,821598.73424244125
252,862056.72168878536
253,921871.63994762115
254,850889.24395428656
255,842688.64536229603
256,907107.70310994191
257,886469.72850103327
258,856008.05114892148
259,847872.37538540002
260,848761.53096573136
261,882441.82024275151
262,775262.92702911166
263,804503.18537022255
264,855645.51025175489
265,841796.43881754042
266,753998.65522720874
267,902541.19308642449
268,823076.08035539859
269,865294.83907320129
270,923285.93321000296
271,807931.22510188411
272,835276.14131175121
273,814431.27689283597
274,844463.32819417841
275,853961.38832328003
276,859479.37826285942
277,895480.166849514
278,773850.63583551103
279,897063.52951470762
280,813854.10779385082
281,807406.68662761187
282,807837.67410819826
283,830557.72210645769
284,925337.31703305116
285,857247.69904970017
286,814446.88197697955
287,862370.08230823814
288,913421.86723673984
289,831195.51324639888
290,870054.7901091224
291,837667.39957096451
292,850382.37339444878
293,878135.92023009993
294,878825.44782127207
295,888326.66647501662
296,849012.74045020726
297,897736.45458747714
298,914132.79932475765
299,889984.85389983607
300,914717.63678013976
301,844632.79140025005
302,814876.34282558702
303,826683.8698469972
304,816630.13678644749
305,859091.71084545762
306,853925.6722497528
307,861708.06543407543
308,882345.73040694557
309,896186.31971479487
310,840112.85101595265
311,830824.7666367729
312,844886.07279695373
313,865697.05798950174
314,866997.0140862019
315,817135.24187632918
316,793472.43229482509
317,829819.2287930923
318,811713.14751485211
319,861894.91909878259
320,890323.86003923742
321,824385.57147716067
322,880205.42198076169
323,859589.28149747569
324,857061.67157625593
325,924284.15557766997
326,830024.62734394998
327,925800.78660961008
328,771708.70958287234
329,799452.83953915304
330,916989.58292648103
331,854246.08163028443
332,892082.95337204798
333,812488.92060731479
334,878614.38646171568
335,878137.69164669164
336,879358.97152918158
337,927247.3500270904
338,880733.43583810318
339,838919.24577485374
340,938049.97925260768
341,908745.06672235567
342,889790.95382925856
343,880574.240638674
344,878601.27863693051
345,867399.77425373811
346,840391.68000915821
347,814368.75004774763
348,872448.35745929624
349,871298.69903693278
350,868194.43195162842
351,890513.6148502914
352,831811.95987417747
353,887629.04781868577
354,829717.35187790415
355,871829.21538607916
356,829131.59215245175
357,806478.98473951989
358,812259.66652149765
359,875779.31693824928
360,856213.87408944301
361,825969.71211770247
362,907239.40740460507
363,933906.65991417237
364,826916.31835537415
365,835448.21995401336
366,858127.30759125995
367,878014.46480541734
368,865033.14027471654
369,877159.77091413143
370,837625.17144129099
371,828976.93029029667
372,892159.58249052137
373,925541.84480640863
374,859878.32596036408
375,877237.25619218068
376,844901.57281621161
377,892333.67935922672
378,905296.92610601347
379,839571.73739652417
380,868319.39054009749
381,860040.41548243433
382,897735.34170053806
383,830062.17504816817
384,932394.59274144575
385,847076.0624548007
386,877774.61701522488
387,867459.16092830943
388,895989.12924380589
389,860374.86604326079
390,865269.57171503524
391,792913.31137301167
392,867080.00471832335
393,927245.54344050551
394,901400.88763575302
395,871330.21505524369
396,910834.36106320599
397,841803.72591356141
398,891419.45660098025
399,824697.66185822501
400,833528.17478624079
401,881604.81282102526
402,854783.78509904188
403,846606.27194156847
404,894366.03919981583
405,860747.26059349591
406,856845.12158130575
407,870044.27751210809
408,892467.86494077928
409,844632.31350959477
410,887455.30136117816
411,883505.12418678275
412,858533.47312456823
413,882981.18630337471
414,816397.77049003611
415,834339.66741049185
416,805498.61996549019
417,885484.21298669884
418,900484.7635144419
419,867501.53787347488
420,815093.37682321307
421,903630.35299589008
422,916178.70941539225
423,895209.25427913235
424,781655.22579521139
425,856263.7922387151
426,825897.55735919508
427,879360.36184378306
428,862014.90270584391
429,769373.96242290689
430,833481.63238652248
431,873383.35756609426
432,832015.00106625212
433,831242.45295810339
434,862483.12997712207
435,776437.93497311824
436,787533.90029485605
437,857590.91313782101
438,831477.68326270953
439,914326.87178147188
440,899866.35135318211
441,882249.39890737913
442,869082.52316214424
443,735191.91257979814
444,880294.85800517967
445,874067.46866340365
446,975720.142914964
447,888162.69477247866
448,863583.68252945156
449,895629.16277235793
450,938754.79715060396
451,889839.92397755606
452,917486.94755026873
453,822868.92198768037
454,765119.06729510752
455,920062.32457868883
456,856498.4235742751
457,873553.15768528217
458,838488.20544679963
459,813042.92459401768
460,863714.40230076923
461,856624.82696802553
462,885317.58394026803
463,887924.9081429051
464,833181.79580768966
465,853109.38620067411
466,845320.78993183945
467,896514.76928498573
468,846225.95803137915
469,852473.53995810437
470,815413.38865999784
471,865638.76900813391
472,898458.08029492176
473,847746.51418752188
474,829283.04896576819
475,826826.79957578913
476,872842.70027807099
477,873986.18067440344
478,785241.96096804284
479,865145.1187509693
480,874067.88185768516
481,871439.64711797796
482,815147.53421700234
483,854073.04959192697
484,840000.85766493471
485,851580.77309087419
486,851174.29724956665
487,862558.91486955981
488,900956.46755158657
489,894050.50342930329
490,870633.17404362361
491,807216.17362314952
492,948601.70898086147
493,871708.32057440293
494,849023.01877251326
495,937722.44203324954
496,904661.18476747954
497,922072.35922841867
498,847907.76310354425
499,841583.98954279069
500,888524.55270138662
501,889493.93190176936
502,865278.98674900725
503,900779.35381743056
504,899923.21323050337
505,903236.43455803103
506,817325.29671471834
507,883478.14032169955
508,857145.98293599929
509,855610.05378445145
510,864277.06218591752
511,796175.56765163934
512,828485.33103944256
513,856052.43862710672
514,884732.3497506167
515,792920.89611817524
516,808009.63002290588
517,867680.58628200798
518,874034.87322559243
519,831177.48761718173
520,830925.2115204928
521,887961.45631072484
522,793621.2021421094
523,821585.62500851043
524,820537.52900718153
525,814114.46895908029
526,822871.56057253678
527,810919.43384079391
528,852580.89171146287
529,845057.74694930553
530,881508.74594427086
531,879429.26560363546
532,877973.87835523987
533,869327.33698592894
534,874209.14752054575
535,895169.41028164874
536,910130.00695452443
537,876981.70799483254
538,848399.63980033644
539,821746.79522743251
540,870706.77886043489
541,852939.40862515033
542,838680.72656198358
543,822748.40339473728
544,837679.6986987656
545,888566.40977674723
546,827973.56307839067
547,850348.21527306654
548,790436.82635025424
549,891430.68889518362
550,857676.8562239469
551,863881.33275794599
552,893430.16820459696
553,831067.64065630117
554,872147.93021223077
555,841197.94355748256
556,934354.33859491942
557,780229.05862449785
558,798465.16343056841
559,850779.24926582561
560,892586.67082338035
561,781802.03368140559
562,850886.32456620561
563,849146.60742172168
564,842908.21168410988
565,768633.75032049767
566,888533.37691238394
567,781714.2451304557
568,881171.58498724818
569,912796.70173580199
570,803519.90639562602
571,878428.0429828139
572,840074.11957243539
573,847506.20585394977
574,851366.69183103682
575,866040.32521386479
576,818939.50175859791
577,885859.20884778735
578,904720.03369210288
579,865246.57447926549
580,853884.93322062003
581,884550.71049786068
582,841473.59810363664
583,837477.28937494312
584,868952.35645487765
585,866867.50641281693
586,816322.03028586169
587,774393.27365554601
588,818249.87946873694
589,880365.89486478048
590,873170.32358786801
591,824235.28691868018
592,786095.07353092066
593,843181.46902247448
594,816609.32079800789
595,880229.65295722615
596,885932.99139103573
597,880432.13891582494
598,840170.15612075175
599,862139.32225983741
600,855888.29534879106
601,898248.81020201638
602,871218.23354422394
603,844020.22605461057
604,843833.14714210457
605,847403.15543890151
606,834954.06938191468
607,779007.49822364212
608,823615.6018798498
609,865039.76917902287
610,872702.16242965206
611,829753.19620687258
612,906441.79268101114
613,900935.68342164729
614,857539.98183324211
615,791599.23654534016
616,867421.28828969551
617,847552.04597654019
618,858501.8674034609
619,853597.24863415631
620,884959.3875649597
621,910027.66227823799
622,930715.42064434127
623,819317.74539205059
624,900910.23097058537
625,823164.97074491763
626,862976.10649271624
627,902334.40025193105
628,808686.95768310153
629,813556.44679516682
630,840519.95527154382
631,909552.95794819598
632,804950.01699336933
633,888952.52719090914
634,930327.60465394345
635,804174.68043670908
636,885234.28198829864
637,829733.51449903729
638,799903.74347353401
639,814347.92996980215
640,862596.80851232389
641,885548.22788276989
642,840100.66865267954
643,852520.20214488346
644,814805.71587950748
645,861044.16615402966
646,851958.0635559751
647,900899.39042048668
648,910374.84655728401
649,854641.3190084981
650,854426.35300259327
651,888357.07113171264
652,832160.54488178657
653,931360.70244881022
654,865367.78727877547
655,930448.82021136221
656,886353.60833324399
657,884299.16981299152
658,861306.47138310526
659,875834.01007458149
660,899241.15314862493
661,849068.51803200669
662,836914.39987904299
663,886185.89187610068
664,868447.84646935528
665,852127.26959165582
666,824568.15247388335
667,843211.21249755402
668,803910.72306100465
669,874011.99723718537
670,861357.6782490469
671,885828.24425732624
672,910283.63230741571
673,830636.7132001752
674,870776.22346618935
675,879828.24366998614
676,894420.84665377787
677,903377.90161773097
678,864658.78824075288
679,909011.49820044718
680,842174.78384500765
681,782618.24035935162
682,802150.70363874536
683,910040.10034343414
684,790798.61520403565
685,907056.21392511006
686,918841.04903001455
687,844487.6983558326
688,863238.96409291541
689,874315.29334582679
690,871304.28711131285
691,794183.02995564172
692,846235.44242366776
693,868037.93177508225
694,871264.41931340913
695,787275.10743148008
696,870447.55649914732
697,846248.81334084528
698,860701.61191601772
699,914386.34117390844
700,890154.7001909758
701,866543.14864067105
702,880608.40903488721
703,838286.02206655534
704,841295.44927219534
705,844308.41893072485
706,787819.80895918165
707,796259.05330662895
708,843980.51526952919
709,800239.07261599321
710,891108.9705071816
711,836222.52174056519
712,812646.91736842925
713,827399.42442669056
714,874898.42435075133
715,860487.71840068756
716,873105.42195463693
717,854345.55826725322
718,828493.97502632998
719,824864.19353207608
720,906068.77017880906
721,834842.51757104218
722,862883.47455662326
723,859709.72689860396
724,939152.16360781342
725,853158.81617830321
726,815843.15886836324
727,890859.63648749841
728,933481.43996535277
729,832140.18107381708
730,814283.02534874354
731,853356.21234371129
732,807412.68439415563
733,851408.24514913966
734,861526.1911502555
735,914931.28241340246
736,853403.62943626149
737,805151.32132089918
738,860925.41667485831
739,777221.70071645314
740,870732.91385908076
741,810481.92088286986
742,911621.49079011159
743,869411.78024878725
744,820844.29687450419
745,823516.34563869052
746,914522.77952551236
747,863629.64083984029
748,841488.96905051323
749,802159.63953351381
750,846701.00107303984
751,854183.23920183012
752,856761.63436473405
753,820192.7499891537
754,901802.74779754598
755,894447.53906172083
756,813050.10100881441
757,879473.28901765507
758,846147.50388685858
759,811324.75934477081
760,849741.9726336837
761,796313.26185072912
762,810245.46852322377
763,880796.99432063941
764,870892.26505588158
765,834139.3130353929
766,895653.87847754802
767,880138.6795814262
768,862904.27796215995
769,866206.11137444002
770,889845.6624122418
771,840748.31476005015
772,832592.42215567816
773,831580.28452489758
774,900125.83727564733
775,881485.00507025782
776,861145.50038692739
777,866732.41641505226
778,846205.40913225082
779,878562.87109314674
780,924491.6400848187
781,890208.87707845075
782,919836.69790746854
783,839364.08830621198
784,912880.7814608746
785,809380.09201271855
786,825510.75316700654
787,902808.2853268201
788,836082.17288796918
789,876230.7099545073
790,880809.8025729463
791,927189.95275360637
792,857098.32429000514
793,911762.69408545771
794,806900.49303252553
795,901699.06181999983
796,836552.91716095083
797,859583.29894527979
798,827614.0878160717
799,910781.78889795917
800,841588.88996221893
801,824631.42735415336
802,828555.0409275709
803,838922.99417738291
804,876795.57779916492
805,814726.24486084003
806,838460.07239396102
807,828068.26238828234
808,888909.7868757291
809,811471.20155775803
810,902269.02415500651
811,833987.49702332926
812,814275.47026986757
813,773630.52237728157
814,856882.57500259322
815,837998.73656317149
816,938144.59817727352
817,928398.71398451785
818,872729.60544632864
819,833195.62233144534
820,889684.97757273994
821,890082.71814213961
822,865091.36404139025
823,821731.13187021227
824,844582.56115778966
825,835051.07052282372
826,876770.06472704594
827,808210.99222465022
828,866868.02668989042
829,907463.27148016996
830,989718.34777911764
831,831991.20100128558
832,826315.25920411502
833,887930.52617340186
834,853150.76823493792
835,910804.89226198429
836,922249.16374133492
837,884648.76368373411
838,847848.88216006686
839,909214.52113735816
840,841016.88978485973
841,851924.0500558085
842,901553.66354323854
843,873535.62417011603
844,972624.30158224714
845,871275.33434472093
846,855611.59349944303
847,836923.01683286414
848,910746.71396722097
849,842460.22968520329
850,896823.69139460078
851,885876.70466328249
852,819963.84077859495
853,893852.04700466164
854,814422.27927518729
855,877766.22935408307
856,823078.9311234015
857,867121.34602978593
858,831995.18977468635
859,887123.35049300536
860,844195.59448437172
861,833439.58764640521
862,828043.82242271991
863,892937.26396204357
864,901311.47255892109
865,844361.74295976432
866,825810.6991192078
867,905146.97832151409
868,824657.64173890685
869,841122.41016469279
870,827421.67004542949
871,912493.69660063635
872,841479.07952576643
873,865455.29176544806
874,864616.03840920166
875,877757.16794297937
876,818440.31809792435
877,874816.08927561133
878,834782.98892469471
879,849584.37754440564
880,826366.11614850489
881,839358.34838291036
882,887289.40150549274
883,894897.68784465385
884,853058.58626012015
885,892422.28508783202
886,883741.81915376219
887,909957.50091717928
888,789279.33150696754
889,853301.02521669306
890,919252.00437312829
891,823142.78711509518
892,809588.76494231902
893,833373.50222628354
894,847288.95679518941
895,867857.62086532312
896,871245.52795360773
897,874548.3005159134
898,881730.12001075665
899,914641.6234426077
900,869541.1121565745
901,918190.79868884222
902,949933.17328813812
903,850642.36543060956
904,859268.55267049489
905,872979.25724334619
906,837887.34127023851
907,801031.13501138135
908,862442.09185778024
909,850638.07974000787
910,858110.87844822672
911,862962.92888082156
912,868781.55977909802
913,837847.9001292903
914,867978.05585112167
915,814459.06771240011
916,824407.19868000096
917,840882.4815360686
918,783193.49943245423
919,880936.83289873914
920,869708.16139401472
921,819046.08088600019
922,899138.55743702501
923,873776.02565371443
924,853265.88467922132
925,825117.33675369981
926,819805.44061759091
927,924953.18587464595
928,836268.51443879073
929,784882.14761075377
930,890653.45346402633
931,882099.26069543383
932,915781.77404894936
933,798283.74036675179
934,808159.42571250536
935,857864.49064357404
936,863022.54289936984
937,758689.6860647396
938,892084.50397587405
939,844598.47461826936
940,798459.88150310144
941,790356.78510434646
942,835112.16657141445
943,785950.57229384198
944,876221.42887734016
945,788436.27279861341
946,782695.14399485919
947,900890.67755665118
948,896124.51904877578
949,876061.66069504933
950,909543.87065670011
951,784264.55149637035
952,878683.54983087559
953,841424.66719771293
954,851053.60628246237
955,917111.97186305909
956,812913.5944163379
957,881037.01780876587
958,904135.90125450667
959,849303.49170507828
960,829769.72079813702
961,889039.43985273677
962,862868.80557032244
963,805015.50884686236
964,866221.1451031469
965,870367.62856813183
966,850392.86968854337
967,796072.87940387183
968,843594.56230228662
969,852328.70649203006
970,879175.82376584469
971,919663.53149385634
972,823008.77321379806
973,828338.1825667473
974,834157.37228274147
975,872899.73570896138
976,919485.22319317434
977,821348.51336284087
978,798428.05706206185
979,900792.40395722748
980,819541.43120477931
981,892162.87535439874
982,915687.71614408144
983,862440.0359677719
984,923476.35018129821
985,896131.84916336858
986,816955.27108012978
987,795717.20535159216
988,864923.4545998082
989,846377.99184671487
990,893268.10614666669
991,832785.1929004736
992,940229.29967294948
993,830884.83653287811
994,867491.25702075392
995,867143.71955019783
996,833233.03877832671
997,795031.75997553766
998,933253.82129844336
999,892371.23057797085
1000,839871.13929738163
1001,811278.37784818688
1002,873178.02063580661
1003,841621.50198496017
1004,895188.67479467194
1005,870805.8730800437
1006,902779.28700645478
1007,872247.09431715903
1008,874407.95036403672
1009,835494.91432995524
1010,845209.34970622964
1011,871879.71431758069
1012,822361.0020904839
1013,856042.56429309456
1014,893898.14786498318
1015,881829.19401083502
1016,881138.68730685103
1017,841863.27964667883
1018,841073.6601849508
1019,780522.31853293639
1020,902669.25661504595
1021,804539.02842096752
1022,786385.17692858051
1023,885051.67760160158
1024,894309.71323080477
1025,826388.27535430843
1026,921612.11369512137
1027,892936.94537228486
1028,858512.98079877801
1029,865888.81111618492
1030,892138.88917427347
1031,894192.66966483032
1032,842376.04742548265
1033,904049.10894479521
1034,861015.41527698562
1035,853434.73327729234
1036,837562.94594994397
1037,849185.68050305988
1038,854363.29695422365
1039,897495.68314343679
1040,895935.13208409387
1041,830959.42840889597
1042,812625.99657090113
1043,865310.1878949469
1044,828561.17307697143
1045,952264.00289044087
1046,813249.81684536638
1047,825662.86794986913
1048,822200.86136995722
1049,847947.70103453402
1050,793431.79343110207
1051,889096.33092490665
1052,870775.89119808725
1053,876874.5701946842
1054,884772.10703654937
1055,837958.05496322305
1056,811710.4870335646
1057,939023.56251081871
1058,860941.29250943405
1059,826329.39783750533
1060,892201.07031212491
1061,843038.54677719576
1062,819813.05704381585
1063,799598.67806748161
1064,809926.61636862543
1065,900340.26492357731
1066,897996.55908487434
1067,830244.91547563241
1068,842964.56193593296
1069,791249.10285256442
1070,824636.11949563667
1071,925066.70396369859
1072,837263.1441479862
1073,812030.50858318561
1074,872141.71283879282
1075,851264.0168199942
1076,880033.45959882659
1077,770396.29429689539
1078,889336.39772578212
1079,804849.13055499876
1080,870999.73117516132
1081,864671.10288539901
1082,769455.53958919377
1083,799089.29090305022
1084,865610.08571356989
1085,817481.68325221748
1086,812096.06287905737
1087,919116.89240781812
1088,911991.99637224711
1089,830564.02852402208
1090,825513.89225549041
1091,853894.42374469643
1092,879920.5294780538
1093,891018.56465399987
1094,884051.46552687557
1095,795110.19256969402
1096,857250.90402444312
1097,849409.55233537103
1098,886865.23675863643
1099,811128.8053732377
1100,904016.83973063435
1101,891453.72642027889
1102,824193.43934934365
1103,849431.74547849642
1104,835014.8284058806
1105,840492.87527570501
1106,821297.05804113823
1107,853625.55053991918
1108,856227.84402979747
1109,830551.31200616725
1110,867150.27082585136
1111,820142.92680413788
1112,851950.49718763505
1113,907566.38888935104
1114,830843.28034757148
1115,847718.92812404712
1116,854488.45476478885
1117,860340.81092186889
1118,861237.83074561204
1119,862507.73433737282
1120,915242.40812413429
1121,878887.52424823632
1122,848821.89308785612
1123,803291.08490138641
1124,848225.96304449893
1125,908934.23491707759
1126,844589.08341484575
1127,861399.32044797391
1128,862531.09978961444
1129,809424.05280259124
1130,894307.90183947177
1131,835258.28978203028
1132,808587.27890642348
1133,849809.17536583391
1134,807408.61033278727
1135,925193.60200460884
1136,851590.59070226748
1137,914863.0688721016
1138,863304.25493615016
1139,861194.68789656914
1140,855951.24168087787
1141,814496.96160032391
1142,831675.91822640551
1143,857063.14364675386
1144,862702.61279979278
1145,815489.50319171208
1146,887178.07932822581
1147,855742.94889802905
1148,864159.06623966608
1149,808965.08895034716
1150,802177.29402913817
1151,934198.92393036955
1152,843202.37113146891
1153,788066.13389396016
1154,836673.45160846587
1155,858099.02499104431
1156,838330.33031367767
1157,906688.06729374698
1158,865593.90194200817
1159,896138.09948882845
1160,883661.80620792927
1161,878798.4623294
1162,844248.8263490469
1163,842483.74894297682
1164,809692.68635152874
1165,870993.75872800907
1166,857759.73977886164
1167,868632.45006067166
1168,858125.77614103921
1169,843509.15969530877
1170,919835.36723316426
1171,855428.29558227514
1172,879314.10702321108
1173,822166.46628578787
1174,837083.16534418892
1175,834776.99212743656
1176,781896.84463033685
1177,809908.30323803273
1178,789345.80832947767
1179,885580.11927034694
1180,847326.55970408896
1181,906528.8225354444
1182,784003.58417889941
1183,861399.0665001868
1184,839470.85760387965
1185,875835.07178189303
1186,901711.4024318764
1187,873508.63473702117
1188,786449.89093666291
1189,842315.96555527579
1190,849073.96768060606
1191,887703.79905356828
1192,875878.80464866199
1193,874491.28167334117
1194,910149.67358002858
1195,882872.45132569293
1196,801793.37462155265
1197,855171.559580317
1198,800138.95532444178
1199,845413.87851553597
1200,808778.64221753879
1201,806266.80554821377
1202,808190.28363719105
1203,869414.17678077007
1204,857567.42072962283
1205,869250.0311523116
1206,848571.73210968322
1207,917551.44150447042
1208,911732.10854606377
1209,824211.74380472919
1210,787944.30585402821
1211,835331.32909090468
1212,808477.25908341049
1213,820527.55033530144
1214,812786.83121512749
1215,882775.12815476011
1216,873508.83651002054
1217,862320.43286164687
1218,881842.23622074991
1219,886199.08604146936
1220,894925.62559934519
1221,862375.78677338548
1222,841360.40753174981
1223,795360.27217654267
1224,815792.83967372077
1225,864702.04344442277
1226,825574.74364840088
1227,840425.68308163085
1228,811240.52797448565
1229,860373.95590700954
1230,832514.38717358001
1231,878053.00719063892
1232,850400.06864016282
1233,871536.65377213666
1234,835394.73455534771
1235,876197.62842739839
1236,780197.93191207433
1237,861658.3956333407
1238,819137.03351383412
1239,863163.450893512
1240,810219.80421614228
1241,860074.00444301544
1242,923080.34522016521
1243,789446.02344113938
1244,953093.39040757413
1245,838048.30740389321
1246,957448.02720840811
1247,814809.6244993062
1248,847278.71326575836
1249,780698.65069174615
1250,832826.09411563177
1251,827118.09186682163
1252,855670.89607166685
1253,830158.56972206687
1254,810977.5512337269
1255,865809.66232341167
1256,866375.18394063681
1257,847129.03236744576
1258,845723.69562920241
1259,836537.02958590025
1260,831128.1066645158
1261,845584.38248697668
1262,855871.11950200517
1263,867125.25004590955
1264,872971.05079781066
1265,904470.04316983582
1266,850914.82979389699
1267,807491.21087885916
1268,828854.01459130121
1269,838404.62641243963
1270,895629.5279957141
1271,842562.60626824363
1272,869116.6721129074
1273,914078.73570892122
1274,922408.44942640304
1275,876289.06516128965
1276,852058.88203710783
1277,832480.80978081387
1278,808143.71546876885
1279,841511.69927986071
1280,899220.53912082163
1281,822586.23256269889
1282,876627.72725683311
1283,826060.35511167406
1284,897725.21110660897
1285,908649.41787778283
1286,950594.2016952479
1287,838350.94914348552
1288,806008.71892938123
1289,875137.97820159048
1290,891076.60872569878
1291,891239.33370891109
1292,813490.68770271388
1293,782923.21190893673
1294,870069.46639822167
1295,871533.29538842838
1296,842449.94049241929
1297,926973.51557413698
1298,878965.32641803264
1299,814576.72324041254
1300,837137.25479275885
1301,862132.08595038578
1302,880891.42383187462
1303,829648.45471228706
1304,795780.61569163832
1305,856788.11414087121
1306,847422.37017686735
1307,889155.98978613946
1308,922615.49972811784
1309,858149.82723895181
1310,832803.2719122062
1311,823911.8689353962
1312,869427.62196603278
1313,931586.03240748588
1314,826051.02314360056
1315,830616.82483616064
1316,885682.34016055276
1317,841127.43821128085
1318,834841.63321789552
1319,880594.39311454096
1320,839720.95180425525
1321,853879.455616683
1322,852597.65614218556
1323,867589.52730175992
1324,868434.44536902674
1325,806184.42859498248
1326,842656.20195695665
1327,917263.21550741512
1328,859313.7073403364
1329,876470.4292385414
1330,841717.32920178946
1331,818658.26908746548
1332,872632.47570875275
1333,810651.83262551413
1334,814993.08970893174
1335,852842.42993290734
1336,848596.83337161597
1337,834293.69767320051
1338,862949.90728287282
1339,805970.43196951749
1340,821783.00861138734
1341,894221.70700430695
1342,905211.145049321
1343,809353.3450914186
1344,867490.22410342109
1345,932045.90097670234
1346,886712.76708778529
1347,953331.75224836892
1348,828068.11775290442
1349,871688.32637209888
1350,888886.83531686093
1351,861903.53476879175
1352,826596.68166947807
1353,830808.2023210245
1354,833535.93923080491
1355,881878.32504707039
1356,885276.21935104113
1357,857188.80550903489
1358,937279.0006331976
1359,913791.69333433476
1360,848897.22660440532
1361,870084.13303616457
1362,921318.54370264581
1363,875613.68612806732
1364,807052.97360958531
1365,871296.18535344186
1366,831428.44346893241
1367,807182.07863225089
1368,824134.94667103037
1369,817835.39044391597
1370,839000.95206436818
1371,848897.2241177446
1372,860266.94849494263
1373,793553.74933952279
1374,900238.07629861333
1375,861487.63981675683
1376,877085.73409901268
1377,843195.51533139392
1378,857962.6898182173
1379,817115.33654328715
1380,794476.6010321388
1381,829260.53420688584
1382,886993.95053093031
1383,890303.02197527338
1384,860379.81857035251
1385,849060.43340762996
1386,856216.84938028315
1387,837536.56118516705
1388,892046.77595046069
1389,845951.40110294323
1390,904977.05137839285
1391,867334.1091896249
1392,817217.26936748053
1393,868622.54220470751
1394,904351.8068979769
1395,829153.53312582523
1396,849639.62252250768
1397,865503.80426142644
1398,842750.88552792463
1399,815522.24830210814
1400,876525.77568634262
1401,914559.42731361615
1402,876991.63963324705
1403,853510.52423506009
1404,835115.20654455305
1405,839262.77385493345
1406,817106.05024162354
1407,831575.6632693006
1408,825573.36044168787
1409,848775.63584560994
1410,870807.06370865868
1411,851526.21212171402
1412,902971.26726081397
1413,852726.28854863346
1414,906209.25921008794
1415,840461.04900642764
1416,864561.43093968846
1417,886440.19028679945
1418,887167.74313445657
1419,819584.95225568686
1420,831378.1399258147
1421,797907.47783645848
1422,804388.28811338963
1423,922640.42262635997
1424,816411.87293577625
1425,861096.71159549057
1426,857829.89727404667
1427,940493.68773950101
1428,860715.77689206006
1429,863539.08608850068
1430,898563.19591805316
1431,838624.30224439548
1432,942056.40245654481
1433,831425.12920263235
1434,838982.82700339344
1435,898319.17126489419
1436,852496.57755800686
1437,928201.21214503364
1438,883393.90340560058
1439,862128.82862798369
1440,825549.13395066699
1441,893210.83661288233
1442,860724.45629867457
1443,876616.7807765468
1444,873155.12306005356
1445,886446.20426193357
1446,829067.81782660971
1447,818183.00852883805
1448,869141.28510026471
1449,798855.34036881337
1450,794376.79780071334
1451,898995.42311214574
1452,794327.41320393386
1453,802665.43570704991
1454,859473.76080617262
1455,883322.4366180473
1456,820119.50921720278
1457,927419.6291869632
1458,888247.1262938563
1459,882028.3358227883
1460,831538.49914374144
1461,830873.36994814337
1462,869274.20979452261
1463,908568.02367889276
1464,832957.72009682911
1465,814434.69389976363
1466,869089.25677451631
1467,873297.70467442123
1468,851456.59173961787
1469,846129.32563139463
1470,846922.33762968378
1471,910674.72219376499
1472,865181.33150257578
1473,837249.2029919445
1474,880424.91344322055
1475,886321.33518973936
1476,803647.3380706514
1477,843870.36399357358
1478,850778.40384826844
1479,820783.39387655456
1480,846055.72412012029
1481,845966.77630487026
1482,910100.64290771645
1483,831392.62048218388
1484,837210.51823552349
1485,837137.63823228003
1486,869473.07574149652
1487,890088.8529144444
1488,870519.3444047058
1489,755506.56842749193
1490,819779.11361846561
1491,857624.55283074465
1492,908971.64497095416
1493,827072.61986699922
1494,895943.81592540687
1495,887014.13550000836
1496,803096.67928857706
1497,843100.93336021225
1498,851802.57711253071
1499,923843.60033397272
1500,887738.38295157161
1501,885492.96950147545
1502,907045.72832050337
1503,885679.26498051267
1504,875841.46241222345
1505,825248.14585601911
1506,839335.02414625196
1507,884597.67337915697
1508,872040.60025803943
1509,834995.67707208102
1510,913659.67492527526
1511,813081.72754330875
1512,900577.18180515897
1513,836761.3351813514
1514,865809.61145426927
1515,840125.33195548784
1516,814005.81261200539
1517,894989.57592220092
1518,802378.7782827043
1519,886549.62507976906
1520,904596.5898250374
1521,873055.02969105216
1522,794914.29768788221
1523,797959.08555472689
1524,843596.94035110937
1525,869804.92590180167
1526,874331.70015953516
1527,879306.16987770714
1528,859213.40968885471
1529,883240.35219379363
1530,841421.2008785666
1531,798005.450759631
1532,882561.15649321815
1533,832466.87958930503
1534,878748.07026725344
1535,884927.64750819048
1536,868013.77674276324
1537,895662.28409556847
1538,865624.91994416621
1539,828768.71774665336
1540,867483.57978964923
1541,927394.81710915989
1542,828950.25234793872
1543,853959.0255936858
1544,837525.29322762671
1545,816473.52868197486
1546,861353.38134566077
1547,890053.43727597571
1548,892835.20109923708
1549,892332.17608226731
1550,808265.48367684113
1551,867285.25045707321
1552,813476.90295596083
1553,924033.00295591378
1554,833395.9202231589
1555,860596.6559532989
1556,900332.97422716382
1557,905267.54513789678
1558,887624.84014075238
1559,877001.19445092662
1560,852644.39337219368
1561,854715.83628891059
1562,833420.05216629582
1563,915085.89580234617
1564,883475.8946598653
1565,850082.18242853566
1566,787391.54160669411
1567,895824.18016506708
1568,849193.72893510421
1569,841216.94906310784
1570,876410.60162645252
1571,836373.63156350085
1572,884030.95387267461
1573,764874.84848610987
1574,875843.31020849803
1575,869548.33595691586
1576,860404.53489479364
1577,765770.84304671304
1578,820932.59093691327
1579,827714.26238421339
1580,869341.02714152704
1581,882388.22606329096
1582,892158.3963712441
1583,910941.84166070377
1584,887487.70946593885
1585,913622.62341742509
1586,873225.93016416824
1587,915891.97974449967
1588,858426.86767389707
1589,913222.63210356794
1590,905859.03538806841
1591,867265.51680762635
1592,863086.90072854422
1593,902360.19688247133
1594,835000.46561883751
1595,802438.76458312036
1596,889366.37801335182
1597,801745.42825718503
1598,857501.67452389968
1599,883227.60207541927
1600,897724.38487782178
1601,847854.83480238903
1602,920911.14379257197
1603,827988.75537292531
1604,814099.61809239967
1605,859424.85833236983
1606,836816.56618874427
1607,758382.19662131462
1608,817785.48267876706
1609,869119.89039328706
1610,823183.67749259085
1611,847839.37797898846
1612,878807.34711502527
1613,947331.93152595963
1614,804542.38736520172
1615,825075.73695087945
1616,887584.81673549477
1617,873613.43788385298
1618,846343.22107068542
1619,854871.94916297961
1620,830539.89542964438
1621,800914.9459670441
1622,807306.57147761062
1623,910088.05285785021
1624,841689.38089014834
1625,866300.84309077007
1626,860925.44338254503
1627,805004.15267992485
1628,878276.94569976395
1629,808071.72949174279
1630,795851.07023412827
1631,875795.13735136506
1632,876421.5820139735
1633,847368.10281624238
1634,826891.66879233357
1635,937203.44386165403
1636,870786.58529474097
1637,871867.54693521489
1638,918007.01105382934
1639,875245.97826212202
1640,871972.44515302288
1641,865152.3397565909
1642,929631.50139437802
1643,866367.74328879209
1644,842851.08938596118
1645,858503.23760277708
1646,861513.17402296513
1647,879055.52646603261
1648,780262.20456406008
1649,839080.54636482766
1650,858383.45353960979
1651,830467.76950561197
1652,857725.22091773083
1653,872078.352695068
1654,783227.51219600416
1655,895829.42667672923
1656,937595.72139468032
1657,811725.65231317421
1658,874248.12642837071
1659,869598.75256884331
1660,829185.3526942638
1661,854887.37292977015
1662,859985.1985910465
1663,823488.99323673814
1664,841497.76908055251
1665,837213.0567212092
1666,909991.13799077307
1667,825126.80508019205
1668,854172.65778451576
1669,867171.60878520156
1670,823838.15327681939
1671,816291.85528425127
1672,837478.19379720243
1673,832508.26413291425
1674,919258.69590739091
1675,849909.15049339214
1676,846045.17196599348
1677,842419.69234907615
1678,876615.48456082842
1679,879687.20314286044
1680,860983.13833536766
1681,850354.05272621801
1682,808121.30155567976
1683,796029.13679033041
1684,915286.34556630021
1685,872039.08119163744
1686,766219.51621548319
1687,801957.96884656162
1688,834444.76941790583
1689,901302.64129714074
1690,864216.25483083061
1691,831830.84781514655
1692,862578.49227818626
1693,843476.18086253258
1694,762788.20415085193
1695,890133.63684654038
1696,859838.38774493476
1697,834321.02838320017
1698,834097.39292277535
1699,895807.23077799764
1700,939264.42171854188
1701,872505.51380287763
1702,906237.41705733538
1703,874580.71844297845
1704,877895.63985005987
1705,858780.14762655529
1706,796763.67401430535
1707,856004.39689934975
1708,897091.81241276895
1709,853372.1881909786
1710,872430.9735119706
1711,846046.82486218691
1712,882799.19565106451
1713,831654.76460316009
1714,868115.54047211132
1715,882965.27538160549
1716,902517.35817208746
1717,918189.30226233206
1718,844851.48847851192
1719,870460.41685798194
1720,830487.31026551907
1721,842613.2445117163
1722,874137.01618432195
1723,825124.40435579966
1724,854711.56747508131
1725,888696.63586957217
1726,806373.26897417696
1727,818969.90571695589
1728,906105.99701559346
1729,924694.16822494019
1730,893995.4206852793
1731,873460.76346170297
1732,837843.7194848439
1733,907325.65866579174
1734,887910.71279599669
1735,868897.21874616388
1736,843396.7961036826
1737,856867.37709337799
1738,864452.48964846449
1739,872908.31803745322
1740,881926.0162516915
1741,858528.07673695777
1742,835081.41248996486
1743,901785.79628862126
1744,855652.89370768296
1745,876541.01185296371
1746,847120.41408970044
1747,855695.28632937663
1748,905611.03031665145
1749,885669.58375238243
1750,877995.02158875531
1751,819568.42270176322
1752,876488.9401450411
1753,806038.54259656137
1754,868565.65289395268
1755,842395.57733132003
1756,843839.73151601013
1757,866519.65652194771
1758,945621.68935296522
1759,921470.95889510296
1760,794912.86372933665
1761,845952.22115473635
1762,803918.01000761846
1763,919010.81494003965
1764,842789.23509873729
1765,860585.42169744195
1766,839109.5891032354
1767,869779.02488160436
1768,863357.1201069724
1769,869626.66146704135
1770,876379.71606186719
1771,897148.68047793373
1772,865056.31768176856
1773,823682.30358946044
1774,858653.69256704906
1775,854177.54679769371
1776,902046.23825386865
1777,844332.0681585914
1778,863313.78593577037
1779,861254.64375030901
1780,842720.09218802291
1781,860730.02950352698
1782,857745.11422235332
1783,846022.45864340046
1784,852314.36831847415
1785,854121.78120635753
1786,895108.78961862926
1787,877977.42351873883
1788,925152.95627506997
1789,897137.66740364057
1790,773783.42158853437
1791,824940.58885619789
1792,926606.95504562813
1793,857555.62526717409
1794,844276.8819666974
1795,777808.07209771336
1796,839695.03891818132
1797,860765.04723302135
1798,852755.29457873909
1799,894067.60508510645
1800,896513.14249569038
1801,877227.33369868377
1802,880810.85209446214
1803,864316.41274789604
1804,953362.9430074736
1805,831575.44744202192
1806,817961.40191317885
1807,865019.4070838812
1808,840585.71151125198
1809,864181.35131580825
1810,840936.40271719662
1811,882383.34778121999
1812,901885.18242905498
1813,886045.97485776583
1814,854847.97580126778
1815,883508.90701513935
1816,863329.90653461602
1817,867207.73519773653
1818,788082.81175259314
1819,826000.84440067364
1820,831673.17181439942
1821,865003.56639571965
1822,843922.57052050799
1823,890436.73118983698
1824,863949.48234667676
1825,814478.610628544
1826,814368.98692776472
1827,799715.08525514824
1828,891063.62168751191
1829,827554.18280285003
1830,863094.32259960601
1831,825938.81971390801
1832,841617.34487610636
1833,868653.52341885422
1834,854363.6796240157
1835,873504.23347035213
1836,840853.91896989697
1837,867015.39311601699
1838,843479.93363446463
1839,857650.08171772538
1840,869122.85681193857
1841,865514.51118208002
1842,869777.10267363943
1843,813841.84155584325
1844,837768.44212271518
1845,816245.1201523738
1846,834440.46114086127
1847,840008.58402317448
1848,802181.39912374131
1849,836302.12619207043
1850,890582.75572237419
1851,891970.0988226214
1852,908020.73237051
1853,769585.56219289929
1854,866319.29869453318
1855,837429.63209767244
1856,835752.64754753094
1857,927018.59783098311
1858,865984.04895830166
1859,877470.31252962921
1860,848198.51859313622
1861,855539.74716441671
1862,834905.96008745895
1863,811935.18989084847
1864,857793.16911104566
1865,810195.74579523993
1866,814068.14499436272
1867,851374.94918180467
1868,865431.51430082251
1869,877891.32792181592
1870,884382.41799459991
1871,844263.98494914698
1872,875459.42784211587
1873,820769.32201620797
1874,855484.06063555984
1875,791945.67327708355
1876,813373.60265809903
1877,851860.21005335439
1878,882943.84482539026
1879,961979.40752598748
1880,883682.3164806175
1881,840599.01517397433
1882,799254.90060676332
1883,848398.73319698358
1884,864113.98917242081
1885,868670.55283830746
1886,892188.99451891263
1887,809800.27236595156
1888,860053.26130224438
1889,825093.63040698471
1890,862315.2848095306
1891,804542.02269049198
1892,909587.32634154218
1893,845942.76560032053
1894,893859.24632646644
1895,900889.9824095997
1896,821591.08721334103
1897,875813.10775904974
1898,909159.93846481584
1899,846003.71837981651
1900,836335.16884625889
1901,863501.33129966806
1902,881204.70171131112
1903,810786.92492422578
1904,872240.75659565651
1905,864979.22385019378
1906,855678.90502089262
1907,853986.69407080149
1908,822688.76791009598
1909,821388.34392106161
1910,891357.53154328524
1911,916938.50581444649
1912,863253.86904427619
1913,857412.63502756215
1914,878673.09261364304
1915,897168.31143784884
1916,870703.18771473202
1917,822625.85991083889
1918,900849.19797913812
1919,863552.12378038687
1920,895854.98272774415
1921,856198.51669802458
1922,756119.81685520778
1923,818131.12089486478
1924,802947.39699497644
1925,867190.38963616814
1926,881178.28148174216
1927,879998.00071933807
1928,858732.68483341509
1929,869328.58845781418
1930,871825.88843561069
1931,865132.84980963659
1932,891453.08882088028
1933,889104.99706764135
1934,833046.0829891843
1935,845427.17672053131
1936,869827.02002450707
1937,830742.16927809187
1938,877797.07386414893
1939,913143.15250169137
1940,825386.56534404866
1941,801769.02054696425
1942,893409.05251159205
1943,884776.2443493671
1944,856476.41481754347
1945,837349.10916911869
1946,906706.73315544729
1947,876970.51781078777
1948,884474.21025131503
1949,837314.94871349353
1950,890803.18143717549
1951,814423.75053606567
1952,903671.39331059903
1953,789735.46003296331
1954,804654.38922123052
1955,885454.84991107148
1956,817260.34317262273
1957,816144.51093261561
1958,867458.48897027457
1959,878449.42509789974
1960,839544.5323626399
1961,816431.9981719919
1962,831591.79238426359
1963,811121.21513339435
1964,845794.48084586265
1965,852989.98290276632
1966,890076.50319851027
1967,888514.34182104887
1968,866133.93749659567
1969,818485.98992271314
1970,907169.77711517387
1971,865187.89928935352
1972,903485.27504282387
1973,794900.36692273221
1974,860913.65150035394
1975,932011.91850906482
1976,848532.39391989447
1977,850522.56552554748
1978,770139.29357719573
1979,910804.04977659567
1980,880701.45612696128
1981,843260.03345777025
1982,775956.84555781877
1983,844516.79925688752
1984,825536.91953335446
1985,890261.61193453381
1986,832490.0067210556
1987,806071.41327469784
1988,906330.01795609295
1989,901433.4767511799
1990,853775.92713142792
1991,857338.44719193433
1992,838984.71627839247
1993,912901.27058283344
1994,914338.06684807979
1995,801451.50940850098
1996,837204.68861456728
1997,808894.85978902935
1998,856728.43853999721
1999,862749.60433322378
2000,868193.88561558968
