orbit_key,track,frame,mode,product_name,start_datetime,end_datetime,repeat_cycle,orbit_state,feature_index,polygon_name,kml_url,output_kml
SCS_T006_F289,T006,F289,SCS,BIO_S1_SCS__1S_20260228T095234_20260228T095255_T_G01_M02_C07_T006_F289_01_DNK4YR,2026-02-28T09:52:34.696Z,2026-02-28T09:52:55.103Z,7,ASCENDING,0,feature_0_part_1,https://catalog.maap.eo.esa.int/data/biomass-pdgs-01/BiomassLevel1a/2026/02/28/BIO_S1_SCS__1S_20260228T095234_20260228T095255_T_G01_M02_C07_T006_F289_01_DNK4YR/BIO_S1_SCS__1S_20260228T095234_20260228T095255_T_G01_M02_C07_T006_F289_01_DNK4YR/preview/bio_s1_scs__1s_20260228t095234_20260228t095255_t_g01_m02_c07_t006_f289_map.kml,C:\Users\jales\Documents\GitHub\thesis_code\datasets\biomass_orbits\SCS_T006_F289.kml
SCS_T006_F290,T006,F290,SCS,BIO_S3_SCS__1S_20260330T095314_20260330T095334_T_G01_M02_C03_T006_F290_01_DP3OYR,2026-03-30T09:53:14.013Z,2026-03-30T09:53:34.418Z,3,ASCENDING,0,feature_0_part_1,https://catalog.maap.eo.esa.int/data/biomass-pdgs-01/BiomassLevel1a/2026/03/30/BIO_S3_SCS__1S_20260330T095314_20260330T095334_T_G01_M02_C03_T006_F290_01_DP3OYR/BIO_S3_SCS__1S_20260330T095314_20260330T095334_T_G01_M02_C03_T006_F290_01_DP3OYR/preview/bio_s3_scs__1s_20260330t095314_20260330t095334_t_g01_m02_c03_t006_f290_map.kml,C:\Users\jales\Documents\GitHub\thesis_code\datasets\biomass_orbits\SCS_T006_F290.kml
SCS_T006_F291,T006,F291,SCS,BIO_S3_SCS__1S_20260330T095333_20260330T095353_T_G01_M02_C03_T006_F291_01_DP3OEA,2026-03-30T09:53:33.031Z,2026-03-30T09:53:53.436Z,3,ASCENDING,0,feature_0_part_1,https://catalog.maap.eo.esa.int/data/biomass-pdgs-01/BiomassLevel1a/2026/03/30/BIO_S3_SCS__1S_20260330T095333_20260330T095353_T_G01_M02_C03_T006_F291_01_DP3OEA/BIO_S3_SCS__1S_20260330T095333_20260330T095353_T_G01_M02_C03_T006_F291_01_DP3OEA/preview/bio_s3_scs__1s_20260330t095333_20260330t095353_t_g01_m02_c03_t006_f291_map.kml,C:\Users\jales\Documents\GitHub\thesis_code\datasets\biomass_orbits\SCS_T006_F291.kml
SCS_T006_F292,T006,F292,SCS,BIO_S3_SCS__1S_20260330T095352_20260330T095412_T_G01_M02_C03_T006_F292_01_DP3OMT,2026-03-30T09:53:52.053Z,2026-03-30T09:54:12.456Z,3,ASCENDING,0,feature_0_part_1,https://catalog.maap.eo.esa.int/data/biomass-pdgs-01/BiomassLevel1a/2026/03/30/BIO_S3_SCS__1S_20260330T095352_20260330T095412_T_G01_M02_C03_T006_F292_01_DP3OMT/BIO_S3_SCS__1S_20260330T095352_20260330T095412_T_G01_M02_C03_T006_F292_01_DP3OMT/preview/bio_s3_scs__1s_20260330t095352_20260330t095412_t_g01_m02_c03_t006_f292_map.kml,C:\Users\jales\Documents\GitHub\thesis_code\datasets\biomass_orbits\SCS_T006_F292.kml
SCS_T006_F293,T006,F293,SCS,BIO_S3_SCS__1S_20260330T095411_20260330T095431_T_G01_M02_C03_T006_F293_01_DP3OL3,2026-03-30T09:54:11.072Z,2026-03-30T09:54:31.474Z,3,ASCENDING,0,feature_0_part_1,https://catalog.maap.eo.esa.int/data/biomass-pdgs-01/BiomassLevel1a/2026/03/30/BIO_S3_SCS__1S_20260330T095411_20260330T095431_T_G01_M02_C03_T006_F293_01_DP3OL3/BIO_S3_SCS__1S_20260330T095411_20260330T095431_T_G01_M02_C03_T006_F293_01_DP3OL3/preview/bio_s3_scs__1s_20260330t095411_20260330t095431_t_g01_m02_c03_t006_f293_map.kml,C:\Users\jales\Documents\GitHub\thesis_code\datasets\biomass_orbits\SCS_T006_F293.kml
SCS_T006_F294,T006,F294,SCS,BIO_S3_SCS__1S_20260330T095430_20260330T095450_T_G01_M02_C03_T006_F294_01_DP3O7S,2026-03-30T09:54:30.089Z,2026-03-30T09:54:50.491Z,3,ASCENDING,0,feature_0_part_1,https://catalog.maap.eo.esa.int/data/biomass-pdgs-01/BiomassLevel1a/2026/03/30/BIO_S3_SCS__1S_20260330T095430_20260330T095450_T_G01_M02_C03_T006_F294_01_DP3O7S/BIO_S3_SCS__1S_20260330T095430_20260330T095450_T_G01_M02_C03_T006_F294_01_DP3O7S/preview/bio_s3_scs__1s_20260330t095430_20260330t095450_t_g01_m02_c03_t006_f294_map.kml,C:\Users\jales\Documents\GitHub\thesis_code\datasets\biomass_orbits\SCS_T006_F294.kml
SCS_T006_F295,T006,F295,SCS,BIO_S3_SCS__1S_20260330T095449_20260330T095509_T_G01_M02_C03_T006_F295_01_DP3OAD,2026-03-30T09:54:49.106Z,2026-03-30T09:55:09.506Z,3,ASCENDING,0,feature_0_part_1,https://catalog.maap.eo.esa.int/data/biomass-pdgs-01/BiomassLevel1a/2026/03/30/BIO_S3_SCS__1S_20260330T095449_20260330T095509_T_G01_M02_C03_T006_F295_01_DP3OAD/BIO_S3_SCS__1S_20260330T095449_20260330T095509_T_G01_M02_C03_T006_F295_01_DP3OAD/preview/bio_s3_scs__1s_20260330t095449_20260330t095509_t_g01_m02_c03_t006_f295_map.kml,C:\Users\jales\Documents\GitHub\thesis_code\datasets\biomass_orbits\SCS_T006_F295.kml
SCS_T006_F296,T006,F296,SCS,BIO_S3_SCS__1S_20260330T095508_20260330T095528_T_G01_M02_C03_T006_F296_01_DP3O9S,2026-03-30T09:55:08.121Z,2026-03-30T09:55:28.521Z,3,ASCENDING,0,feature_0_part_1,https://catalog.maap.eo.esa.int/data/biomass-pdgs-01/BiomassLevel1a/2026/03/30/BIO_S3_SCS__1S_20260330T095508_20260330T095528_T_G01_M02_C03_T006_F296_01_DP3O9S/BIO_S3_SCS__1S_20260330T095508_20260330T095528_T_G01_M02_C03_T006_F296_01_DP3O9S/preview/bio_s3_scs__1s_20260330t095508_20260330t095528_t_g01_m02_c03_t006_f296_map.kml,C:\Users\jales\Documents\GitHub\thesis_code\datasets\biomass_orbits\SCS_T006_F296.kml
SCS_T006_F297,T006,F297,SCS,BIO_S3_SCS__1S_20260330T095527_20260330T095547_T_G01_M02_C03_T006_F297_01_DP3OCH,2026-03-30T09:55:27.136Z,2026-03-30T09:55:47.535Z,3,ASCENDING,0,feature_0_part_1,https://catalog.maap.eo.esa.int/data/biomass-pdgs-01/BiomassLevel1a/2026/03/30/BIO_S3_SCS__1S_20260330T095527_20260330T095547_T_G01_M02_C03_T006_F297_01_DP3OCH/BIO_S3_SCS__1S_20260330T095527_20260330T095547_T_G01_M02_C03_T006_F297_01_DP3OCH/preview/bio_s3_scs__1s_20260330t095527_20260330t095547_t_g01_m02_c03_t006_f297_map.kml,C:\Users\jales\Documents\GitHub\thesis_code\datasets\biomass_orbits\SCS_T006_F297.kml
SCS_T006_F298,T006,F298,SCS,BIO_S3_SCS__1S_20260330T095546_20260330T095606_T_G01_M02_C03_T006_F298_01_DP3O5X,2026-03-30T09:55:46.150Z,2026-03-30T09:56:06.547Z,3,ASCENDING,0,feature_0_part_1,https://catalog.maap.eo.esa.int/data/biomass-pdgs-01/BiomassLevel1a/2026/03/30/BIO_S3_SCS__1S_20260330T095546_20260330T095606_T_G01_M02_C03_T006_F298_01_DP3O5X/BIO_S3_SCS__1S_20260330T095546_20260330T095606_T_G01_M02_C03_T006_F298_01_DP3O5X/preview/bio_s3_scs__1s_20260330t095546_20260330t095606_t_g01_m02_c03_t006_f298_map.kml,C:\Users\jales\Documents\GitHub\thesis_code\datasets\biomass_orbits\SCS_T006_F298.kml
SCS_T006_F299,T006,F299,SCS,BIO_S3_SCS__1S_20260330T095605_20260330T095625_T_G01_M02_C03_T006_F299_01_DP3O6Q,2026-03-30T09:56:05.163Z,2026-03-30T09:56:25.560Z,3,ASCENDING,0,feature_0_part_1,https://catalog.maap.eo.esa.int/data/biomass-pdgs-01/BiomassLevel1a/2026/03/30/BIO_S3_SCS__1S_20260330T095605_20260330T095625_T_G01_M02_C03_T006_F299_01_DP3O6Q/BIO_S3_SCS__1S_20260330T095605_20260330T095625_T_G01_M02_C03_T006_F299_01_DP3O6Q/preview/bio_s3_scs__1s_20260330t095605_20260330t095625_t_g01_m02_c03_t006_f299_map.kml,C:\Users\jales\Documents\GitHub\thesis_code\datasets\biomass_orbits\SCS_T006_F299.kml
SCS_T006_F300,T006,F300,SCS,BIO_S3_SCS__1S_20260330T095624_20260330T095644_T_G01_M02_C03_T006_F300_01_DP3O8M,2026-03-30T09:56:24.174Z,2026-03-30T09:56:44.570Z,3,ASCENDING,0,feature_0_part_1,https://catalog.maap.eo.esa.int/data/biomass-pdgs-01/BiomassLevel1a/2026/03/30/BIO_S3_SCS__1S_20260330T095624_20260330T095644_T_G01_M02_C03_T006_F300_01_DP3O8M/BIO_S3_SCS__1S_20260330T095624_20260330T095644_T_G01_M02_C03_T006_F300_01_DP3O8M/preview/bio_s3_scs__1s_20260330t095624_20260330t095644_t_g01_m02_c03_t006_f300_map.kml,C:\Users\jales\Documents\GitHub\thesis_code\datasets\biomass_orbits\SCS_T006_F300.kml
SCS_T006_F301,T006,F301,SCS,BIO_S2_SCS__1S_20260321T095637_20260321T095657_T_G01_M02_C07_T006_F301_01_DOMY5S,2026-03-21T09:56:37.177Z,2026-03-21T09:56:57.570Z,7,ASCENDING,0,feature_0_part_1,https://catalog.maap.eo.esa.int/data/biomass-pdgs-01/BiomassLevel1a/2026/03/21/BIO_S2_SCS__1S_20260321T095637_20260321T095657_T_G01_M02_C07_T006_F301_01_DOMY5S/BIO_S2_SCS__1S_20260321T095637_20260321T095657_T_G01_M02_C07_T006_F301_01_DOMY5S/preview/bio_s2_scs__1s_20260321t095637_20260321t095657_t_g01_m02_c07_t006_f301_map.kml,C:\Users\jales\Documents\GitHub\thesis_code\datasets\biomass_orbits\SCS_T006_F301.kml
SCS_T006_F302,T006,F302,SCS,BIO_S2_SCS__1S_20260321T095656_20260321T095716_T_G01_M02_C07_T006_F302_01_DOMYMH,2026-03-21T09:56:56.187Z,2026-03-21T09:57:16.581Z,7,ASCENDING,0,feature_0_part_1,https://catalog.maap.eo.esa.int/data/biomass-pdgs-01/BiomassLevel1a/2026/03/21/BIO_S2_SCS__1S_20260321T095656_20260321T095716_T_G01_M02_C07_T006_F302_01_DOMYMH/BIO_S2_SCS__1S_20260321T095656_20260321T095716_T_G01_M02_C07_T006_F302_01_DOMYMH/preview/bio_s2_scs__1s_20260321t095656_20260321t095716_t_g01_m02_c07_t006_f302_map.kml,C:\Users\jales\Documents\GitHub\thesis_code\datasets\biomass_orbits\SCS_T006_F302.kml
SCS_T006_F303,T006,F303,SCS,BIO_S1_SCS__1S_20260228T095700_20260228T095721_T_G01_M02_C07_T006_F303_01_DNK539,2026-02-28T09:57:00.905Z,2026-02-28T09:57:21.298Z,7,ASCENDING,0,feature_0_part_1,https://catalog.maap.eo.esa.int/data/biomass-pdgs-01/BiomassLevel1a/2026/02/28/BIO_S1_SCS__1S_20260228T095700_20260228T095721_T_G01_M02_C07_T006_F303_01_DNK539/BIO_S1_SCS__1S_20260228T095700_20260228T095721_T_G01_M02_C07_T006_F303_01_DNK539/preview/bio_s1_scs__1s_20260228t095700_20260228t095721_t_g01_m02_c07_t006_f303_map.kml,C:\Users\jales\Documents\GitHub\thesis_code\datasets\biomass_orbits\SCS_T006_F303.kml
SCS_T006_F304,T006,F304,SCS,BIO_S1_SCS__1S_20260228T095719_20260228T095740_T_G01_M02_C07_T006_F304_01_DNK5AC,2026-02-28T09:57:19.913Z,2026-02-28T09:57:40.304Z,7,ASCENDING,0,feature_0_part_1,https://catalog.maap.eo.esa.int/data/biomass-pdgs-01/BiomassLevel1a/2026/02/28/BIO_S1_SCS__1S_20260228T095719_20260228T095740_T_G01_M02_C07_T006_F304_01_DNK5AC/BIO_S1_SCS__1S_20260228T095719_20260228T095740_T_G01_M02_C07_T006_F304_01_DNK5AC/preview/bio_s1_scs__1s_20260228t095719_20260228t095740_t_g01_m02_c07_t006_f304_map.kml,C:\Users\jales\Documents\GitHub\thesis_code\datasets\biomass_orbits\SCS_T006_F304.kml
SCS_T006_F305,T006,F305,SCS,BIO_S3_SCS__1S_20260129T095324_20260129T095345_T_G01_M01_C10_T006_F305_01_DM0IJ1,2026-01-29T09:53:24.499Z,2026-01-29T09:53:45.283Z,10,ASCENDING,0,feature_0_part_1,https://catalog.maap.eo.esa.int/data/biomass-pdgs-01/BiomassLevel1a/2026/01/29/BIO_S3_SCS__1S_20260129T095324_20260129T095345_T_G01_M01_C10_T006_F305_01_DM0IJ1/BIO_S3_SCS__1S_20260129T095324_20260129T095345_T_G01_M01_C10_T006_F305_01_DM0IJ1/preview/bio_s3_scs__1s_20260129t095324_20260129t095345_t_g01_m01_c10_t006_f305_map.kml,C:\Users\jales\Documents\GitHub\thesis_code\datasets\biomass_orbits\SCS_T006_F305.kml
SCS_T006_F306,T006,F306,SCS,BIO_S1_SCS__1S_20251130T095308_20251130T095329_T_G01_M01_C04_T006_F306_01_DKPHYP,2025-11-30T09:53:08.791Z,2025-11-30T09:53:29.573Z,4,ASCENDING,0,feature_0_part_1,https://catalog.maap.eo.esa.int/data/biomass-pdgs-01/BiomassLevel1a/2025/11/30/BIO_S1_SCS__1S_20251130T095308_20251130T095329_T_G01_M01_C04_T006_F306_01_DKPHYP/BIO_S1_SCS__1S_20251130T095308_20251130T095329_T_G01_M01_C04_T006_F306_01_DKPHYP/preview/bio_s1_scs__1s_20251130t095308_20251130t095329_t_g01_m01_c04_t006_f306_map.kml,C:\Users\jales\Documents\GitHub\thesis_code\datasets\biomass_orbits\SCS_T006_F306.kml
SCS_T006_F307,T006,F307,SCS,BIO_S2_SCS__1S_20251230T095344_20251230T095405_T_G01_M01_C07_T006_F307_01_DKGTWY,2025-12-30T09:53:44.908Z,2025-12-30T09:54:05.689Z,7,ASCENDING,0,feature_0_part_1,https://catalog.maap.eo.esa.int/data/biomass-pdgs-01/BiomassLevel1a/2025/12/30/BIO_S2_SCS__1S_20251230T095344_20251230T095405_T_G01_M01_C07_T006_F307_01_DKGTWY/BIO_S2_SCS__1S_20251230T095344_20251230T095405_T_G01_M01_C07_T006_F307_01_DKGTWY/preview/bio_s2_scs__1s_20251230t095344_20251230t095405_t_g01_m01_c07_t006_f307_map.kml,C:\Users\jales\Documents\GitHub\thesis_code\datasets\biomass_orbits\SCS_T006_F307.kml
SCS_T006_F308,T006,F308,SCS,BIO_S1_SCS__1S_20251130T095346_20251130T095407_T_G01_M01_C04_T006_F308_01_DKPHYW,2025-11-30T09:53:46.799Z,2025-11-30T09:54:07.579Z,4,ASCENDING,0,feature_0_part_1,https://catalog.maap.eo.esa.int/data/biomass-pdgs-01/BiomassLevel1a/2025/11/30/BIO_S1_SCS__1S_20251130T095346_20251130T095407_T_G01_M01_C04_T006_F308_01_DKPHYW/BIO_S1_SCS__1S_20251130T095346_20251130T095407_T_G01_M01_C04_T006_F308_01_DKPHYW/preview/bio_s1_scs__1s_20251130t095346_20251130t095407_t_g01_m01_c04_t006_f308_map.kml,C:\Users\jales\Documents\GitHub\thesis_code\datasets\biomass_orbits\SCS_T006_F308.kml
SCS_T006_F309,T006,F309,SCS,BIO_S1_SCS__1S_20251130T095405_20251130T095426_T_G01_M01_C04_T006_F309_01_DKPHYE,2025-11-30T09:54:05.798Z,2025-11-30T09:54:26.577Z,4,ASCENDING,0,feature_0_part_1,https://catalog.maap.eo.esa.int/data/biomass-pdgs-01/BiomassLevel1a/2025/11/30/BIO_S1_SCS__1S_20251130T095405_20251130T095426_T_G01_M01_C04_T006_F309_01_DKPHYE/BIO_S1_SCS__1S_20251130T095405_20251130T095426_T_G01_M01_C04_T006_F309_01_DKPHYE/preview/bio_s1_scs__1s_20251130t095405_20251130t095426_t_g01_m01_c04_t006_f309_map.kml,C:\Users\jales\Documents\GitHub\thesis_code\datasets\biomass_orbits\SCS_T006_F309.kml
SCS_T013_F172,T013,F172,SCS,BIO_S1_SCS__1S_20260228T204243_20260228T204304_T_G01_M02_C07_T013_F172_01_DNL0MM,2026-02-28T20:42:43.760Z,2026-02-28T20:43:04.161Z,7,DESCENDING,0,feature_0_part_1,https://catalog.maap.eo.esa.int/data/biomass-pdgs-01/BiomassLevel1a/2026/02/28/BIO_S1_SCS__1S_20260228T204243_20260228T204304_T_G01_M02_C07_T013_F172_01_DNL0MM/BIO_S1_SCS__1S_20260228T204243_20260228T204304_T_G01_M02_C07_T013_F172_01_DNL0MM/preview/bio_s1_scs__1s_20260228t204243_20260228t204304_t_g01_m02_c07_t013_f172_map.kml,C:\Users\jales\Documents\GitHub\thesis_code\datasets\biomass_orbits\SCS_T013_F172.kml
SCS_T013_F173,T013,F173,SCS,BIO_S1_SCS__1S_20260228T204302_20260228T204323_T_G01_M02_C07_T013_F173_01_DNL0MF,2026-02-28T20:43:02.775Z,2026-02-28T20:43:23.176Z,7,DESCENDING,0,feature_0_part_1,https://catalog.maap.eo.esa.int/data/biomass-pdgs-01/BiomassLevel1a/2026/02/28/BIO_S1_SCS__1S_20260228T204302_20260228T204323_T_G01_M02_C07_T013_F173_01_DNL0MF/BIO_S1_SCS__1S_20260228T204302_20260228T204323_T_G01_M02_C07_T013_F173_01_DNL0MF/preview/bio_s1_scs__1s_20260228t204302_20260228t204323_t_g01_m02_c07_t013_f173_map.kml,C:\Users\jales\Documents\GitHub\thesis_code\datasets\biomass_orbits\SCS_T013_F173.kml
SCS_T013_F174,T013,F174,SCS,BIO_S2_SCS__1S_20260321T204336_20260321T204353_T_G01_M02_C07_T013_F174_01_DONY11,2026-03-21T20:43:36.155Z,2026-03-21T20:43:53.636Z,7,DESCENDING,0,feature_0_part_1,https://catalog.maap.eo.esa.int/data/biomass-pdgs-01/BiomassLevel1a/2026/03/21/BIO_S2_SCS__1S_20260321T204336_20260321T204353_T_G01_M02_C07_T013_F174_01_DONY11/BIO_S2_SCS__1S_20260321T204336_20260321T204353_T_G01_M02_C07_T013_F174_01_DONY11/preview/bio_s2_scs__1s_20260321t204336_20260321t204353_t_g01_m02_c07_t013_f174_map.kml,C:\Users\jales\Documents\GitHub\thesis_code\datasets\biomass_orbits\SCS_T013_F174.kml
SCS_T014_F157,T014,F157,SCS,BIO_S3_SCS__1S_20260129T221155_20260129T221215_T_G01_M01_C10_T014_F157_01_DM1J2I,2026-01-29T22:11:55.062Z,2026-01-29T22:12:15.840Z,10,DESCENDING,0,feature_0_part_1,https://catalog.maap.eo.esa.int/data/biomass-pdgs-01/BiomassLevel1a/2026/01/29/BIO_S3_SCS__1S_20260129T221155_20260129T221215_T_G01_M01_C10_T014_F157_01_DM1J2I/BIO_S3_SCS__1S_20260129T221155_20260129T221215_T_G01_M01_C10_T014_F157_01_DM1J2I/preview/bio_s3_scs__1s_20260129t221155_20260129t221215_t_g01_m01_c10_t014_f157_map.kml,C:\Users\jales\Documents\GitHub\thesis_code\datasets\biomass_orbits\SCS_T014_F157.kml
SCS_T014_F158,T014,F158,SCS,BIO_S3_SCS__1S_20260129T221214_20260129T221234_T_G01_M01_C10_T014_F158_01_DM1J02,2026-01-29T22:12:14.063Z,2026-01-29T22:12:34.842Z,10,DESCENDING,0,feature_0_part_1,https://catalog.maap.eo.esa.int/data/biomass-pdgs-01/BiomassLevel1a/2026/01/29/BIO_S3_SCS__1S_20260129T221214_20260129T221234_T_G01_M01_C10_T014_F158_01_DM1J02/BIO_S3_SCS__1S_20260129T221214_20260129T221234_T_G01_M01_C10_T014_F158_01_DM1J02/preview/bio_s3_scs__1s_20260129t221214_20260129t221234_t_g01_m01_c10_t014_f158_map.kml,C:\Users\jales\Documents\GitHub\thesis_code\datasets\biomass_orbits\SCS_T014_F158.kml
SCS_T014_F159,T014,F159,SCS,BIO_S3_SCS__1S_20260129T221233_20260129T221253_T_G01_M01_C10_T014_F159_01_DM1J66,2026-01-29T22:12:33.066Z,2026-01-29T22:12:53.846Z,10,DESCENDING,0,feature_0_part_1,https://catalog.maap.eo.esa.int/data/biomass-pdgs-01/BiomassLevel1a/2026/01/29/BIO_S3_SCS__1S_20260129T221233_20260129T221253_T_G01_M01_C10_T014_F159_01_DM1J66/BIO_S3_SCS__1S_20260129T221233_20260129T221253_T_G01_M01_C10_T014_F159_01_DM1J66/preview/bio_s3_scs__1s_20260129t221233_20260129t221253_t_g01_m01_c10_t014_f159_map.kml,C:\Users\jales\Documents\GitHub\thesis_code\datasets\biomass_orbits\SCS_T014_F159.kml
SCS_T014_F160,T014,F160,SCS,BIO_S3_SCS__1S_20260129T221252_20260129T221312_T_G01_M01_C10_T014_F160_01_DM1J2C,2026-01-29T22:12:52.068Z,2026-01-29T22:13:12.850Z,10,DESCENDING,0,feature_0_part_1,https://catalog.maap.eo.esa.int/data/biomass-pdgs-01/BiomassLevel1a/2026/01/29/BIO_S3_SCS__1S_20260129T221252_20260129T221312_T_G01_M01_C10_T014_F160_01_DM1J2C/BIO_S3_SCS__1S_20260129T221252_20260129T221312_T_G01_M01_C10_T014_F160_01_DM1J2C/preview/bio_s3_scs__1s_20260129t221252_20260129t221312_t_g01_m01_c10_t014_f160_map.kml,C:\Users\jales\Documents\GitHub\thesis_code\datasets\biomass_orbits\SCS_T014_F160.kml
SCS_T014_F161,T014,F161,SCS,BIO_S3_SCS__1S_20260129T221311_20260129T221331_T_G01_M01_C10_T014_F161_01_DM1JZI,2026-01-29T22:13:11.072Z,2026-01-29T22:13:31.854Z,10,DESCENDING,0,feature_0_part_1,https://catalog.maap.eo.esa.int/data/biomass-pdgs-01/BiomassLevel1a/2026/01/29/BIO_S3_SCS__1S_20260129T221311_20260129T221331_T_G01_M01_C10_T014_F161_01_DM1JZI/BIO_S3_SCS__1S_20260129T221311_20260129T221331_T_G01_M01_C10_T014_F161_01_DM1JZI/preview/bio_s3_scs__1s_20260129t221311_20260129t221331_t_g01_m01_c10_t014_f161_map.kml,C:\Users\jales\Documents\GitHub\thesis_code\datasets\biomass_orbits\SCS_T014_F161.kml
SCS_T020_F291,T020,F291,SCS,BIO_S3_SCS__1S_20260331T084815_20260331T084826_T_G01_M02_C03_T020_F291_01_DP5EW0,2026-03-31T08:48:15.244Z,2026-03-31T08:48:26.711Z,3,ASCENDING,0,feature_0_part_1,https://catalog.maap.eo.esa.int/data/biomass-pdgs-01/BiomassLevel1a/2026/03/31/BIO_S3_SCS__1S_20260331T084815_20260331T084826_T_G01_M02_C03_T020_F291_01_DP5EW0/BIO_S3_SCS__1S_20260331T084815_20260331T084826_T_G01_M02_C03_T020_F291_01_DP5EW0/preview/bio_s3_scs__1s_20260331t084815_20260331t084826_t_g01_m02_c03_t020_f291_map.kml,C:\Users\jales\Documents\GitHub\thesis_code\datasets\biomass_orbits\SCS_T020_F291.kml
SCS_T020_F292,T020,F292,SCS,BIO_S3_SCS__1S_20260331T084825_20260331T084845_T_G01_M02_C03_T020_F292_01_DP5F4H,2026-03-31T08:48:25.326Z,2026-03-31T08:48:45.729Z,3,ASCENDING,0,feature_0_part_1,https://catalog.maap.eo.esa.int/data/biomass-pdgs-01/BiomassLevel1a/2026/03/31/BIO_S3_SCS__1S_20260331T084825_20260331T084845_T_G01_M02_C03_T020_F292_01_DP5F4H/BIO_S3_SCS__1S_20260331T084825_20260331T084845_T_G01_M02_C03_T020_F292_01_DP5F4H/preview/bio_s3_scs__1s_20260331t084825_20260331t084845_t_g01_m02_c03_t020_f292_map.kml,C:\Users\jales\Documents\GitHub\thesis_code\datasets\biomass_orbits\SCS_T020_F292.kml
SCS_T020_F293,T020,F293,SCS,BIO_S3_SCS__1S_20260331T084844_20260331T084904_T_G01_M02_C03_T020_F293_01_DP5F3Z,2026-03-31T08:48:44.344Z,2026-03-31T08:49:04.747Z,3,ASCENDING,0,feature_0_part_1,https://catalog.maap.eo.esa.int/data/biomass-pdgs-01/BiomassLevel1a/2026/03/31/BIO_S3_SCS__1S_20260331T084844_20260331T084904_T_G01_M02_C03_T020_F293_01_DP5F3Z/BIO_S3_SCS__1S_20260331T084844_20260331T084904_T_G01_M02_C03_T020_F293_01_DP5F3Z/preview/bio_s3_scs__1s_20260331t084844_20260331t084904_t_g01_m02_c03_t020_f293_map.kml,C:\Users\jales\Documents\GitHub\thesis_code\datasets\biomass_orbits\SCS_T020_F293.kml
SCS_T020_F294,T020,F294,SCS,BIO_S3_SCS__1S_20260331T084903_20260331T084923_T_G01_M02_C03_T020_F294_01_DP5EXC,2026-03-31T08:49:03.361Z,2026-03-31T08:49:23.763Z,3,ASCENDING,0,feature_0_part_1,https://catalog.maap.eo.esa.int/data/biomass-pdgs-01/BiomassLevel1a/2026/03/31/BIO_S3_SCS__1S_20260331T084903_20260331T084923_T_G01_M02_C03_T020_F294_01_DP5EXC/BIO_S3_SCS__1S_20260331T084903_20260331T084923_T_G01_M02_C03_T020_F294_01_DP5EXC/preview/bio_s3_scs__1s_20260331t084903_20260331t084923_t_g01_m02_c03_t020_f294_map.kml,C:\Users\jales\Documents\GitHub\thesis_code\datasets\biomass_orbits\SCS_T020_F294.kml
SCS_T020_F295,T020,F295,SCS,BIO_S3_SCS__1S_20260331T084922_20260331T084942_T_G01_M02_C03_T020_F295_01_DP5EXY,2026-03-31T08:49:22.378Z,2026-03-31T08:49:42.779Z,3,ASCENDING,0,feature_0_part_1,https://catalog.maap.eo.esa.int/data/biomass-pdgs-01/BiomassLevel1a/2026/03/31/BIO_S3_SCS__1S_20260331T084922_20260331T084942_T_G01_M02_C03_T020_F295_01_DP5EXY/BIO_S3_SCS__1S_20260331T084922_20260331T084942_T_G01_M02_C03_T020_F295_01_DP5EXY/preview/bio_s3_scs__1s_20260331t084922_20260331t084942_t_g01_m02_c03_t020_f295_map.kml,C:\Users\jales\Documents\GitHub\thesis_code\datasets\biomass_orbits\SCS_T020_F295.kml
SCS_T020_F296,T020,F296,SCS,BIO_S3_SCS__1S_20260331T084941_20260331T085001_T_G01_M02_C03_T020_F296_01_DP5F6B,2026-03-31T08:49:41.393Z,2026-03-31T08:50:01.793Z,3,ASCENDING,0,feature_0_part_1,https://catalog.maap.eo.esa.int/data/biomass-pdgs-01/BiomassLevel1a/2026/03/31/BIO_S3_SCS__1S_20260331T084941_20260331T085001_T_G01_M02_C03_T020_F296_01_DP5F6B/BIO_S3_SCS__1S_20260331T084941_20260331T085001_T_G01_M02_C03_T020_F296_01_DP5F6B/preview/bio_s3_scs__1s_20260331t084941_20260331t085001_t_g01_m02_c03_t020_f296_map.kml,C:\Users\jales\Documents\GitHub\thesis_code\datasets\biomass_orbits\SCS_T020_F296.kml
SCS_T020_F297,T020,F297,SCS,BIO_S3_SCS__1S_20260331T085000_20260331T085020_T_G01_M02_C03_T020_F297_01_DP5EX7,2026-03-31T08:50:00.409Z,2026-03-31T08:50:20.808Z,3,ASCENDING,0,feature_0_part_1,https://catalog.maap.eo.esa.int/data/biomass-pdgs-01/BiomassLevel1a/2026/03/31/BIO_S3_SCS__1S_20260331T085000_20260331T085020_T_G01_M02_C03_T020_F297_01_DP5EX7/BIO_S3_SCS__1S_20260331T085000_20260331T085020_T_G01_M02_C03_T020_F297_01_DP5EX7/preview/bio_s3_scs__1s_20260331t085000_20260331t085020_t_g01_m02_c03_t020_f297_map.kml,C:\Users\jales\Documents\GitHub\thesis_code\datasets\biomass_orbits\SCS_T020_F297.kml
SCS_T020_F298,T020,F298,SCS,BIO_S3_SCS__1S_20260331T085019_20260331T085039_T_G01_M02_C03_T020_F298_01_DP5EYA,2026-03-31T08:50:19.423Z,2026-03-31T08:50:39.821Z,3,ASCENDING,0,feature_0_part_1,https://catalog.maap.eo.esa.int/data/biomass-pdgs-01/BiomassLevel1a/2026/03/31/BIO_S3_SCS__1S_20260331T085019_20260331T085039_T_G01_M02_C03_T020_F298_01_DP5EYA/BIO_S3_SCS__1S_20260331T085019_20260331T085039_T_G01_M02_C03_T020_F298_01_DP5EYA/preview/bio_s3_scs__1s_20260331t085019_20260331t085039_t_g01_m02_c03_t020_f298_map.kml,C:\Users\jales\Documents\GitHub\thesis_code\datasets\biomass_orbits\SCS_T020_F298.kml
SCS_T020_F299,T020,F299,SCS,BIO_S3_SCS__1S_20260331T085038_20260331T085058_T_G01_M02_C03_T020_F299_01_DP5EXD,2026-03-31T08:50:38.435Z,2026-03-31T08:50:58.832Z,3,ASCENDING,0,feature_0_part_1,https://catalog.maap.eo.esa.int/data/biomass-pdgs-01/BiomassLevel1a/2026/03/31/BIO_S3_SCS__1S_20260331T085038_20260331T085058_T_G01_M02_C03_T020_F299_01_DP5EXD/BIO_S3_SCS__1S_20260331T085038_20260331T085058_T_G01_M02_C03_T020_F299_01_DP5EXD/preview/bio_s3_scs__1s_20260331t085038_20260331t085058_t_g01_m02_c03_t020_f299_map.kml,C:\Users\jales\Documents\GitHub\thesis_code\datasets\biomass_orbits\SCS_T020_F299.kml
SCS_T020_F300,T020,F300,SCS,BIO_S3_SCS__1S_20260331T085057_20260331T085117_T_G01_M02_C03_T020_F300_01_DP5EYV,2026-03-31T08:50:57.449Z,2026-03-31T08:51:17.844Z,3,ASCENDING,0,feature_0_part_1,https://catalog.maap.eo.esa.int/data/biomass-pdgs-01/BiomassLevel1a/2026/03/31/BIO_S3_SCS__1S_20260331T085057_20260331T085117_T_G01_M02_C03_T020_F300_01_DP5EYV/BIO_S3_SCS__1S_20260331T085057_20260331T085117_T_G01_M02_C03_T020_F300_01_DP5EYV/preview/bio_s3_scs__1s_20260331t085057_20260331t085117_t_g01_m02_c03_t020_f300_map.kml,C:\Users\jales\Documents\GitHub\thesis_code\datasets\biomass_orbits\SCS_T020_F300.kml
SCS_T020_F301,T020,F301,SCS,BIO_S3_SCS__1S_20260331T085116_20260331T085136_T_G01_M02_C03_T020_F301_01_DP5F9H,2026-03-31T08:51:16.459Z,2026-03-31T08:51:36.855Z,3,ASCENDING,0,feature_0_part_1,https://catalog.maap.eo.esa.int/data/biomass-pdgs-01/BiomassLevel1a/2026/03/31/BIO_S3_SCS__1S_20260331T085116_20260331T085136_T_G01_M02_C03_T020_F301_01_DP5F9H/BIO_S3_SCS__1S_20260331T085116_20260331T085136_T_G01_M02_C03_T020_F301_01_DP5F9H/preview/bio_s3_scs__1s_20260331t085116_20260331t085136_t_g01_m02_c03_t020_f301_map.kml,C:\Users\jales\Documents\GitHub\thesis_code\datasets\biomass_orbits\SCS_T020_F301.kml
SCS_T020_F302,T020,F302,SCS,BIO_S3_SCS__1S_20260331T085135_20260331T085155_T_G01_M02_C03_T020_F302_01_DP5F0P,2026-03-31T08:51:35.468Z,2026-03-31T08:51:55.862Z,3,ASCENDING,0,feature_0_part_1,https://catalog.maap.eo.esa.int/data/biomass-pdgs-01/BiomassLevel1a/2026/03/31/BIO_S3_SCS__1S_20260331T085135_20260331T085155_T_G01_M02_C03_T020_F302_01_DP5F0P/BIO_S3_SCS__1S_20260331T085135_20260331T085155_T_G01_M02_C03_T020_F302_01_DP5F0P/preview/bio_s3_scs__1s_20260331t085135_20260331t085155_t_g01_m02_c03_t020_f302_map.kml,C:\Users\jales\Documents\GitHub\thesis_code\datasets\biomass_orbits\SCS_T020_F302.kml
SCS_T020_F303,T020,F303,SCS,BIO_S3_SCS__1S_20260331T085154_20260331T085214_T_G01_M02_C03_T020_F303_01_DP5F5O,2026-03-31T08:51:54.478Z,2026-03-31T08:52:14.872Z,3,ASCENDING,0,feature_0_part_1,https://catalog.maap.eo.esa.int/data/biomass-pdgs-01/BiomassLevel1a/2026/03/31/BIO_S3_SCS__1S_20260331T085154_20260331T085214_T_G01_M02_C03_T020_F303_01_DP5F5O/BIO_S3_SCS__1S_20260331T085154_20260331T085214_T_G01_M02_C03_T020_F303_01_DP5F5O/preview/bio_s3_scs__1s_20260331t085154_20260331t085214_t_g01_m02_c03_t020_f303_map.kml,C:\Users\jales\Documents\GitHub\thesis_code\datasets\biomass_orbits\SCS_T020_F303.kml
SCS_T020_F304,T020,F304,SCS,BIO_S3_SCS__1S_20260331T085213_20260331T085233_T_G01_M02_C03_T020_F304_01_DP5FCD,2026-03-31T08:52:13.486Z,2026-03-31T08:52:33.878Z,3,ASCENDING,0,feature_0_part_1,https://catalog.maap.eo.esa.int/data/biomass-pdgs-01/BiomassLevel1a/2026/03/31/BIO_S3_SCS__1S_20260331T085213_20260331T085233_T_G01_M02_C03_T020_F304_01_DP5FCD/BIO_S3_SCS__1S_20260331T085213_20260331T085233_T_G01_M02_C03_T020_F304_01_DP5FCD/preview/bio_s3_scs__1s_20260331t085213_20260331t085233_t_g01_m02_c03_t020_f304_map.kml,C:\Users\jales\Documents\GitHub\thesis_code\datasets\biomass_orbits\SCS_T020_F304.kml
SCS_T020_F305,T020,F305,SCS,BIO_S3_SCS__1S_20260331T085232_20260331T085252_T_G01_M02_C03_T020_F305_01_DP5EX5,2026-03-31T08:52:32.493Z,2026-03-31T08:52:52.884Z,3,ASCENDING,0,feature_0_part_1,https://catalog.maap.eo.esa.int/data/biomass-pdgs-01/BiomassLevel1a/2026/03/31/BIO_S3_SCS__1S_20260331T085232_20260331T085252_T_G01_M02_C03_T020_F305_01_DP5EX5/BIO_S3_SCS__1S_20260331T085232_20260331T085252_T_G01_M02_C03_T020_F305_01_DP5EX5/preview/bio_s3_scs__1s_20260331t085232_20260331t085252_t_g01_m02_c03_t020_f305_map.kml,C:\Users\jales\Documents\GitHub\thesis_code\datasets\biomass_orbits\SCS_T020_F305.kml
SCS_T020_F306,T020,F306,SCS,BIO_S3_SCS__1S_20260331T085251_20260331T085311_T_G01_M02_C03_T020_F306_01_DP5EXR,2026-03-31T08:52:51.499Z,2026-03-31T08:53:11.890Z,3,ASCENDING,0,feature_0_part_1,https://catalog.maap.eo.esa.int/data/biomass-pdgs-01/BiomassLevel1a/2026/03/31/BIO_S3_SCS__1S_20260331T085251_20260331T085311_T_G01_M02_C03_T020_F306_01_DP5EXR/BIO_S3_SCS__1S_20260331T085251_20260331T085311_T_G01_M02_C03_T020_F306_01_DP5EXR/preview/bio_s3_scs__1s_20260331t085251_20260331t085311_t_g01_m02_c03_t020_f306_map.kml,C:\Users\jales\Documents\GitHub\thesis_code\datasets\biomass_orbits\SCS_T020_F306.kml
SCS_T020_F307,T020,F307,SCS,BIO_S3_SCS__1S_20260331T085310_20260331T085330_T_G01_M02_C03_T020_F307_01_DP5EXU,2026-03-31T08:53:10.501Z,2026-03-31T08:53:30.890Z,3,ASCENDING,0,feature_0_part_1,https://catalog.maap.eo.esa.int/data/biomass-pdgs-01/BiomassLevel1a/2026/03/31/BIO_S3_SCS__1S_20260331T085310_20260331T085330_T_G01_M02_C03_T020_F307_01_DP5EXU/BIO_S3_SCS__1S_20260331T085310_20260331T085330_T_G01_M02_C03_T020_F307_01_DP5EXU/preview/bio_s3_scs__1s_20260331t085310_20260331t085330_t_g01_m02_c03_t020_f307_map.kml,C:\Users\jales\Documents\GitHub\thesis_code\datasets\biomass_orbits\SCS_T020_F307.kml
SCS_T020_F308,T020,F308,SCS,BIO_S3_SCS__1S_20260331T085329_20260331T085349_T_G01_M02_C03_T020_F308_01_DP5EX6,2026-03-31T08:53:29.506Z,2026-03-31T08:53:49.895Z,3,ASCENDING,0,feature_0_part_1,https://catalog.maap.eo.esa.int/data/biomass-pdgs-01/BiomassLevel1a/2026/03/31/BIO_S3_SCS__1S_20260331T085329_20260331T085349_T_G01_M02_C03_T020_F308_01_DP5EX6/BIO_S3_SCS__1S_20260331T085329_20260331T085349_T_G01_M02_C03_T020_F308_01_DP5EX6/preview/bio_s3_scs__1s_20260331t085329_20260331t085349_t_g01_m02_c03_t020_f308_map.kml,C:\Users\jales\Documents\GitHub\thesis_code\datasets\biomass_orbits\SCS_T020_F308.kml
SCS_T020_F309,T020,F309,SCS,BIO_S3_SCS__1S_20260331T085348_20260331T085408_T_G01_M02_C03_T020_F309_01_DP5F81,2026-03-31T08:53:48.509Z,2026-03-31T08:54:08.896Z,3,ASCENDING,0,feature_0_part_1,https://catalog.maap.eo.esa.int/data/biomass-pdgs-01/BiomassLevel1a/2026/03/31/BIO_S3_SCS__1S_20260331T085348_20260331T085408_T_G01_M02_C03_T020_F309_01_DP5F81/BIO_S3_SCS__1S_20260331T085348_20260331T085408_T_G01_M02_C03_T020_F309_01_DP5F81/preview/bio_s3_scs__1s_20260331t085348_20260331t085408_t_g01_m02_c03_t020_f309_map.kml,C:\Users\jales\Documents\GitHub\thesis_code\datasets\biomass_orbits\SCS_T020_F309.kml
SCS_T028_F157,T028,F157,SCS,BIO_S3_SCS__1S_20260331T211103_20260331T211123_T_G01_M02_C03_T028_F157_01_DP6GJB,2026-03-31T21:11:03.098Z,2026-03-31T21:11:23.483Z,3,DESCENDING,0,feature_0_part_1,https://catalog.maap.eo.esa.int/data/biomass-pdgs-01/BiomassLevel1a/2026/03/31/BIO_S3_SCS__1S_20260331T211103_20260331T211123_T_G01_M02_C03_T028_F157_01_DP6GJB/BIO_S3_SCS__1S_20260331T211103_20260331T211123_T_G01_M02_C03_T028_F157_01_DP6GJB/preview/bio_s3_scs__1s_20260331t211103_20260331t211123_t_g01_m02_c03_t028_f157_map.kml,C:\Users\jales\Documents\GitHub\thesis_code\datasets\biomass_orbits\SCS_T028_F157.kml
SCS_T028_F158,T028,F158,SCS,BIO_S3_SCS__1S_20260331T211122_20260331T211142_T_G01_M02_C03_T028_F158_01_DP6GVS,2026-03-31T21:11:22.099Z,2026-03-31T21:11:42.485Z,3,DESCENDING,0,feature_0_part_1,https://catalog.maap.eo.esa.int/data/biomass-pdgs-01/BiomassLevel1a/2026/03/31/BIO_S3_SCS__1S_20260331T211122_20260331T211142_T_G01_M02_C03_T028_F158_01_DP6GVS/BIO_S3_SCS__1S_20260331T211122_20260331T211142_T_G01_M02_C03_T028_F158_01_DP6GVS/preview/bio_s3_scs__1s_20260331t211122_20260331t211142_t_g01_m02_c03_t028_f158_map.kml,C:\Users\jales\Documents\GitHub\thesis_code\datasets\biomass_orbits\SCS_T028_F158.kml
SCS_T028_F159,T028,F159,SCS,BIO_S3_SCS__1S_20260331T211141_20260331T211201_T_G01_M02_C03_T028_F159_01_DP6GNO,2026-03-31T21:11:41.098Z,2026-03-31T21:12:01.486Z,3,DESCENDING,0,feature_0_part_1,https://catalog.maap.eo.esa.int/data/biomass-pdgs-01/BiomassLevel1a/2026/03/31/BIO_S3_SCS__1S_20260331T211141_20260331T211201_T_G01_M02_C03_T028_F159_01_DP6GNO/BIO_S3_SCS__1S_20260331T211141_20260331T211201_T_G01_M02_C03_T028_F159_01_DP6GNO/preview/bio_s3_scs__1s_20260331t211141_20260331t211201_t_g01_m02_c03_t028_f159_map.kml,C:\Users\jales\Documents\GitHub\thesis_code\datasets\biomass_orbits\SCS_T028_F159.kml
SCS_T028_F160,T028,F160,SCS,BIO_S3_SCS__1S_20260331T211200_20260331T211220_T_G01_M02_C03_T028_F160_01_DP6GPJ,2026-03-31T21:12:00.101Z,2026-03-31T21:12:20.490Z,3,DESCENDING,0,feature_0_part_1,https://catalog.maap.eo.esa.int/data/biomass-pdgs-01/BiomassLevel1a/2026/03/31/BIO_S3_SCS__1S_20260331T211200_20260331T211220_T_G01_M02_C03_T028_F160_01_DP6GPJ/BIO_S3_SCS__1S_20260331T211200_20260331T211220_T_G01_M02_C03_T028_F160_01_DP6GPJ/preview/bio_s3_scs__1s_20260331t211200_20260331t211220_t_g01_m02_c03_t028_f160_map.kml,C:\Users\jales\Documents\GitHub\thesis_code\datasets\biomass_orbits\SCS_T028_F160.kml
SCS_T028_F161,T028,F161,SCS,BIO_S3_SCS__1S_20260331T211219_20260331T211239_T_G01_M02_C03_T028_F161_01_DP6GIZ,2026-03-31T21:12:19.105Z,2026-03-31T21:12:39.495Z,3,DESCENDING,0,feature_0_part_1,https://catalog.maap.eo.esa.int/data/biomass-pdgs-01/BiomassLevel1a/2026/03/31/BIO_S3_SCS__1S_20260331T211219_20260331T211239_T_G01_M02_C03_T028_F161_01_DP6GIZ/BIO_S3_SCS__1S_20260331T211219_20260331T211239_T_G01_M02_C03_T028_F161_01_DP6GIZ/preview/bio_s3_scs__1s_20260331t211219_20260331t211239_t_g01_m02_c03_t028_f161_map.kml,C:\Users\jales\Documents\GitHub\thesis_code\datasets\biomass_orbits\SCS_T028_F161.kml
SCS_T028_F162,T028,F162,SCS,BIO_S3_SCS__1S_20260331T211238_20260331T211258_T_G01_M02_C03_T028_F162_01_DP6GFC,2026-03-31T21:12:38.110Z,2026-03-31T21:12:58.499Z,3,DESCENDING,0,feature_0_part_1,https://catalog.maap.eo.esa.int/data/biomass-pdgs-01/BiomassLevel1a/2026/03/31/BIO_S3_SCS__1S_20260331T211238_20260331T211258_T_G01_M02_C03_T028_F162_01_DP6GFC/BIO_S3_SCS__1S_20260331T211238_20260331T211258_T_G01_M02_C03_T028_F162_01_DP6GFC/preview/bio_s3_scs__1s_20260331t211238_20260331t211258_t_g01_m02_c03_t028_f162_map.kml,C:\Users\jales\Documents\GitHub\thesis_code\datasets\biomass_orbits\SCS_T028_F162.kml
SCS_T028_F163,T028,F163,SCS,BIO_S3_SCS__1S_20260331T211257_20260331T211317_T_G01_M02_C03_T028_F163_01_DP6GHN,2026-03-31T21:12:57.115Z,2026-03-31T21:13:17.507Z,3,DESCENDING,0,feature_0_part_1,https://catalog.maap.eo.esa.int/data/biomass-pdgs-01/BiomassLevel1a/2026/03/31/BIO_S3_SCS__1S_20260331T211257_20260331T211317_T_G01_M02_C03_T028_F163_01_DP6GHN/BIO_S3_SCS__1S_20260331T211257_20260331T211317_T_G01_M02_C03_T028_F163_01_DP6GHN/preview/bio_s3_scs__1s_20260331t211257_20260331t211317_t_g01_m02_c03_t028_f163_map.kml,C:\Users\jales\Documents\GitHub\thesis_code\datasets\biomass_orbits\SCS_T028_F163.kml
SCS_T028_F164,T028,F164,SCS,BIO_S3_SCS__1S_20260331T211316_20260331T211336_T_G01_M02_C03_T028_F164_01_DP6GDS,2026-03-31T21:13:16.121Z,2026-03-31T21:13:36.512Z,3,DESCENDING,0,feature_0_part_1,https://catalog.maap.eo.esa.int/data/biomass-pdgs-01/BiomassLevel1a/2026/03/31/BIO_S3_SCS__1S_20260331T211316_20260331T211336_T_G01_M02_C03_T028_F164_01_DP6GDS/BIO_S3_SCS__1S_20260331T211316_20260331T211336_T_G01_M02_C03_T028_F164_01_DP6GDS/preview/bio_s3_scs__1s_20260331t211316_20260331t211336_t_g01_m02_c03_t028_f164_map.kml,C:\Users\jales\Documents\GitHub\thesis_code\datasets\biomass_orbits\SCS_T028_F164.kml
SCS_T028_F165,T028,F165,SCS,BIO_S3_SCS__1S_20260331T211335_20260331T211355_T_G01_M02_C03_T028_F165_01_DP6GML,2026-03-31T21:13:35.127Z,2026-03-31T21:13:55.521Z,3,DESCENDING,0,feature_0_part_1,https://catalog.maap.eo.esa.int/data/biomass-pdgs-01/BiomassLevel1a/2026/03/31/BIO_S3_SCS__1S_20260331T211335_20260331T211355_T_G01_M02_C03_T028_F165_01_DP6GML/BIO_S3_SCS__1S_20260331T211335_20260331T211355_T_G01_M02_C03_T028_F165_01_DP6GML/preview/bio_s3_scs__1s_20260331t211335_20260331t211355_t_g01_m02_c03_t028_f165_map.kml,C:\Users\jales\Documents\GitHub\thesis_code\datasets\biomass_orbits\SCS_T028_F165.kml
SCS_T028_F166,T028,F166,SCS,BIO_S3_SCS__1S_20260331T211354_20260331T211414_T_G01_M02_C03_T028_F166_01_DP6H0Y,2026-03-31T21:13:54.135Z,2026-03-31T21:14:14.529Z,3,DESCENDING,0,feature_0_part_1,https://catalog.maap.eo.esa.int/data/biomass-pdgs-01/BiomassLevel1a/2026/03/31/BIO_S3_SCS__1S_20260331T211354_20260331T211414_T_G01_M02_C03_T028_F166_01_DP6H0Y/BIO_S3_SCS__1S_20260331T211354_20260331T211414_T_G01_M02_C03_T028_F166_01_DP6H0Y/preview/bio_s3_scs__1s_20260331t211354_20260331t211414_t_g01_m02_c03_t028_f166_map.kml,C:\Users\jales\Documents\GitHub\thesis_code\datasets\biomass_orbits\SCS_T028_F166.kml
SCS_T028_F167,T028,F167,SCS,BIO_S3_SCS__1S_20260331T211413_20260331T211433_T_G01_M02_C03_T028_F167_01_DP6GWY,2026-03-31T21:14:13.143Z,2026-03-31T21:14:33.538Z,3,DESCENDING,0,feature_0_part_1,https://catalog.maap.eo.esa.int/data/biomass-pdgs-01/BiomassLevel1a/2026/03/31/BIO_S3_SCS__1S_20260331T211413_20260331T211433_T_G01_M02_C03_T028_F167_01_DP6GWY/BIO_S3_SCS__1S_20260331T211413_20260331T211433_T_G01_M02_C03_T028_F167_01_DP6GWY/preview/bio_s3_scs__1s_20260331t211413_20260331t211433_t_g01_m02_c03_t028_f167_map.kml,C:\Users\jales\Documents\GitHub\thesis_code\datasets\biomass_orbits\SCS_T028_F167.kml
SCS_T028_F168,T028,F168,SCS,BIO_S3_SCS__1S_20260331T211432_20260331T211452_T_G01_M02_C03_T028_F168_01_DP6H05,2026-03-31T21:14:32.152Z,2026-03-31T21:14:52.547Z,3,DESCENDING,0,feature_0_part_1,https://catalog.maap.eo.esa.int/data/biomass-pdgs-01/BiomassLevel1a/2026/03/31/BIO_S3_SCS__1S_20260331T211432_20260331T211452_T_G01_M02_C03_T028_F168_01_DP6H05/BIO_S3_SCS__1S_20260331T211432_20260331T211452_T_G01_M02_C03_T028_F168_01_DP6H05/preview/bio_s3_scs__1s_20260331t211432_20260331t211452_t_g01_m02_c03_t028_f168_map.kml,C:\Users\jales\Documents\GitHub\thesis_code\datasets\biomass_orbits\SCS_T028_F168.kml
SCS_T028_F169,T028,F169,SCS,BIO_S3_SCS__1S_20260331T211451_20260331T211511_T_G01_M02_C03_T028_F169_01_DP6HCJ,2026-03-31T21:14:51.164Z,2026-03-31T21:15:11.560Z,3,DESCENDING,0,feature_0_part_1,https://catalog.maap.eo.esa.int/data/biomass-pdgs-01/BiomassLevel1a/2026/03/31/BIO_S3_SCS__1S_20260331T211451_20260331T211511_T_G01_M02_C03_T028_F169_01_DP6HCJ/BIO_S3_SCS__1S_20260331T211451_20260331T211511_T_G01_M02_C03_T028_F169_01_DP6HCJ/preview/bio_s3_scs__1s_20260331t211451_20260331t211511_t_g01_m02_c03_t028_f169_map.kml,C:\Users\jales\Documents\GitHub\thesis_code\datasets\biomass_orbits\SCS_T028_F169.kml
SCS_T028_F170,T028,F170,SCS,BIO_S3_SCS__1S_20260331T211510_20260331T211530_T_G01_M02_C03_T028_F170_01_DP6H52,2026-03-31T21:15:10.175Z,2026-03-31T21:15:30.573Z,3,DESCENDING,0,feature_0_part_1,https://catalog.maap.eo.esa.int/data/biomass-pdgs-01/BiomassLevel1a/2026/03/31/BIO_S3_SCS__1S_20260331T211510_20260331T211530_T_G01_M02_C03_T028_F170_01_DP6H52/BIO_S3_SCS__1S_20260331T211510_20260331T211530_T_G01_M02_C03_T028_F170_01_DP6H52/preview/bio_s3_scs__1s_20260331t211510_20260331t211530_t_g01_m02_c03_t028_f170_map.kml,C:\Users\jales\Documents\GitHub\thesis_code\datasets\biomass_orbits\SCS_T028_F170.kml
SCS_T028_F171,T028,F171,SCS,BIO_S3_SCS__1S_20260331T211529_20260331T211549_T_G01_M02_C03_T028_F171_01_DP6GR4,2026-03-31T21:15:29.187Z,2026-03-31T21:15:49.586Z,3,DESCENDING,0,feature_0_part_1,https://catalog.maap.eo.esa.int/data/biomass-pdgs-01/BiomassLevel1a/2026/03/31/BIO_S3_SCS__1S_20260331T211529_20260331T211549_T_G01_M02_C03_T028_F171_01_DP6GR4/BIO_S3_SCS__1S_20260331T211529_20260331T211549_T_G01_M02_C03_T028_F171_01_DP6GR4/preview/bio_s3_scs__1s_20260331t211529_20260331t211549_t_g01_m02_c03_t028_f171_map.kml,C:\Users\jales\Documents\GitHub\thesis_code\datasets\biomass_orbits\SCS_T028_F171.kml
SCS_T028_F172,T028,F172,SCS,BIO_S3_SCS__1S_20260331T211548_20260331T211608_T_G01_M02_C03_T028_F172_01_DP6GP5,2026-03-31T21:15:48.200Z,2026-03-31T21:16:08.600Z,3,DESCENDING,0,feature_0_part_1,https://catalog.maap.eo.esa.int/data/biomass-pdgs-01/BiomassLevel1a/2026/03/31/BIO_S3_SCS__1S_20260331T211548_20260331T211608_T_G01_M02_C03_T028_F172_01_DP6GP5/BIO_S3_SCS__1S_20260331T211548_20260331T211608_T_G01_M02_C03_T028_F172_01_DP6GP5/preview/bio_s3_scs__1s_20260331t211548_20260331t211608_t_g01_m02_c03_t028_f172_map.kml,C:\Users\jales\Documents\GitHub\thesis_code\datasets\biomass_orbits\SCS_T028_F172.kml
SCS_T028_F173,T028,F173,SCS,BIO_S3_SCS__1S_20260331T211607_20260331T211627_T_G01_M02_C03_T028_F173_01_DP6GM2,2026-03-31T21:16:07.215Z,2026-03-31T21:16:27.615Z,3,DESCENDING,0,feature_0_part_1,https://catalog.maap.eo.esa.int/data/biomass-pdgs-01/BiomassLevel1a/2026/03/31/BIO_S3_SCS__1S_20260331T211607_20260331T211627_T_G01_M02_C03_T028_F173_01_DP6GM2/BIO_S3_SCS__1S_20260331T211607_20260331T211627_T_G01_M02_C03_T028_F173_01_DP6GM2/preview/bio_s3_scs__1s_20260331t211607_20260331t211627_t_g01_m02_c03_t028_f173_map.kml,C:\Users\jales\Documents\GitHub\thesis_code\datasets\biomass_orbits\SCS_T028_F173.kml
SCS_T028_F174,T028,F174,SCS,BIO_S3_SCS__1S_20260331T211626_20260331T211646_T_G01_M02_C03_T028_F174_01_DP6GP3,2026-03-31T21:16:26.226Z,2026-03-31T21:16:46.628Z,3,DESCENDING,0,feature_0_part_1,https://catalog.maap.eo.esa.int/data/biomass-pdgs-01/BiomassLevel1a/2026/03/31/BIO_S3_SCS__1S_20260331T211626_20260331T211646_T_G01_M02_C03_T028_F174_01_DP6GP3/BIO_S3_SCS__1S_20260331T211626_20260331T211646_T_G01_M02_C03_T028_F174_01_DP6GP3/preview/bio_s3_scs__1s_20260331t211626_20260331t211646_t_g01_m02_c03_t028_f174_map.kml,C:\Users\jales\Documents\GitHub\thesis_code\datasets\biomass_orbits\SCS_T028_F174.kml
SCS_T028_F175,T028,F175,SCS,BIO_S3_SCS__1S_20260331T211645_20260331T211705_T_G01_M02_C03_T028_F175_01_DP6GX3,2026-03-31T21:16:45.244Z,2026-03-31T21:17:05.647Z,3,DESCENDING,0,feature_0_part_1,https://catalog.maap.eo.esa.int/data/biomass-pdgs-01/BiomassLevel1a/2026/03/31/BIO_S3_SCS__1S_20260331T211645_20260331T211705_T_G01_M02_C03_T028_F175_01_DP6GX3/BIO_S3_SCS__1S_20260331T211645_20260331T211705_T_G01_M02_C03_T028_F175_01_DP6GX3/preview/bio_s3_scs__1s_20260331t211645_20260331t211705_t_g01_m02_c03_t028_f175_map.kml,C:\Users\jales\Documents\GitHub\thesis_code\datasets\biomass_orbits\SCS_T028_F175.kml
SCS_T028_F176,T028,F176,SCS,BIO_S3_SCS__1S_20260331T211704_20260331T211724_T_G01_M02_C03_T028_F176_01_DP6H3J,2026-03-31T21:17:04.262Z,2026-03-31T21:17:24.665Z,3,DESCENDING,0,feature_0_part_1,https://catalog.maap.eo.esa.int/data/biomass-pdgs-01/BiomassLevel1a/2026/03/31/BIO_S3_SCS__1S_20260331T211704_20260331T211724_T_G01_M02_C03_T028_F176_01_DP6H3J/BIO_S3_SCS__1S_20260331T211704_20260331T211724_T_G01_M02_C03_T028_F176_01_DP6H3J/preview/bio_s3_scs__1s_20260331t211704_20260331t211724_t_g01_m02_c03_t028_f176_map.kml,C:\Users\jales\Documents\GitHub\thesis_code\datasets\biomass_orbits\SCS_T028_F176.kml
SCS_T035_F289,T035,F289,SCS,BIO_S1_SCS__1S_20260302T091952_20260302T092012_T_G01_M02_C07_T035_F289_01_DNNR4I,2026-03-02T09:19:52.097Z,2026-03-02T09:20:12.503Z,7,ASCENDING,0,feature_0_part_1,https://catalog.maap.eo.esa.int/data/biomass-pdgs-01/BiomassLevel1a/2026/03/02/BIO_S1_SCS__1S_20260302T091952_20260302T092012_T_G01_M02_C07_T035_F289_01_DNNR4I/BIO_S1_SCS__1S_20260302T091952_20260302T092012_T_G01_M02_C07_T035_F289_01_DNNR4I/preview/bio_s1_scs__1s_20260302t091952_20260302t092012_t_g01_m02_c07_t035_f289_map.kml,C:\Users\jales\Documents\GitHub\thesis_code\datasets\biomass_orbits\SCS_T035_F289.kml
SCS_T035_F290,T035,F290,SCS,BIO_S3_SCS__1S_20260329T092029_20260329T092050_T_G01_M02_C02_T035_F290_01_DP1R8A,2026-03-29T09:20:29.599Z,2026-03-29T09:20:50.004Z,2,ASCENDING,0,feature_0_part_1,https://catalog.maap.eo.esa.int/data/biomass-pdgs-01/BiomassLevel1a/2026/03/29/BIO_S3_SCS__1S_20260329T092029_20260329T092050_T_G01_M02_C02_T035_F290_01_DP1R8A/BIO_S3_SCS__1S_20260329T092029_20260329T092050_T_G01_M02_C02_T035_F290_01_DP1R8A/preview/bio_s3_scs__1s_20260329t092029_20260329t092050_t_g01_m02_c02_t035_f290_map.kml,C:\Users\jales\Documents\GitHub\thesis_code\datasets\biomass_orbits\SCS_T035_F290.kml
SCS_T035_F291,T035,F291,SCS,BIO_S3_SCS__1S_20260329T092048_20260329T092109_T_G01_M02_C02_T035_F291_01_DP1QVS,2026-03-29T09:20:48.619Z,2026-03-29T09:21:09.024Z,2,ASCENDING,0,feature_0_part_1,https://catalog.maap.eo.esa.int/data/biomass-pdgs-01/BiomassLevel1a/2026/03/29/BIO_S3_SCS__1S_20260329T092048_20260329T092109_T_G01_M02_C02_T035_F291_01_DP1QVS/BIO_S3_SCS__1S_20260329T092048_20260329T092109_T_G01_M02_C02_T035_F291_01_DP1QVS/preview/bio_s3_scs__1s_20260329t092048_20260329t092109_t_g01_m02_c02_t035_f291_map.kml,C:\Users\jales\Documents\GitHub\thesis_code\datasets\biomass_orbits\SCS_T035_F291.kml
SCS_T035_F292,T035,F292,SCS,BIO_S3_SCS__1S_20260329T092107_20260329T092128_T_G01_M02_C02_T035_F292_01_DP1QX1,2026-03-29T09:21:07.639Z,2026-03-29T09:21:28.043Z,2,ASCENDING,0,feature_0_part_1,https://catalog.maap.eo.esa.int/data/biomass-pdgs-01/BiomassLevel1a/2026/03/29/BIO_S3_SCS__1S_20260329T092107_20260329T092128_T_G01_M02_C02_T035_F292_01_DP1QX1/BIO_S3_SCS__1S_20260329T092107_20260329T092128_T_G01_M02_C02_T035_F292_01_DP1QX1/preview/bio_s3_scs__1s_20260329t092107_20260329t092128_t_g01_m02_c02_t035_f292_map.kml,C:\Users\jales\Documents\GitHub\thesis_code\datasets\biomass_orbits\SCS_T035_F292.kml
SCS_T035_F293,T035,F293,SCS,BIO_S3_SCS__1S_20260329T092126_20260329T092147_T_G01_M02_C02_T035_F293_01_DP1QVC,2026-03-29T09:21:26.658Z,2026-03-29T09:21:47.061Z,2,ASCENDING,0,feature_0_part_1,https://catalog.maap.eo.esa.int/data/biomass-pdgs-01/BiomassLevel1a/2026/03/29/BIO_S3_SCS__1S_20260329T092126_20260329T092147_T_G01_M02_C02_T035_F293_01_DP1QVC/BIO_S3_SCS__1S_20260329T092126_20260329T092147_T_G01_M02_C02_T035_F293_01_DP1QVC/preview/bio_s3_scs__1s_20260329t092126_20260329t092147_t_g01_m02_c02_t035_f293_map.kml,C:\Users\jales\Documents\GitHub\thesis_code\datasets\biomass_orbits\SCS_T035_F293.kml
SCS_T035_F294,T035,F294,SCS,BIO_S3_SCS__1S_20260329T092145_20260329T092206_T_G01_M02_C02_T035_F294_01_DP1QSW,2026-03-29T09:21:45.675Z,2026-03-29T09:22:06.076Z,2,ASCENDING,0,feature_0_part_1,https://catalog.maap.eo.esa.int/data/biomass-pdgs-01/BiomassLevel1a/2026/03/29/BIO_S3_SCS__1S_20260329T092145_20260329T092206_T_G01_M02_C02_T035_F294_01_DP1QSW/BIO_S3_SCS__1S_20260329T092145_20260329T092206_T_G01_M02_C02_T035_F294_01_DP1QSW/preview/bio_s3_scs__1s_20260329t092145_20260329t092206_t_g01_m02_c02_t035_f294_map.kml,C:\Users\jales\Documents\GitHub\thesis_code\datasets\biomass_orbits\SCS_T035_F294.kml
SCS_T035_F295,T035,F295,SCS,BIO_S3_SCS__1S_20260329T092204_20260329T092225_T_G01_M02_C02_T035_F295_01_DP1QU3,2026-03-29T09:22:04.692Z,2026-03-29T09:22:25.093Z,2,ASCENDING,0,feature_0_part_1,https://catalog.maap.eo.esa.int/data/biomass-pdgs-01/BiomassLevel1a/2026/03/29/BIO_S3_SCS__1S_20260329T092204_20260329T092225_T_G01_M02_C02_T035_F295_01_DP1QU3/BIO_S3_SCS__1S_20260329T092204_20260329T092225_T_G01_M02_C02_T035_F295_01_DP1QU3/preview/bio_s3_scs__1s_20260329t092204_20260329t092225_t_g01_m02_c02_t035_f295_map.kml,C:\Users\jales\Documents\GitHub\thesis_code\datasets\biomass_orbits\SCS_T035_F295.kml
SCS_T035_F296,T035,F296,SCS,BIO_S3_SCS__1S_20260329T092223_20260329T092244_T_G01_M02_C02_T035_F296_01_DP1R45,2026-03-29T09:22:23.708Z,2026-03-29T09:22:44.107Z,2,ASCENDING,0,feature_0_part_1,https://catalog.maap.eo.esa.int/data/biomass-pdgs-01/BiomassLevel1a/2026/03/29/BIO_S3_SCS__1S_20260329T092223_20260329T092244_T_G01_M02_C02_T035_F296_01_DP1R45/BIO_S3_SCS__1S_20260329T092223_20260329T092244_T_G01_M02_C02_T035_F296_01_DP1R45/preview/bio_s3_scs__1s_20260329t092223_20260329t092244_t_g01_m02_c02_t035_f296_map.kml,C:\Users\jales\Documents\GitHub\thesis_code\datasets\biomass_orbits\SCS_T035_F296.kml
SCS_T035_F297,T035,F297,SCS,BIO_S3_SCS__1S_20260329T092242_20260329T092303_T_G01_M02_C02_T035_F297_01_DP1R2I,2026-03-29T09:22:42.723Z,2026-03-29T09:23:03.121Z,2,ASCENDING,0,feature_0_part_1,https://catalog.maap.eo.esa.int/data/biomass-pdgs-01/BiomassLevel1a/2026/03/29/BIO_S3_SCS__1S_20260329T092242_20260329T092303_T_G01_M02_C02_T035_F297_01_DP1R2I/BIO_S3_SCS__1S_20260329T092242_20260329T092303_T_G01_M02_C02_T035_F297_01_DP1R2I/preview/bio_s3_scs__1s_20260329t092242_20260329t092303_t_g01_m02_c02_t035_f297_map.kml,C:\Users\jales\Documents\GitHub\thesis_code\datasets\biomass_orbits\SCS_T035_F297.kml
SCS_T035_F298,T035,F298,SCS,BIO_S3_SCS__1S_20260329T092301_20260329T092322_T_G01_M02_C02_T035_F298_01_DP1R0O,2026-03-29T09:23:01.737Z,2026-03-29T09:23:22.135Z,2,ASCENDING,0,feature_0_part_1,https://catalog.maap.eo.esa.int/data/biomass-pdgs-01/BiomassLevel1a/2026/03/29/BIO_S3_SCS__1S_20260329T092301_20260329T092322_T_G01_M02_C02_T035_F298_01_DP1R0O/BIO_S3_SCS__1S_20260329T092301_20260329T092322_T_G01_M02_C02_T035_F298_01_DP1R0O/preview/bio_s3_scs__1s_20260329t092301_20260329t092322_t_g01_m02_c02_t035_f298_map.kml,C:\Users\jales\Documents\GitHub\thesis_code\datasets\biomass_orbits\SCS_T035_F298.kml
SCS_T035_F299,T035,F299,SCS,BIO_S3_SCS__1S_20260329T092320_20260329T092341_T_G01_M02_C02_T035_F299_01_DP1R2E,2026-03-29T09:23:20.751Z,2026-03-29T09:23:41.148Z,2,ASCENDING,0,feature_0_part_1,https://catalog.maap.eo.esa.int/data/biomass-pdgs-01/BiomassLevel1a/2026/03/29/BIO_S3_SCS__1S_20260329T092320_20260329T092341_T_G01_M02_C02_T035_F299_01_DP1R2E/BIO_S3_SCS__1S_20260329T092320_20260329T092341_T_G01_M02_C02_T035_F299_01_DP1R2E/preview/bio_s3_scs__1s_20260329t092320_20260329t092341_t_g01_m02_c02_t035_f299_map.kml,C:\Users\jales\Documents\GitHub\thesis_code\datasets\biomass_orbits\SCS_T035_F299.kml
SCS_T035_F300,T035,F300,SCS,BIO_S3_SCS__1S_20260329T092339_20260329T092400_T_G01_M02_C02_T035_F300_01_DP1R1G,2026-03-29T09:23:39.763Z,2026-03-29T09:24:00.158Z,2,ASCENDING,0,feature_0_part_1,https://catalog.maap.eo.esa.int/data/biomass-pdgs-01/BiomassLevel1a/2026/03/29/BIO_S3_SCS__1S_20260329T092339_20260329T092400_T_G01_M02_C02_T035_F300_01_DP1R1G/BIO_S3_SCS__1S_20260329T092339_20260329T092400_T_G01_M02_C02_T035_F300_01_DP1R1G/preview/bio_s3_scs__1s_20260329t092339_20260329t092400_t_g01_m02_c02_t035_f300_map.kml,C:\Users\jales\Documents\GitHub\thesis_code\datasets\biomass_orbits\SCS_T035_F300.kml
SCS_T035_F301,T035,F301,SCS,BIO_S3_SCS__1S_20260329T092358_20260329T092419_T_G01_M02_C02_T035_F301_01_DP1RGK,2026-03-29T09:23:58.775Z,2026-03-29T09:24:19.171Z,2,ASCENDING,0,feature_0_part_1,https://catalog.maap.eo.esa.int/data/biomass-pdgs-01/BiomassLevel1a/2026/03/29/BIO_S3_SCS__1S_20260329T092358_20260329T092419_T_G01_M02_C02_T035_F301_01_DP1RGK/BIO_S3_SCS__1S_20260329T092358_20260329T092419_T_G01_M02_C02_T035_F301_01_DP1RGK/preview/bio_s3_scs__1s_20260329t092358_20260329t092419_t_g01_m02_c02_t035_f301_map.kml,C:\Users\jales\Documents\GitHub\thesis_code\datasets\biomass_orbits\SCS_T035_F301.kml
SCS_T035_F302,T035,F302,SCS,BIO_S3_SCS__1S_20260329T092417_20260329T092438_T_G01_M02_C02_T035_F302_01_DP1RBO,2026-03-29T09:24:17.785Z,2026-03-29T09:24:38.180Z,2,ASCENDING,0,feature_0_part_1,https://catalog.maap.eo.esa.int/data/biomass-pdgs-01/BiomassLevel1a/2026/03/29/BIO_S3_SCS__1S_20260329T092417_20260329T092438_T_G01_M02_C02_T035_F302_01_DP1RBO/BIO_S3_SCS__1S_20260329T092417_20260329T092438_T_G01_M02_C02_T035_F302_01_DP1RBO/preview/bio_s3_scs__1s_20260329t092417_20260329t092438_t_g01_m02_c02_t035_f302_map.kml,C:\Users\jales\Documents\GitHub\thesis_code\datasets\biomass_orbits\SCS_T035_F302.kml
SCS_T035_F303,T035,F303,SCS,BIO_S3_SCS__1S_20260329T092436_20260329T092457_T_G01_M02_C02_T035_F303_01_DP1R70,2026-03-29T09:24:36.793Z,2026-03-29T09:24:57.186Z,2,ASCENDING,0,feature_0_part_1,https://catalog.maap.eo.esa.int/data/biomass-pdgs-01/BiomassLevel1a/2026/03/29/BIO_S3_SCS__1S_20260329T092436_20260329T092457_T_G01_M02_C02_T035_F303_01_DP1R70/BIO_S3_SCS__1S_20260329T092436_20260329T092457_T_G01_M02_C02_T035_F303_01_DP1R70/preview/bio_s3_scs__1s_20260329t092436_20260329t092457_t_g01_m02_c02_t035_f303_map.kml,C:\Users\jales\Documents\GitHub\thesis_code\datasets\biomass_orbits\SCS_T035_F303.kml
SCS_T035_F304,T035,F304,SCS,BIO_S3_SCS__1S_20260329T092455_20260329T092516_T_G01_M02_C02_T035_F304_01_DP1R9Z,2026-03-29T09:24:55.800Z,2026-03-29T09:25:16.193Z,2,ASCENDING,0,feature_0_part_1,https://catalog.maap.eo.esa.int/data/biomass-pdgs-01/BiomassLevel1a/2026/03/29/BIO_S3_SCS__1S_20260329T092455_20260329T092516_T_G01_M02_C02_T035_F304_01_DP1R9Z/BIO_S3_SCS__1S_20260329T092455_20260329T092516_T_G01_M02_C02_T035_F304_01_DP1R9Z/preview/bio_s3_scs__1s_20260329t092455_20260329t092516_t_g01_m02_c02_t035_f304_map.kml,C:\Users\jales\Documents\GitHub\thesis_code\datasets\biomass_orbits\SCS_T035_F304.kml
SCS_T035_F305,T035,F305,SCS,BIO_S3_SCS__1S_20260329T092514_20260329T092535_T_G01_M02_C02_T035_F305_01_DP1RER,2026-03-29T09:25:14.807Z,2026-03-29T09:25:35.199Z,2,ASCENDING,0,feature_0_part_1,https://catalog.maap.eo.esa.int/data/biomass-pdgs-01/BiomassLevel1a/2026/03/29/BIO_S3_SCS__1S_20260329T092514_20260329T092535_T_G01_M02_C02_T035_F305_01_DP1RER/BIO_S3_SCS__1S_20260329T092514_20260329T092535_T_G01_M02_C02_T035_F305_01_DP1RER/preview/bio_s3_scs__1s_20260329t092514_20260329t092535_t_g01_m02_c02_t035_f305_map.kml,C:\Users\jales\Documents\GitHub\thesis_code\datasets\biomass_orbits\SCS_T035_F305.kml
SCS_T035_F306,T035,F306,SCS,BIO_S3_SCS__1S_20260329T092534_20260329T092554_T_G01_M02_C02_T035_F306_01_DP1QRK,2026-03-29T09:25:34.497Z,2026-03-29T09:25:54.203Z,2,ASCENDING,0,feature_0_part_1,https://catalog.maap.eo.esa.int/data/biomass-pdgs-01/BiomassLevel1a/2026/03/29/BIO_S3_SCS__1S_20260329T092534_20260329T092554_T_G01_M02_C02_T035_F306_01_DP1QRK/BIO_S3_SCS__1S_20260329T092534_20260329T092554_T_G01_M02_C02_T035_F306_01_DP1QRK/preview/bio_s3_scs__1s_20260329t092534_20260329t092554_t_g01_m02_c02_t035_f306_map.kml,C:\Users\jales\Documents\GitHub\thesis_code\datasets\biomass_orbits\SCS_T035_F306.kml
SCS_T035_F307,T035,F307,SCS,BIO_S3_SCS__1S_20260329T092552_20260329T092613_T_G01_M02_C02_T035_F307_01_DP1QIQ,2026-03-29T09:25:52.818Z,2026-03-29T09:26:13.207Z,2,ASCENDING,0,feature_0_part_1,https://catalog.maap.eo.esa.int/data/biomass-pdgs-01/BiomassLevel1a/2026/03/29/BIO_S3_SCS__1S_20260329T092552_20260329T092613_T_G01_M02_C02_T035_F307_01_DP1QIQ/BIO_S3_SCS__1S_20260329T092552_20260329T092613_T_G01_M02_C02_T035_F307_01_DP1QIQ/preview/bio_s3_scs__1s_20260329t092552_20260329t092613_t_g01_m02_c02_t035_f307_map.kml,C:\Users\jales\Documents\GitHub\thesis_code\datasets\biomass_orbits\SCS_T035_F307.kml
SCS_T035_F308,T035,F308,SCS,BIO_S3_SCS__1S_20260329T092611_20260329T092632_T_G01_M02_C02_T035_F308_01_DP1QNL,2026-03-29T09:26:11.823Z,2026-03-29T09:26:32.212Z,2,ASCENDING,0,feature_0_part_1,https://catalog.maap.eo.esa.int/data/biomass-pdgs-01/BiomassLevel1a/2026/03/29/BIO_S3_SCS__1S_20260329T092611_20260329T092632_T_G01_M02_C02_T035_F308_01_DP1QNL/BIO_S3_SCS__1S_20260329T092611_20260329T092632_T_G01_M02_C02_T035_F308_01_DP1QNL/preview/bio_s3_scs__1s_20260329t092611_20260329t092632_t_g01_m02_c02_t035_f308_map.kml,C:\Users\jales\Documents\GitHub\thesis_code\datasets\biomass_orbits\SCS_T035_F308.kml
SCS_T035_F309,T035,F309,SCS,BIO_S3_SCS__1S_20260329T092630_20260329T092651_T_G01_M02_C02_T035_F309_01_DP1QO4,2026-03-29T09:26:30.826Z,2026-03-29T09:26:51.214Z,2,ASCENDING,0,feature_0_part_1,https://catalog.maap.eo.esa.int/data/biomass-pdgs-01/BiomassLevel1a/2026/03/29/BIO_S3_SCS__1S_20260329T092630_20260329T092651_T_G01_M02_C02_T035_F309_01_DP1QO4/BIO_S3_SCS__1S_20260329T092630_20260329T092651_T_G01_M02_C02_T035_F309_01_DP1QO4/preview/bio_s3_scs__1s_20260329t092630_20260329t092651_t_g01_m02_c02_t035_f309_map.kml,C:\Users\jales\Documents\GitHub\thesis_code\datasets\biomass_orbits\SCS_T035_F309.kml
SCS_T043_F157,T043,F157,SCS,BIO_S3_SCS__1S_20260329T214345_20260329T214406_T_G01_M02_C02_T043_F157_01_DP2T9H,2026-03-29T21:43:45.616Z,2026-03-29T21:44:06.002Z,2,DESCENDING,0,feature_0_part_1,https://catalog.maap.eo.esa.int/data/biomass-pdgs-01/BiomassLevel1a/2026/03/29/BIO_S3_SCS__1S_20260329T214345_20260329T214406_T_G01_M02_C02_T043_F157_01_DP2T9H/BIO_S3_SCS__1S_20260329T214345_20260329T214406_T_G01_M02_C02_T043_F157_01_DP2T9H/preview/bio_s3_scs__1s_20260329t214345_20260329t214406_t_g01_m02_c02_t043_f157_map.kml,C:\Users\jales\Documents\GitHub\thesis_code\datasets\biomass_orbits\SCS_T043_F157.kml
SCS_T043_F158,T043,F158,SCS,BIO_S3_SCS__1S_20260329T214404_20260329T214425_T_G01_M02_C02_T043_F158_01_DP2TH1,2026-03-29T21:44:04.617Z,2026-03-29T21:44:25.004Z,2,DESCENDING,0,feature_0_part_1,https://catalog.maap.eo.esa.int/data/biomass-pdgs-01/BiomassLevel1a/2026/03/29/BIO_S3_SCS__1S_20260329T214404_20260329T214425_T_G01_M02_C02_T043_F158_01_DP2TH1/BIO_S3_SCS__1S_20260329T214404_20260329T214425_T_G01_M02_C02_T043_F158_01_DP2TH1/preview/bio_s3_scs__1s_20260329t214404_20260329t214425_t_g01_m02_c02_t043_f158_map.kml,C:\Users\jales\Documents\GitHub\thesis_code\datasets\biomass_orbits\SCS_T043_F158.kml
SCS_T043_F159,T043,F159,SCS,BIO_S3_SCS__1S_20260329T214423_20260329T214444_T_G01_M02_C02_T043_F159_01_DP2T8G,2026-03-29T21:44:23.619Z,2026-03-29T21:44:44.007Z,2,DESCENDING,0,feature_0_part_1,https://catalog.maap.eo.esa.int/data/biomass-pdgs-01/BiomassLevel1a/2026/03/29/BIO_S3_SCS__1S_20260329T214423_20260329T214444_T_G01_M02_C02_T043_F159_01_DP2T8G/BIO_S3_SCS__1S_20260329T214423_20260329T214444_T_G01_M02_C02_T043_F159_01_DP2T8G/preview/bio_s3_scs__1s_20260329t214423_20260329t214444_t_g01_m02_c02_t043_f159_map.kml,C:\Users\jales\Documents\GitHub\thesis_code\datasets\biomass_orbits\SCS_T043_F159.kml
SCS_T043_F160,T043,F160,SCS,BIO_S3_SCS__1S_20260329T214442_20260329T214503_T_G01_M02_C02_T043_F160_01_DP2THM,2026-03-29T21:44:42.620Z,2026-03-29T21:45:03.009Z,2,DESCENDING,0,feature_0_part_1,https://catalog.maap.eo.esa.int/data/biomass-pdgs-01/BiomassLevel1a/2026/03/29/BIO_S3_SCS__1S_20260329T214442_20260329T214503_T_G01_M02_C02_T043_F160_01_DP2THM/BIO_S3_SCS__1S_20260329T214442_20260329T214503_T_G01_M02_C02_T043_F160_01_DP2THM/preview/bio_s3_scs__1s_20260329t214442_20260329t214503_t_g01_m02_c02_t043_f160_map.kml,C:\Users\jales\Documents\GitHub\thesis_code\datasets\biomass_orbits\SCS_T043_F160.kml
SCS_T043_F161,T043,F161,SCS,BIO_S3_SCS__1S_20260329T214501_20260329T214522_T_G01_M02_C02_T043_F161_01_DP2SPL,2026-03-29T21:45:01.626Z,2026-03-29T21:45:22.015Z,2,DESCENDING,0,feature_0_part_1,https://catalog.maap.eo.esa.int/data/biomass-pdgs-01/BiomassLevel1a/2026/03/29/BIO_S3_SCS__1S_20260329T214501_20260329T214522_T_G01_M02_C02_T043_F161_01_DP2SPL/BIO_S3_SCS__1S_20260329T214501_20260329T214522_T_G01_M02_C02_T043_F161_01_DP2SPL/preview/bio_s3_scs__1s_20260329t214501_20260329t214522_t_g01_m02_c02_t043_f161_map.kml,C:\Users\jales\Documents\GitHub\thesis_code\datasets\biomass_orbits\SCS_T043_F161.kml
SCS_T043_F162,T043,F162,SCS,BIO_S3_SCS__1S_20260329T214520_20260329T214541_T_G01_M02_C02_T043_F162_01_DP2T55,2026-03-29T21:45:20.629Z,2026-03-29T21:45:41.020Z,2,DESCENDING,0,feature_0_part_1,https://catalog.maap.eo.esa.int/data/biomass-pdgs-01/BiomassLevel1a/2026/03/29/BIO_S3_SCS__1S_20260329T214520_20260329T214541_T_G01_M02_C02_T043_F162_01_DP2T55/BIO_S3_SCS__1S_20260329T214520_20260329T214541_T_G01_M02_C02_T043_F162_01_DP2T55/preview/bio_s3_scs__1s_20260329t214520_20260329t214541_t_g01_m02_c02_t043_f162_map.kml,C:\Users\jales\Documents\GitHub\thesis_code\datasets\biomass_orbits\SCS_T043_F162.kml
SCS_T043_F163,T043,F163,SCS,BIO_S3_SCS__1S_20260329T214539_20260329T214600_T_G01_M02_C02_T043_F163_01_DP2SXY,2026-03-29T21:45:39.634Z,2026-03-29T21:46:00.026Z,2,DESCENDING,0,feature_0_part_1,https://catalog.maap.eo.esa.int/data/biomass-pdgs-01/BiomassLevel1a/2026/03/29/BIO_S3_SCS__1S_20260329T214539_20260329T214600_T_G01_M02_C02_T043_F163_01_DP2SXY/BIO_S3_SCS__1S_20260329T214539_20260329T214600_T_G01_M02_C02_T043_F163_01_DP2SXY/preview/bio_s3_scs__1s_20260329t214539_20260329t214600_t_g01_m02_c02_t043_f163_map.kml,C:\Users\jales\Documents\GitHub\thesis_code\datasets\biomass_orbits\SCS_T043_F163.kml
SCS_T043_F164,T043,F164,SCS,BIO_S3_SCS__1S_20260329T214558_20260329T214619_T_G01_M02_C02_T043_F164_01_DP2T05,2026-03-29T21:45:58.640Z,2026-03-29T21:46:19.032Z,2,DESCENDING,0,feature_0_part_1,https://catalog.maap.eo.esa.int/data/biomass-pdgs-01/BiomassLevel1a/2026/03/29/BIO_S3_SCS__1S_20260329T214558_20260329T214619_T_G01_M02_C02_T043_F164_01_DP2T05/BIO_S3_SCS__1S_20260329T214558_20260329T214619_T_G01_M02_C02_T043_F164_01_DP2T05/preview/bio_s3_scs__1s_20260329t214558_20260329t214619_t_g01_m02_c02_t043_f164_map.kml,C:\Users\jales\Documents\GitHub\thesis_code\datasets\biomass_orbits\SCS_T043_F164.kml
SCS_T043_F165,T043,F165,SCS,BIO_S3_SCS__1S_20260329T214617_20260329T214638_T_G01_M02_C02_T043_F165_01_DP2SW2,2026-03-29T21:46:17.647Z,2026-03-29T21:46:38.041Z,2,DESCENDING,0,feature_0_part_1,https://catalog.maap.eo.esa.int/data/biomass-pdgs-01/BiomassLevel1a/2026/03/29/BIO_S3_SCS__1S_20260329T214617_20260329T214638_T_G01_M02_C02_T043_F165_01_DP2SW2/BIO_S3_SCS__1S_20260329T214617_20260329T214638_T_G01_M02_C02_T043_F165_01_DP2SW2/preview/bio_s3_scs__1s_20260329t214617_20260329t214638_t_g01_m02_c02_t043_f165_map.kml,C:\Users\jales\Documents\GitHub\thesis_code\datasets\biomass_orbits\SCS_T043_F165.kml
SCS_T043_F166,T043,F166,SCS,BIO_S3_SCS__1S_20260329T214636_20260329T214657_T_G01_M02_C02_T043_F166_01_DP2TQ2,2026-03-29T21:46:36.655Z,2026-03-29T21:46:57.049Z,2,DESCENDING,0,feature_0_part_1,https://catalog.maap.eo.esa.int/data/biomass-pdgs-01/BiomassLevel1a/2026/03/29/BIO_S3_SCS__1S_20260329T214636_20260329T214657_T_G01_M02_C02_T043_F166_01_DP2TQ2/BIO_S3_SCS__1S_20260329T214636_20260329T214657_T_G01_M02_C02_T043_F166_01_DP2TQ2/preview/bio_s3_scs__1s_20260329t214636_20260329t214657_t_g01_m02_c02_t043_f166_map.kml,C:\Users\jales\Documents\GitHub\thesis_code\datasets\biomass_orbits\SCS_T043_F166.kml
SCS_T043_F167,T043,F167,SCS,BIO_S3_SCS__1S_20260329T214655_20260329T214716_T_G01_M02_C02_T043_F167_01_DP2TRK,2026-03-29T21:46:55.665Z,2026-03-29T21:47:16.059Z,2,DESCENDING,0,feature_0_part_1,https://catalog.maap.eo.esa.int/data/biomass-pdgs-01/BiomassLevel1a/2026/03/29/BIO_S3_SCS__1S_20260329T214655_20260329T214716_T_G01_M02_C02_T043_F167_01_DP2TRK/BIO_S3_SCS__1S_20260329T214655_20260329T214716_T_G01_M02_C02_T043_F167_01_DP2TRK/preview/bio_s3_scs__1s_20260329t214655_20260329t214716_t_g01_m02_c02_t043_f167_map.kml,C:\Users\jales\Documents\GitHub\thesis_code\datasets\biomass_orbits\SCS_T043_F167.kml
SCS_T043_F168,T043,F168,SCS,BIO_S3_SCS__1S_20260329T214714_20260329T214735_T_G01_M02_C02_T043_F168_01_DP2TWT,2026-03-29T21:47:14.674Z,2026-03-29T21:47:35.070Z,2,DESCENDING,0,feature_0_part_1,https://catalog.maap.eo.esa.int/data/biomass-pdgs-01/BiomassLevel1a/2026/03/29/BIO_S3_SCS__1S_20260329T214714_20260329T214735_T_G01_M02_C02_T043_F168_01_DP2TWT/BIO_S3_SCS__1S_20260329T214714_20260329T214735_T_G01_M02_C02_T043_F168_01_DP2TWT/preview/bio_s3_scs__1s_20260329t214714_20260329t214735_t_g01_m02_c02_t043_f168_map.kml,C:\Users\jales\Documents\GitHub\thesis_code\datasets\biomass_orbits\SCS_T043_F168.kml
SCS_T043_F169,T043,F169,SCS,BIO_S3_SCS__1S_20260329T214733_20260329T214754_T_G01_M02_C02_T043_F169_01_DP2TUO,2026-03-29T21:47:33.685Z,2026-03-29T21:47:54.083Z,2,DESCENDING,0,feature_0_part_1,https://catalog.maap.eo.esa.int/data/biomass-pdgs-01/BiomassLevel1a/2026/03/29/BIO_S3_SCS__1S_20260329T214733_20260329T214754_T_G01_M02_C02_T043_F169_01_DP2TUO/BIO_S3_SCS__1S_20260329T214733_20260329T214754_T_G01_M02_C02_T043_F169_01_DP2TUO/preview/bio_s3_scs__1s_20260329t214733_20260329t214754_t_g01_m02_c02_t043_f169_map.kml,C:\Users\jales\Documents\GitHub\thesis_code\datasets\biomass_orbits\SCS_T043_F169.kml
SCS_T043_F170,T043,F170,SCS,BIO_S3_SCS__1S_20260329T214752_20260329T214813_T_G01_M02_C02_T043_F170_01_DP2TS4,2026-03-29T21:47:52.698Z,2026-03-29T21:48:13.096Z,2,DESCENDING,0,feature_0_part_1,https://catalog.maap.eo.esa.int/data/biomass-pdgs-01/BiomassLevel1a/2026/03/29/BIO_S3_SCS__1S_20260329T214752_20260329T214813_T_G01_M02_C02_T043_F170_01_DP2TS4/BIO_S3_SCS__1S_20260329T214752_20260329T214813_T_G01_M02_C02_T043_F170_01_DP2TS4/preview/bio_s3_scs__1s_20260329t214752_20260329t214813_t_g01_m02_c02_t043_f170_map.kml,C:\Users\jales\Documents\GitHub\thesis_code\datasets\biomass_orbits\SCS_T043_F170.kml
SCS_T043_F171,T043,F171,SCS,BIO_S3_SCS__1S_20260329T214811_20260329T214832_T_G01_M02_C02_T043_F171_01_DP2TMX,2026-03-29T21:48:11.709Z,2026-03-29T21:48:32.107Z,2,DESCENDING,0,feature_0_part_1,https://catalog.maap.eo.esa.int/data/biomass-pdgs-01/BiomassLevel1a/2026/03/29/BIO_S3_SCS__1S_20260329T214811_20260329T214832_T_G01_M02_C02_T043_F171_01_DP2TMX/BIO_S3_SCS__1S_20260329T214811_20260329T214832_T_G01_M02_C02_T043_F171_01_DP2TMX/preview/bio_s3_scs__1s_20260329t214811_20260329t214832_t_g01_m02_c02_t043_f171_map.kml,C:\Users\jales\Documents\GitHub\thesis_code\datasets\biomass_orbits\SCS_T043_F171.kml
SCS_T043_F172,T043,F172,SCS,BIO_S3_SCS__1S_20260329T214830_20260329T214851_T_G01_M02_C02_T043_F172_01_DP2TF7,2026-03-29T21:48:30.723Z,2026-03-29T21:48:51.124Z,2,DESCENDING,0,feature_0_part_1,https://catalog.maap.eo.esa.int/data/biomass-pdgs-01/BiomassLevel1a/2026/03/29/BIO_S3_SCS__1S_20260329T214830_20260329T214851_T_G01_M02_C02_T043_F172_01_DP2TF7/BIO_S3_SCS__1S_20260329T214830_20260329T214851_T_G01_M02_C02_T043_F172_01_DP2TF7/preview/bio_s3_scs__1s_20260329t214830_20260329t214851_t_g01_m02_c02_t043_f172_map.kml,C:\Users\jales\Documents\GitHub\thesis_code\datasets\biomass_orbits\SCS_T043_F172.kml
SCS_T043_F173,T043,F173,SCS,BIO_S3_SCS__1S_20260329T214849_20260329T214910_T_G01_M02_C02_T043_F173_01_DP2T6G,2026-03-29T21:48:49.738Z,2026-03-29T21:49:10.138Z,2,DESCENDING,0,feature_0_part_1,https://catalog.maap.eo.esa.int/data/biomass-pdgs-01/BiomassLevel1a/2026/03/29/BIO_S3_SCS__1S_20260329T214849_20260329T214910_T_G01_M02_C02_T043_F173_01_DP2T6G/BIO_S3_SCS__1S_20260329T214849_20260329T214910_T_G01_M02_C02_T043_F173_01_DP2T6G/preview/bio_s3_scs__1s_20260329t214849_20260329t214910_t_g01_m02_c02_t043_f173_map.kml,C:\Users\jales\Documents\GitHub\thesis_code\datasets\biomass_orbits\SCS_T043_F173.kml
SCS_T043_F174,T043,F174,SCS,BIO_S3_SCS__1S_20260329T214908_20260329T214929_T_G01_M02_C02_T043_F174_01_DP2TA8,2026-03-29T21:49:08.752Z,2026-03-29T21:49:29.153Z,2,DESCENDING,0,feature_0_part_1,https://catalog.maap.eo.esa.int/data/biomass-pdgs-01/BiomassLevel1a/2026/03/29/BIO_S3_SCS__1S_20260329T214908_20260329T214929_T_G01_M02_C02_T043_F174_01_DP2TA8/BIO_S3_SCS__1S_20260329T214908_20260329T214929_T_G01_M02_C02_T043_F174_01_DP2TA8/preview/bio_s3_scs__1s_20260329t214908_20260329t214929_t_g01_m02_c02_t043_f174_map.kml,C:\Users\jales\Documents\GitHub\thesis_code\datasets\biomass_orbits\SCS_T043_F174.kml
SCS_T043_F175,T043,F175,SCS,BIO_S3_SCS__1S_20260329T214927_20260329T214948_T_G01_M02_C02_T043_F175_01_DP2TDC,2026-03-29T21:49:27.768Z,2026-03-29T21:49:48.170Z,2,DESCENDING,0,feature_0_part_1,https://catalog.maap.eo.esa.int/data/biomass-pdgs-01/BiomassLevel1a/2026/03/29/BIO_S3_SCS__1S_20260329T214927_20260329T214948_T_G01_M02_C02_T043_F175_01_DP2TDC/BIO_S3_SCS__1S_20260329T214927_20260329T214948_T_G01_M02_C02_T043_F175_01_DP2TDC/preview/bio_s3_scs__1s_20260329t214927_20260329t214948_t_g01_m02_c02_t043_f175_map.kml,C:\Users\jales\Documents\GitHub\thesis_code\datasets\biomass_orbits\SCS_T043_F175.kml
SCS_T043_F176,T043,F176,SCS,BIO_S3_SCS__1S_20260329T214946_20260329T215007_T_G01_M02_C02_T043_F176_01_DP2TUX,2026-03-29T21:49:46.785Z,2026-03-29T21:50:07.189Z,2,DESCENDING,0,feature_0_part_1,https://catalog.maap.eo.esa.int/data/biomass-pdgs-01/BiomassLevel1a/2026/03/29/BIO_S3_SCS__1S_20260329T214946_20260329T215007_T_G01_M02_C02_T043_F176_01_DP2TUX/BIO_S3_SCS__1S_20260329T214946_20260329T215007_T_G01_M02_C02_T043_F176_01_DP2TUX/preview/bio_s3_scs__1s_20260329t214946_20260329t215007_t_g01_m02_c02_t043_f176_map.kml,C:\Users\jales\Documents\GitHub\thesis_code\datasets\biomass_orbits\SCS_T043_F176.kml
