poly_id,class,domain,sample,scene_time,scene_name
Gl_11_U_146,Gl,11,U,2026-07-09T21:10:30+00:00,NISAR_L2_PR_GSLC_025_024_D_091_2005_DHDH_A_20260709T211030_20260709T211104_P05023_N_F_J_001
Sv_06_B_67,Sv,06,B,2026-07-10T09:34:07+00:00,NISAR_L2_PR_GSLC_025_031_A_169_2005_DHDH_M_20260710T093407_20260710T093442_P05023_N_F_J_001
Fo_08_U_16,Fo,08,U,2026-07-11T08:51:23+00:00,NISAR_L2_PR_GSLC_025_045_A_167_2005_DHDH_M_20260711T085123_20260711T085158_P05023_N_F_J_001
Fo_08_W_15,Fo,08,W,2026-07-11T08:51:23+00:00,NISAR_L2_PR_GSLC_025_045_A_167_2005_DHDH_M_20260711T085123_20260711T085158_P05023_N_F_J_001
Fo_08_R_18,Fo,08,R,2026-07-11T08:51:57+00:00,NISAR_L2_PR_GSLC_025_045_A_168_2005_DHDH_A_20260711T085157_20260711T085231_P05023_N_F_J_001
Gl_03_W_115,Gl,03,W,2026-07-11T08:51:57+00:00,NISAR_L2_PR_GSLC_025_045_A_168_2005_DHDH_A_20260711T085157_20260711T085231_P05023_N_F_J_001
Gl_08_G_29,Gl,08,G,2026-07-11T08:51:57+00:00,NISAR_L2_PR_GSLC_025_045_A_168_2005_DHDH_A_20260711T085157_20260711T085231_P05023_N_F_J_001
Sv_03_R_113,Sv,03,R,2026-07-11T08:51:57+00:00,NISAR_L2_PR_GSLC_025_045_A_168_2005_DHDH_A_20260711T085157_20260711T085231_P05023_N_F_J_001
Sv_08_R_23,Sv,08,R,2026-07-11T08:51:57+00:00,NISAR_L2_PR_GSLC_025_045_A_168_2005_DHDH_A_20260711T085157_20260711T085231_P05023_N_F_J_001
Fo_08_G_19,Fo,08,G,2026-07-11T08:52:33+00:00,NISAR_L2_PR_GSLC_025_045_A_169_2005_DHDH_A_20260711T085233_20260711T085305_P05023_N_F_J_001
Gl_03_U_116,Gl,03,U,2026-07-11T08:52:33+00:00,NISAR_L2_PR_GSLC_025_045_A_169_2005_DHDH_A_20260711T085233_20260711T085305_P05023_N_F_J_001
Gl_08_R_28,Gl,08,R,2026-07-11T08:52:33+00:00,NISAR_L2_PR_GSLC_025_045_A_169_2005_DHDH_A_20260711T085233_20260711T085305_P05023_N_F_J_001
Sv_03_B_112,Sv,03,B,2026-07-11T08:52:33+00:00,NISAR_L2_PR_GSLC_025_045_A_169_2005_DHDH_A_20260711T085233_20260711T085305_P05023_N_F_J_001
Gl_08_W_25,Gl,08,W,2026-07-11T08:53:04+00:00,NISAR_L2_PR_GSLC_025_045_A_170_2005_DHDH_A_20260711T085304_20260711T085338_P05023_N_F_J_001
Fo_02_B_92,Fo,02,B,2026-07-11T21:27:42+00:00,NISAR_L2_PR_GSLC_025_053_D_092_2005_DHDH_A_20260711T212742_20260711T212816_P05023_N_F_J_001
Gl_02_G_104,Gl,02,G,2026-07-11T21:27:42+00:00,NISAR_L2_PR_GSLC_025_053_D_092_2005_DHDH_A_20260711T212742_20260711T212816_P05023_N_F_J_001
Fo_02_U_91,Fo,02,U,2026-07-11T21:28:15+00:00,NISAR_L2_PR_GSLC_025_053_D_093_2005_DHDH_A_20260711T212815_20260711T212850_P05023_N_F_J_001
Sv_02_U_96,Sv,02,U,2026-07-11T21:28:15+00:00,NISAR_L2_PR_GSLC_025_053_D_093_2005_DHDH_A_20260711T212815_20260711T212850_P05023_N_F_J_001
Sv_04_U_126,Sv,04,U,2026-07-13T09:08:35+00:00,NISAR_L2_PR_GSLC_025_074_A_168_2005_DHDH_M_20260713T090835_20260713T090910_P05023_N_F_J_001
Sv_04_W_125,Sv,04,W,2026-07-13T09:08:35+00:00,NISAR_L2_PR_GSLC_025_074_A_168_2005_DHDH_M_20260713T090835_20260713T090910_P05023_N_F_J_001
Fo_03_W_105,Fo,03,W,2026-07-13T09:09:07+00:00,NISAR_L2_PR_GSLC_025_074_A_169_4005_DHDH_A_20260713T090907_20260713T090944_P05023_N_F_J_001
Fo_01_U_31,Fo,01,U,2026-07-13T09:09:43+00:00,NISAR_L2_PR_GSLC_025_074_A_170_2005_DHDH_M_20260713T090943_20260713T091017_P05023_N_F_J_001
Fo_01_B_32,Fo,01,B,2026-07-13T09:10:16+00:00,NISAR_L2_PR_GSLC_025_074_A_171_2005_DHDH_A_20260713T091016_20260713T091051_P05023_N_F_J_001
Fo_07_B_47,Fo,07,B,2026-07-13T09:10:16+00:00,NISAR_L2_PR_GSLC_025_074_A_171_2005_DHDH_A_20260713T091016_20260713T091051_P05023_N_F_J_001
Fo_07_G_49,Fo,07,G,2026-07-13T09:10:16+00:00,NISAR_L2_PR_GSLC_025_074_A_171_2005_DHDH_A_20260713T091016_20260713T091051_P05023_N_F_J_001
Fo_07_R_48,Fo,07,R,2026-07-13T09:10:16+00:00,NISAR_L2_PR_GSLC_025_074_A_171_2005_DHDH_A_20260713T091016_20260713T091051_P05023_N_F_J_001
Gl_07_B_57,Gl,07,B,2026-07-13T09:10:16+00:00,NISAR_L2_PR_GSLC_025_074_A_171_2005_DHDH_A_20260713T091016_20260713T091051_P05023_N_F_J_001
Gl_07_R_58,Gl,07,R,2026-07-13T09:10:16+00:00,NISAR_L2_PR_GSLC_025_074_A_171_2005_DHDH_A_20260713T091016_20260713T091051_P05023_N_F_J_001
Sv_07_U_51,Sv,07,U,2026-07-13T09:10:16+00:00,NISAR_L2_PR_GSLC_025_074_A_171_2005_DHDH_A_20260713T091016_20260713T091051_P05023_N_F_J_001
Sv_07_W_50,Sv,07,W,2026-07-13T09:10:16+00:00,NISAR_L2_PR_GSLC_025_074_A_171_2005_DHDH_A_20260713T091016_20260713T091051_P05023_N_F_J_001
Sv_09_W_80,Sv,09,W,2026-07-13T09:10:16+00:00,NISAR_L2_PR_GSLC_025_074_A_171_2005_DHDH_A_20260713T091016_20260713T091051_P05023_N_F_J_001
Fo_07_W_45,Fo,07,W,2026-07-13T09:10:50+00:00,NISAR_L2_PR_GSLC_025_074_A_172_2005_DHDH_A_20260713T091050_20260713T091124_P05023_N_F_J_001
Gl_07_U_56,Gl,07,U,2026-07-13T09:10:50+00:00,NISAR_L2_PR_GSLC_025_074_A_172_2005_DHDH_A_20260713T091050_20260713T091124_P05023_N_F_J_001
Gl_07_W_55,Gl,07,W,2026-07-13T09:10:50+00:00,NISAR_L2_PR_GSLC_025_074_A_172_2005_DHDH_A_20260713T091050_20260713T091124_P05023_N_F_J_001
Sv_07_G_54,Sv,07,G,2026-07-13T09:10:50+00:00,NISAR_L2_PR_GSLC_025_074_A_172_2005_DHDH_A_20260713T091050_20260713T091124_P05023_N_F_J_001
Sv_07_R_53,Sv,07,R,2026-07-13T09:10:50+00:00,NISAR_L2_PR_GSLC_025_074_A_172_2005_DHDH_A_20260713T091050_20260713T091124_P05023_N_F_J_001
Gl_07_G_59,Gl,07,G,2026-07-13T21:45:28+00:00,NISAR_L2_PR_GSLC_025_082_D_094_2005_DHDH_A_20260713T214528_20260713T214602_P05023_N_F_J_001
Sv_07_B_52,Sv,07,B,2026-07-13T21:45:28+00:00,NISAR_L2_PR_GSLC_025_082_D_094_2005_DHDH_A_20260713T214528_20260713T214602_P05023_N_F_J_001
Fo_09_G_79,Fo,09,G,2026-07-13T21:46:01+00:00,NISAR_L2_PR_GSLC_025_082_D_095_2005_DHDH_A_20260713T214601_20260713T214636_P05023_N_F_J_001
Sv_09_U_81,Sv,09,U,2026-07-13T21:46:01+00:00,NISAR_L2_PR_GSLC_025_082_D_095_2005_DHDH_A_20260713T214601_20260713T214636_P05023_N_F_J_001
Gl_04_R_133,Gl,04,R,2026-07-13T21:46:35+00:00,NISAR_L2_PR_GSLC_025_082_D_096_2005_DHDH_A_20260713T214635_20260713T214709_P05023_N_F_J_001
Sv_01_U_36,Sv,01,U,2026-07-13T21:46:35+00:00,NISAR_L2_PR_GSLC_025_082_D_096_2005_DHDH_A_20260713T214635_20260713T214709_P05023_N_F_J_001
Sv_04_R_128,Sv,04,R,2026-07-13T21:46:35+00:00,NISAR_L2_PR_GSLC_025_082_D_096_2005_DHDH_A_20260713T214635_20260713T214709_P05023_N_F_J_001
Fo_04_B_122,Fo,04,B,2026-07-13T21:48:15+00:00,NISAR_L2_PR_GSLC_025_082_D_099_4005_DHDH_A_20260713T214815_20260713T214854_P05023_N_F_J_001
Gl_04_G_134,Gl,04,G,2026-07-13T21:48:15+00:00,NISAR_L2_PR_GSLC_025_082_D_099_4005_DHDH_A_20260713T214815_20260713T214854_P05023_N_F_J_001
Gl_11_B_147,Gl,11,B,2026-07-14T08:31:26+00:00,NISAR_L2_PR_GSLC_025_088_A_176_2005_DHDH_A_20260714T083126_20260714T083202_P05023_F_F_J_001
Sv_11_W_140,Sv,11,W,2026-07-14T21:02:10+00:00,NISAR_L2_PR_GSLC_025_096_D_091_2005_DHDH_A_20260714T210210_20260714T210245_P05023_F_F_J_001
Gl_05_R_13,Gl,05,R,2026-07-14T21:04:58+00:00,NISAR_L2_PR_GSLC_025_096_D_096_2005_DHDH_A_20260714T210458_20260714T210532_P05023_F_F_J_001
Fo_05_B_2,Fo,05,B,2026-07-14T21:05:31+00:00,NISAR_L2_PR_GSLC_025_096_D_097_2005_DHDH_M_20260714T210531_20260714T210606_P05023_F_F_J_001
Fo_05_G_4,Fo,05,G,2026-07-14T21:05:31+00:00,NISAR_L2_PR_GSLC_025_096_D_097_2005_DHDH_M_20260714T210531_20260714T210606_P05023_F_F_J_001
Fo_05_U_1,Fo,05,U,2026-07-14T21:05:31+00:00,NISAR_L2_PR_GSLC_025_096_D_097_2005_DHDH_M_20260714T210531_20260714T210606_P05023_F_F_J_001
Fo_05_W_0,Fo,05,W,2026-07-14T21:05:31+00:00,NISAR_L2_PR_GSLC_025_096_D_097_2005_DHDH_M_20260714T210531_20260714T210606_P05023_F_F_J_001
Fo_11_R_138,Fo,11,R,2026-07-14T21:05:31+00:00,NISAR_L2_PR_GSLC_025_096_D_097_2005_DHDH_M_20260714T210531_20260714T210606_P05023_F_F_J_001
Gl_05_B_12,Gl,05,B,2026-07-14T21:05:31+00:00,NISAR_L2_PR_GSLC_025_096_D_097_2005_DHDH_M_20260714T210531_20260714T210606_P05023_F_F_J_001
Gl_05_G_14,Gl,05,G,2026-07-14T21:05:31+00:00,NISAR_L2_PR_GSLC_025_096_D_097_2005_DHDH_M_20260714T210531_20260714T210606_P05023_F_F_J_001
Gl_11_G_149,Gl,11,G,2026-07-14T21:05:31+00:00,NISAR_L2_PR_GSLC_025_096_D_097_2005_DHDH_M_20260714T210531_20260714T210606_P05023_F_F_J_001
Sv_05_B_7,Sv,05,B,2026-07-14T21:05:31+00:00,NISAR_L2_PR_GSLC_025_096_D_097_2005_DHDH_M_20260714T210531_20260714T210606_P05023_F_F_J_001
Sv_05_G_9,Sv,05,G,2026-07-14T21:05:31+00:00,NISAR_L2_PR_GSLC_025_096_D_097_2005_DHDH_M_20260714T210531_20260714T210606_P05023_F_F_J_001
Sv_05_R_8,Sv,05,R,2026-07-14T21:05:31+00:00,NISAR_L2_PR_GSLC_025_096_D_097_2005_DHDH_M_20260714T210531_20260714T210606_P05023_F_F_J_001
Sv_05_U_6,Sv,05,U,2026-07-14T21:05:31+00:00,NISAR_L2_PR_GSLC_025_096_D_097_2005_DHDH_M_20260714T210531_20260714T210606_P05023_F_F_J_001
Sv_05_W_5,Sv,05,W,2026-07-14T21:05:31+00:00,NISAR_L2_PR_GSLC_025_096_D_097_2005_DHDH_M_20260714T210531_20260714T210606_P05023_F_F_J_001
Sv_11_R_143,Sv,11,R,2026-07-14T21:05:31+00:00,NISAR_L2_PR_GSLC_025_096_D_097_2005_DHDH_M_20260714T210531_20260714T210606_P05023_F_F_J_001
Fo_05_R_3,Fo,05,R,2026-07-14T21:06:05+00:00,NISAR_L2_PR_GSLC_025_096_D_098_4005_DHDH_A_20260714T210605_20260714T210639_P05023_F_F_J_001
Fo_11_B_137,Fo,11,B,2026-07-14T21:06:05+00:00,NISAR_L2_PR_GSLC_025_096_D_098_4005_DHDH_A_20260714T210605_20260714T210639_P05023_F_F_J_001
Gl_05_U_11,Gl,05,U,2026-07-14T21:06:05+00:00,NISAR_L2_PR_GSLC_025_096_D_098_4005_DHDH_A_20260714T210605_20260714T210639_P05023_F_F_J_001
Gl_05_W_10,Gl,05,W,2026-07-14T21:06:05+00:00,NISAR_L2_PR_GSLC_025_096_D_098_4005_DHDH_A_20260714T210605_20260714T210639_P05023_F_F_J_001
Sv_08_B_22,Sv,08,B,2026-07-14T21:06:05+00:00,NISAR_L2_PR_GSLC_025_096_D_098_4005_DHDH_A_20260714T210605_20260714T210639_P05023_F_F_J_001
Sv_08_G_24,Sv,08,G,2026-07-14T21:06:05+00:00,NISAR_L2_PR_GSLC_025_096_D_098_4005_DHDH_A_20260714T210605_20260714T210639_P05023_F_F_J_001
Sv_08_U_21,Sv,08,U,2026-07-14T21:06:05+00:00,NISAR_L2_PR_GSLC_025_096_D_098_4005_DHDH_A_20260714T210605_20260714T210639_P05023_F_F_J_001
Sv_08_W_20,Sv,08,W,2026-07-14T21:06:05+00:00,NISAR_L2_PR_GSLC_025_096_D_098_4005_DHDH_A_20260714T210605_20260714T210639_P05023_F_F_J_001
Sv_04_B_127,Sv,04,B,2026-07-15T09:24:41+00:00,NISAR_L2_PR_GSLC_025_103_A_167_2005_DHDH_A_20260715T092441_20260715T092515_P05023_N_F_J_001
Sv_04_G_129,Sv,04,G,2026-07-15T09:24:41+00:00,NISAR_L2_PR_GSLC_025_103_A_167_2005_DHDH_A_20260715T092441_20260715T092515_P05023_N_F_J_001
Gl_04_B_132,Gl,04,B,2026-07-15T09:25:14+00:00,NISAR_L2_PR_GSLC_025_103_A_168_2005_DHDH_A_20260715T092514_20260715T092549_P05023_N_F_J_001
Fo_04_U_121,Fo,04,U,2026-07-15T09:25:48+00:00,NISAR_L2_PR_GSLC_025_103_A_169_2005_DHDH_A_20260715T092548_20260715T092622_P05023_N_F_J_001
Fo_04_W_120,Fo,04,W,2026-07-15T09:26:21+00:00,NISAR_L2_PR_GSLC_025_103_A_170_2005_DHDH_A_20260715T092621_20260715T092656_P05023_N_F_J_001
Fo_06_B_62,Fo,06,B,2026-07-15T09:26:21+00:00,NISAR_L2_PR_GSLC_025_103_A_170_2005_DHDH_A_20260715T092621_20260715T092656_P05023_N_F_J_001
Fo_06_U_61,Fo,06,U,2026-07-15T09:26:21+00:00,NISAR_L2_PR_GSLC_025_103_A_170_2005_DHDH_A_20260715T092621_20260715T092656_P05023_N_F_J_001
Fo_06_W_60,Fo,06,W,2026-07-15T09:26:21+00:00,NISAR_L2_PR_GSLC_025_103_A_170_2005_DHDH_A_20260715T092621_20260715T092656_P05023_N_F_J_001
Gl_06_B_72,Gl,06,B,2026-07-15T09:26:21+00:00,NISAR_L2_PR_GSLC_025_103_A_170_2005_DHDH_A_20260715T092621_20260715T092656_P05023_N_F_J_001
Gl_06_U_71,Gl,06,U,2026-07-15T09:26:21+00:00,NISAR_L2_PR_GSLC_025_103_A_170_2005_DHDH_A_20260715T092621_20260715T092656_P05023_N_F_J_001
Gl_06_W_70,Gl,06,W,2026-07-15T09:26:21+00:00,NISAR_L2_PR_GSLC_025_103_A_170_2005_DHDH_A_20260715T092621_20260715T092656_P05023_N_F_J_001
Sv_06_G_69,Sv,06,G,2026-07-15T09:26:21+00:00,NISAR_L2_PR_GSLC_025_103_A_170_2005_DHDH_A_20260715T092621_20260715T092656_P05023_N_F_J_001
Sv_06_R_68,Sv,06,R,2026-07-15T09:26:21+00:00,NISAR_L2_PR_GSLC_025_103_A_170_2005_DHDH_A_20260715T092621_20260715T092656_P05023_N_F_J_001
Fo_09_R_78,Fo,09,R,2026-07-15T09:26:55+00:00,NISAR_L2_PR_GSLC_025_103_A_171_2005_DHDH_A_20260715T092655_20260715T092729_P05023_N_F_J_001
Sv_09_R_83,Sv,09,R,2026-07-15T09:26:55+00:00,NISAR_L2_PR_GSLC_025_103_A_171_2005_DHDH_A_20260715T092655_20260715T092729_P05023_N_F_J_001
Fo_09_B_77,Fo,09,B,2026-07-15T22:02:40+00:00,NISAR_L2_PR_GSLC_025_111_D_095_2005_DHDH_A_20260715T220240_20260715T220315_P05023_N_F_J_001
Fo_09_U_76,Fo,09,U,2026-07-15T22:02:40+00:00,NISAR_L2_PR_GSLC_025_111_D_095_2005_DHDH_A_20260715T220240_20260715T220315_P05023_N_F_J_001
Gl_09_R_88,Gl,09,R,2026-07-15T22:02:40+00:00,NISAR_L2_PR_GSLC_025_111_D_095_2005_DHDH_A_20260715T220240_20260715T220315_P05023_N_F_J_001
Fo_11_U_136,Fo,11,U,2026-07-15T22:03:14+00:00,NISAR_L2_PR_GSLC_025_111_D_096_2005_DHDH_A_20260715T220314_20260715T220348_P05023_N_F_J_001
Gl_09_G_89,Gl,09,G,2026-07-15T22:03:14+00:00,NISAR_L2_PR_GSLC_025_111_D_096_2005_DHDH_A_20260715T220314_20260715T220348_P05023_N_F_J_001
Gl_09_W_85,Gl,09,W,2026-07-15T22:03:14+00:00,NISAR_L2_PR_GSLC_025_111_D_096_2005_DHDH_A_20260715T220314_20260715T220348_P05023_N_F_J_001
Sv_02_G_99,Sv,02,G,2026-07-16T08:44:44+00:00,NISAR_L2_PR_GSLC_025_117_A_170_2005_DHDH_A_20260716T084444_20260716T084519_P05023_N_F_J_001
Sv_11_U_141,Sv,11,U,2026-07-16T08:45:51+00:00,NISAR_L2_PR_GSLC_025_117_A_172_2005_DHDH_A_20260716T084551_20260716T084626_P05023_N_F_J_001
Sv_02_R_98,Sv,02,R,2026-07-16T08:46:25+00:00,NISAR_L2_PR_GSLC_025_117_A_173_2005_DHDH_A_20260716T084625_20260716T084659_P05023_N_F_J_001
Fo_02_R_93,Fo,02,R,2026-07-16T08:46:58+00:00,NISAR_L2_PR_GSLC_025_117_A_174_2005_DHDH_A_20260716T084658_20260716T084733_P05023_N_F_J_001
Sv_02_B_97,Sv,02,B,2026-07-16T08:46:58+00:00,NISAR_L2_PR_GSLC_025_117_A_174_2005_DHDH_A_20260716T084658_20260716T084733_P05023_N_F_J_001
Fo_11_G_139,Fo,11,G,2026-07-16T08:47:32+00:00,NISAR_L2_PR_GSLC_025_117_A_175_2005_DHDH_A_20260716T084732_20260716T084806_P05023_N_F_J_001
Gl_01_G_44,Gl,01,G,2026-07-16T21:20:29+00:00,NISAR_L2_PR_GSLC_025_125_D_094_2005_SHSH_A_20260716T212029_20260716T212104_P05023_N_F_J_001
Gl_02_U_101,Gl,02,U,2026-07-16T21:20:29+00:00,NISAR_L2_PR_GSLC_025_125_D_094_2005_SHSH_A_20260716T212029_20260716T212104_P05023_N_F_J_001
Gl_02_W_100,Gl,02,W,2026-07-16T21:20:29+00:00,NISAR_L2_PR_GSLC_025_125_D_094_2005_SHSH_A_20260716T212029_20260716T212104_P05023_N_F_J_001
Fo_02_G_94,Fo,02,G,2026-07-16T21:21:03+00:00,NISAR_L2_PR_GSLC_025_125_D_095_2005_SHSH_A_20260716T212103_20260716T212137_P05023_N_F_J_001
Gl_02_R_103,Gl,02,R,2026-07-16T21:21:03+00:00,NISAR_L2_PR_GSLC_025_125_D_095_2005_SHSH_A_20260716T212103_20260716T212137_P05023_N_F_J_001
Sv_01_B_37,Sv,01,B,2026-07-16T21:21:03+00:00,NISAR_L2_PR_GSLC_025_125_D_095_2005_SHSH_A_20260716T212103_20260716T212137_P05023_N_F_J_001
Fo_01_R_33,Fo,01,R,2026-07-16T21:21:36+00:00,NISAR_L2_PR_GSLC_025_125_D_096_2005_SHSH_A_20260716T212136_20260716T212211_P05023_N_F_J_001
Fo_03_G_109,Fo,03,G,2026-07-16T21:21:36+00:00,NISAR_L2_PR_GSLC_025_125_D_096_2005_SHSH_A_20260716T212136_20260716T212211_P05023_N_F_J_001
Gl_02_B_102,Gl,02,B,2026-07-16T21:21:36+00:00,NISAR_L2_PR_GSLC_025_125_D_096_2005_SHSH_A_20260716T212136_20260716T212211_P05023_N_F_J_001
Gl_03_B_117,Gl,03,B,2026-07-16T21:21:36+00:00,NISAR_L2_PR_GSLC_025_125_D_096_2005_SHSH_A_20260716T212136_20260716T212211_P05023_N_F_J_001
Gl_03_G_119,Gl,03,G,2026-07-16T21:21:36+00:00,NISAR_L2_PR_GSLC_025_125_D_096_2005_SHSH_A_20260716T212136_20260716T212211_P05023_N_F_J_001
Gl_03_R_118,Gl,03,R,2026-07-16T21:21:36+00:00,NISAR_L2_PR_GSLC_025_125_D_096_2005_SHSH_A_20260716T212136_20260716T212211_P05023_N_F_J_001
Sv_01_R_38,Sv,01,R,2026-07-16T21:21:36+00:00,NISAR_L2_PR_GSLC_025_125_D_096_2005_SHSH_A_20260716T212136_20260716T212211_P05023_N_F_J_001
Sv_03_U_111,Sv,03,U,2026-07-16T21:21:36+00:00,NISAR_L2_PR_GSLC_025_125_D_096_2005_SHSH_A_20260716T212136_20260716T212211_P05023_N_F_J_001
Gl_08_B_27,Gl,08,B,2026-07-16T21:22:10+00:00,NISAR_L2_PR_GSLC_025_125_D_097_2005_SHSH_A_20260716T212210_20260716T212244_P05023_N_F_J_001
Gl_08_U_26,Gl,08,U,2026-07-16T21:22:10+00:00,NISAR_L2_PR_GSLC_025_125_D_097_2005_SHSH_A_20260716T212210_20260716T212244_P05023_N_F_J_001
Sv_03_W_110,Sv,03,W,2026-07-16T21:22:10+00:00,NISAR_L2_PR_GSLC_025_125_D_097_2005_SHSH_A_20260716T212210_20260716T212244_P05023_N_F_J_001
Fo_04_G_124,Fo,04,G,2026-07-16T21:22:43+00:00,NISAR_L2_PR_GSLC_025_125_D_098_2005_SHSH_M_20260716T212243_20260716T212318_P05023_N_F_J_001
Sv_03_G_114,Sv,03,G,2026-07-16T21:22:43+00:00,NISAR_L2_PR_GSLC_025_125_D_098_2005_SHSH_M_20260716T212243_20260716T212318_P05023_N_F_J_001
Fo_04_R_123,Fo,04,R,2026-07-16T21:23:17+00:00,NISAR_L2_PR_GSLC_025_125_D_099_4005_DHDH_A_20260716T212317_20260716T212356_P05023_N_F_J_001
Gl_04_U_131,Gl,04,U,2026-07-16T21:23:17+00:00,NISAR_L2_PR_GSLC_025_125_D_099_4005_DHDH_A_20260716T212317_20260716T212356_P05023_N_F_J_001
Gl_04_W_130,Gl,04,W,2026-07-16T21:24:24+00:00,NISAR_L2_PR_GSLC_025_125_D_101_4005_DHDH_A_20260716T212424_20260716T212459_P05023_N_F_J_001
Fo_06_G_64,Fo,06,G,2026-07-17T09:41:20+00:00,NISAR_L2_PR_GSLC_025_132_A_167_2005_DHDH_A_20260717T094120_20260717T094154_P05023_N_F_J_001
Fo_06_R_63,Fo,06,R,2026-07-17T09:41:20+00:00,NISAR_L2_PR_GSLC_025_132_A_167_2005_DHDH_A_20260717T094120_20260717T094154_P05023_N_F_J_001
Gl_06_G_74,Gl,06,G,2026-07-17T09:41:20+00:00,NISAR_L2_PR_GSLC_025_132_A_167_2005_DHDH_A_20260717T094120_20260717T094154_P05023_N_F_J_001
Gl_06_R_73,Gl,06,R,2026-07-17T09:41:20+00:00,NISAR_L2_PR_GSLC_025_132_A_167_2005_DHDH_A_20260717T094120_20260717T094154_P05023_N_F_J_001
Sv_06_U_66,Sv,06,U,2026-07-17T09:41:20+00:00,NISAR_L2_PR_GSLC_025_132_A_167_2005_DHDH_A_20260717T094120_20260717T094154_P05023_N_F_J_001
Sv_06_W_65,Sv,06,W,2026-07-17T09:41:20+00:00,NISAR_L2_PR_GSLC_025_132_A_167_2005_DHDH_A_20260717T094120_20260717T094154_P05023_N_F_J_001
Gl_09_B_87,Gl,09,B,2026-07-17T09:43:00+00:00,NISAR_L2_PR_GSLC_025_132_A_170_2005_DHDH_A_20260717T094300_20260717T094335_P05023_N_F_J_001
Fo_09_W_75,Fo,09,W,2026-07-17T09:43:34+00:00,NISAR_L2_PR_GSLC_025_132_A_171_2005_DHDH_A_20260717T094334_20260717T094408_P05023_N_F_J_001
Gl_09_U_86,Gl,09,U,2026-07-17T09:43:34+00:00,NISAR_L2_PR_GSLC_025_132_A_171_2005_DHDH_A_20260717T094334_20260717T094408_P05023_N_F_J_001
Gl_11_R_148,Gl,11,R,2026-07-17T09:43:34+00:00,NISAR_L2_PR_GSLC_025_132_A_171_2005_DHDH_A_20260717T094334_20260717T094408_P05023_N_F_J_001
Sv_09_B_82,Sv,09,B,2026-07-17T09:43:34+00:00,NISAR_L2_PR_GSLC_025_132_A_171_2005_DHDH_A_20260717T094334_20260717T094408_P05023_N_F_J_001
Sv_09_G_84,Sv,09,G,2026-07-17T09:43:34+00:00,NISAR_L2_PR_GSLC_025_132_A_171_2005_DHDH_A_20260717T094334_20260717T094408_P05023_N_F_J_001
Sv_11_B_142,Sv,11,B,2026-07-17T09:43:34+00:00,NISAR_L2_PR_GSLC_025_132_A_171_2005_DHDH_A_20260717T094334_20260717T094408_P05023_N_F_J_001
Fo_11_W_135,Fo,11,W,2026-07-17T09:44:07+00:00,NISAR_L2_PR_GSLC_025_132_A_172_2005_DHDH_A_20260717T094407_20260717T094442_P05023_N_F_J_001
Fo_08_B_17,Fo,08,B,2026-07-18T08:59:42+00:00,NISAR_L2_PR_GSLC_025_146_A_167_4005_DHDH_A_20260718T085942_20260718T090017_P05023_N_F_J_001
Fo_03_B_107,Fo,03,B,2026-07-18T09:00:16+00:00,NISAR_L2_PR_GSLC_025_146_A_168_2005_DHDH_M_20260718T090016_20260718T090051_P05023_N_F_J_001
Fo_03_U_106,Fo,03,U,2026-07-18T09:00:16+00:00,NISAR_L2_PR_GSLC_025_146_A_168_2005_DHDH_M_20260718T090016_20260718T090051_P05023_N_F_J_001
Fo_03_R_108,Fo,03,R,2026-07-18T09:01:57+00:00,NISAR_L2_PR_GSLC_025_146_A_171_2005_DHDH_M_20260718T090157_20260718T090231_P05023_N_F_J_001
Fo_07_U_46,Fo,07,U,2026-07-18T09:02:30+00:00,NISAR_L2_PR_GSLC_025_146_A_172_2005_DHDH_A_20260718T090230_20260718T090305_P05023_N_F_J_001
Gl_01_B_42,Gl,01,B,2026-07-18T09:02:30+00:00,NISAR_L2_PR_GSLC_025_146_A_172_2005_DHDH_A_20260718T090230_20260718T090305_P05023_N_F_J_001
Gl_01_R_43,Gl,01,R,2026-07-18T09:02:30+00:00,NISAR_L2_PR_GSLC_025_146_A_172_2005_DHDH_A_20260718T090230_20260718T090305_P05023_N_F_J_001
Sv_01_G_39,Sv,01,G,2026-07-18T09:02:30+00:00,NISAR_L2_PR_GSLC_025_146_A_172_2005_DHDH_A_20260718T090230_20260718T090305_P05023_N_F_J_001
Fo_01_G_34,Fo,01,G,2026-07-18T09:03:04+00:00,NISAR_L2_PR_GSLC_025_146_A_173_2005_DHDH_A_20260718T090304_20260718T090338_P05023_N_F_J_001
Fo_02_W_90,Fo,02,W,2026-07-18T09:03:04+00:00,NISAR_L2_PR_GSLC_025_146_A_173_2005_DHDH_A_20260718T090304_20260718T090338_P05023_N_F_J_001
Gl_01_U_41,Gl,01,U,2026-07-18T09:03:04+00:00,NISAR_L2_PR_GSLC_025_146_A_173_2005_DHDH_A_20260718T090304_20260718T090338_P05023_N_F_J_001
Gl_01_W_40,Gl,01,W,2026-07-18T09:03:04+00:00,NISAR_L2_PR_GSLC_025_146_A_173_2005_DHDH_A_20260718T090304_20260718T090338_P05023_N_F_J_001
Gl_11_W_145,Gl,11,W,2026-07-18T09:03:04+00:00,NISAR_L2_PR_GSLC_025_146_A_173_2005_DHDH_A_20260718T090304_20260718T090338_P05023_N_F_J_001
Sv_02_W_95,Sv,02,W,2026-07-18T09:03:04+00:00,NISAR_L2_PR_GSLC_025_146_A_173_2005_DHDH_A_20260718T090304_20260718T090338_P05023_N_F_J_001
Sv_11_G_144,Sv,11,G,2026-07-18T09:03:04+00:00,NISAR_L2_PR_GSLC_025_146_A_173_2005_DHDH_A_20260718T090304_20260718T090338_P05023_N_F_J_001
Fo_01_W_30,Fo,01,W,2026-07-18T21:38:15+00:00,NISAR_L2_PR_GSLC_025_154_D_096_2005_SHSH_A_20260718T213815_20260718T213850_P05023_N_F_J_001
Sv_01_W_35,Sv,01,W,2026-07-18T21:38:15+00:00,NISAR_L2_PR_GSLC_025_154_D_096_2005_SHSH_A_20260718T213815_20260718T213850_P05023_N_F_J_001
