poly_id,class,domain,sample,scene_time,product_id
Fo_11_G_139,Fo,11,G,2026-03-14T08:42:43+00:00,S1A_IW_SLC__1SDV_20260314T084243_20260314T084310_063621_07FF27_4466-SLC
Sv_02_B_97,Sv,02,B,2026-03-14T08:42:43+00:00,S1A_IW_SLC__1SDV_20260314T084243_20260314T084310_063621_07FF27_4466-SLC
Fo_02_R_93,Fo,02,R,2026-03-14T08:43:07+00:00,S1A_IW_SLC__1SDV_20260314T084307_20260314T084335_063621_07FF27_C818-SLC
Fo_02_U_91,Fo,02,U,2026-03-14T08:43:33+00:00,S1A_IW_SLC__1SDV_20260314T084333_20260314T084400_063621_07FF27_22B0-SLC
Gl_01_G_44,Gl,01,G,2026-03-14T08:43:58+00:00,S1A_IW_SLC__1SDV_20260314T084358_20260314T084425_063621_07FF27_A244-SLC
Gl_02_U_101,Gl,02,U,2026-03-14T08:43:58+00:00,S1A_IW_SLC__1SDV_20260314T084358_20260314T084425_063621_07FF27_A244-SLC
Gl_02_W_100,Gl,02,W,2026-03-14T08:43:58+00:00,S1A_IW_SLC__1SDV_20260314T084358_20260314T084425_063621_07FF27_A244-SLC
Fo_02_G_94,Fo,02,G,2026-03-14T08:44:23+00:00,S1A_IW_SLC__1SDV_20260314T084423_20260314T084450_063621_07FF27_99E5-SLC
Sv_01_B_37,Sv,01,B,2026-03-14T08:44:23+00:00,S1A_IW_SLC__1SDV_20260314T084423_20260314T084450_063621_07FF27_99E5-SLC
Fo_03_G_109,Fo,03,G,2026-03-14T08:44:48+00:00,S1A_IW_SLC__1SDV_20260314T084448_20260314T084515_063621_07FF27_3658-SLC
Fo_03_R_108,Fo,03,R,2026-03-14T08:44:48+00:00,S1A_IW_SLC__1SDV_20260314T084448_20260314T084515_063621_07FF27_3658-SLC
Gl_03_G_119,Gl,03,G,2026-03-14T08:44:48+00:00,S1A_IW_SLC__1SDV_20260314T084448_20260314T084515_063621_07FF27_3658-SLC
Sv_03_U_111,Sv,03,U,2026-03-14T08:45:13+00:00,S1A_IW_SLC__1SDV_20260314T084513_20260314T084540_063621_07FF27_29EA-SLC
Sv_03_W_110,Sv,03,W,2026-03-14T08:45:37+00:00,S1A_IW_SLC__1SDV_20260314T084537_20260314T084605_063621_07FF27_05FE-SLC
Sv_04_U_126,Sv,04,U,2026-03-14T08:46:28+00:00,S1A_IW_SLC__1SDV_20260314T084628_20260314T084652_063621_07FF27_F992-SLC
Fo_01_R_33,Fo,01,R,2026-03-15T08:35:48+00:00,S1C_IW_SLC__1SDV_20260315T083548_20260315T083619_006772_00DAEF_15A2-SLC
Gl_02_B_102,Gl,02,B,2026-03-15T08:35:48+00:00,S1C_IW_SLC__1SDV_20260315T083548_20260315T083619_006772_00DAEF_15A2-SLC
Gl_03_B_117,Gl,03,B,2026-03-15T08:35:48+00:00,S1C_IW_SLC__1SDV_20260315T083548_20260315T083619_006772_00DAEF_15A2-SLC
Sv_01_R_38,Sv,01,R,2026-03-15T08:35:48+00:00,S1C_IW_SLC__1SDV_20260315T083548_20260315T083619_006772_00DAEF_15A2-SLC
Gl_03_R_118,Gl,03,R,2026-03-15T08:36:17+00:00,S1C_IW_SLC__1SDV_20260315T083617_20260315T083644_006772_00DAEF_6E66-SLC
Gl_08_W_25,Gl,08,W,2026-03-15T08:36:17+00:00,S1C_IW_SLC__1SDV_20260315T083617_20260315T083644_006772_00DAEF_6E66-SLC
Sv_03_B_112,Sv,03,B,2026-03-15T08:36:17+00:00,S1C_IW_SLC__1SDV_20260315T083617_20260315T083644_006772_00DAEF_6E66-SLC
Fo_03_B_107,Fo,03,B,2026-03-15T08:36:41+00:00,S1C_IW_SLC__1SDV_20260315T083641_20260315T083708_006772_00DAEF_380A-SLC
Fo_08_G_19,Fo,08,G,2026-03-15T08:36:41+00:00,S1C_IW_SLC__1SDV_20260315T083641_20260315T083708_006772_00DAEF_380A-SLC
Gl_08_B_27,Gl,08,B,2026-03-15T08:36:41+00:00,S1C_IW_SLC__1SDV_20260315T083641_20260315T083708_006772_00DAEF_380A-SLC
Gl_08_R_28,Gl,08,R,2026-03-15T08:36:41+00:00,S1C_IW_SLC__1SDV_20260315T083641_20260315T083708_006772_00DAEF_380A-SLC
Gl_08_U_26,Gl,08,U,2026-03-15T08:36:41+00:00,S1C_IW_SLC__1SDV_20260315T083641_20260315T083708_006772_00DAEF_380A-SLC
Sv_03_R_113,Sv,03,R,2026-03-15T08:36:41+00:00,S1C_IW_SLC__1SDV_20260315T083641_20260315T083708_006772_00DAEF_380A-SLC
Sv_03_G_114,Sv,03,G,2026-03-15T08:37:06+00:00,S1C_IW_SLC__1SDV_20260315T083706_20260315T083733_006772_00DAEF_8168-SLC
Fo_09_U_76,Fo,09,U,2026-03-15T09:25:46+00:00,S1A_IW_SLC__1SDV_20260315T092546_20260315T092613_063636_07FFB2_10CE-SLC
Fo_09_W_75,Fo,09,W,2026-03-15T09:25:46+00:00,S1A_IW_SLC__1SDV_20260315T092546_20260315T092613_063636_07FFB2_10CE-SLC
Gl_09_R_88,Gl,09,R,2026-03-15T09:25:46+00:00,S1A_IW_SLC__1SDV_20260315T092546_20260315T092613_063636_07FFB2_10CE-SLC
Gl_09_U_86,Gl,09,U,2026-03-15T09:25:46+00:00,S1A_IW_SLC__1SDV_20260315T092546_20260315T092613_063636_07FFB2_10CE-SLC
Sv_09_B_82,Sv,09,B,2026-03-15T09:25:46+00:00,S1A_IW_SLC__1SDV_20260315T092546_20260315T092613_063636_07FFB2_10CE-SLC
Sv_09_G_84,Sv,09,G,2026-03-15T09:25:46+00:00,S1A_IW_SLC__1SDV_20260315T092546_20260315T092613_063636_07FFB2_10CE-SLC
Gl_09_G_89,Gl,09,G,2026-03-15T09:26:11+00:00,S1A_IW_SLC__1SDV_20260315T092611_20260315T092638_063636_07FFB2_FE09-SLC
Gl_09_W_85,Gl,09,W,2026-03-15T09:26:11+00:00,S1A_IW_SLC__1SDV_20260315T092611_20260315T092638_063636_07FFB2_FE09-SLC
Sv_11_W_140,Sv,11,W,2026-03-16T08:26:07+00:00,S1A_IW_SLC__1SDV_20260316T082607_20260316T082634_063650_080038_0AD5-SLC
Fo_06_G_64,Fo,06,G,2026-03-16T09:18:36+00:00,S1C_IW_SLC__1SDV_20260316T091836_20260316T091907_006787_00DB74_8F60-SLC
Fo_06_R_63,Fo,06,R,2026-03-16T09:18:36+00:00,S1C_IW_SLC__1SDV_20260316T091836_20260316T091907_006787_00DB74_8F60-SLC
Gl_06_G_74,Gl,06,G,2026-03-16T09:18:36+00:00,S1C_IW_SLC__1SDV_20260316T091836_20260316T091907_006787_00DB74_8F60-SLC
Gl_06_R_73,Gl,06,R,2026-03-16T09:18:36+00:00,S1C_IW_SLC__1SDV_20260316T091836_20260316T091907_006787_00DB74_8F60-SLC
Sv_06_W_65,Sv,06,W,2026-03-16T09:18:36+00:00,S1C_IW_SLC__1SDV_20260316T091836_20260316T091907_006787_00DB74_8F60-SLC
Sv_06_U_66,Sv,06,U,2026-03-16T09:19:05+00:00,S1C_IW_SLC__1SDV_20260316T091905_20260316T091932_006787_00DB74_DAE9-SLC
Fo_05_B_2,Fo,05,B,2026-03-17T08:20:13+00:00,S1C_IW_SLC__1SDV_20260317T082013_20260317T082044_006801_00DBF4_FE22-SLC
Fo_05_R_3,Fo,05,R,2026-03-17T08:20:13+00:00,S1C_IW_SLC__1SDV_20260317T082013_20260317T082044_006801_00DBF4_FE22-SLC
Fo_11_R_138,Fo,11,R,2026-03-17T08:20:13+00:00,S1C_IW_SLC__1SDV_20260317T082013_20260317T082044_006801_00DBF4_FE22-SLC
Gl_11_G_149,Gl,11,G,2026-03-17T08:20:13+00:00,S1C_IW_SLC__1SDV_20260317T082013_20260317T082044_006801_00DBF4_FE22-SLC
Sv_05_W_5,Sv,05,W,2026-03-17T08:20:13+00:00,S1C_IW_SLC__1SDV_20260317T082013_20260317T082044_006801_00DBF4_FE22-SLC
Sv_11_R_143,Sv,11,R,2026-03-17T08:20:13+00:00,S1C_IW_SLC__1SDV_20260317T082013_20260317T082044_006801_00DBF4_FE22-SLC
Fo_11_B_137,Fo,11,B,2026-03-17T08:20:42+00:00,S1C_IW_SLC__1SDV_20260317T082042_20260317T082109_006801_00DBF4_978E-SLC
Sv_09_R_83,Sv,09,R,2026-03-17T09:09:15+00:00,S1A_IW_SLC__1SDV_20260317T090915_20260317T090943_063665_0800C7_16FF-SLC
Fo_04_W_120,Fo,04,W,2026-03-17T09:09:41+00:00,S1A_IW_SLC__1SDV_20260317T090941_20260317T091008_063665_0800C7_D78B-SLC
Fo_06_B_62,Fo,06,B,2026-03-17T09:09:41+00:00,S1A_IW_SLC__1SDV_20260317T090941_20260317T091008_063665_0800C7_D78B-SLC
Fo_06_U_61,Fo,06,U,2026-03-17T09:09:41+00:00,S1A_IW_SLC__1SDV_20260317T090941_20260317T091008_063665_0800C7_D78B-SLC
Fo_06_W_60,Fo,06,W,2026-03-17T09:09:41+00:00,S1A_IW_SLC__1SDV_20260317T090941_20260317T091008_063665_0800C7_D78B-SLC
Gl_06_B_72,Gl,06,B,2026-03-17T09:09:41+00:00,S1A_IW_SLC__1SDV_20260317T090941_20260317T091008_063665_0800C7_D78B-SLC
Gl_06_U_71,Gl,06,U,2026-03-17T09:09:41+00:00,S1A_IW_SLC__1SDV_20260317T090941_20260317T091008_063665_0800C7_D78B-SLC
Gl_06_W_70,Gl,06,W,2026-03-17T09:09:41+00:00,S1A_IW_SLC__1SDV_20260317T090941_20260317T091008_063665_0800C7_D78B-SLC
Sv_06_R_68,Sv,06,R,2026-03-17T09:09:41+00:00,S1A_IW_SLC__1SDV_20260317T090941_20260317T091008_063665_0800C7_D78B-SLC
Fo_04_U_121,Fo,04,U,2026-03-17T09:10:31+00:00,S1A_IW_SLC__1SDV_20260317T091031_20260317T091052_063665_0800C7_C7E0-SLC
Sv_06_B_67,Sv,06,B,2026-03-17T09:10:31+00:00,S1A_IW_SLC__1SDV_20260317T091031_20260317T091052_063665_0800C7_C7E0-SLC
Sv_04_B_127,Sv,04,B,2026-03-18T09:01:55+00:00,S1C_IW_SLC__1SDV_20260318T090155_20260318T090226_006816_00DC7D_5F80-SLC
Sv_04_G_129,Sv,04,G,2026-03-18T09:01:55+00:00,S1C_IW_SLC__1SDV_20260318T090155_20260318T090226_006816_00DC7D_5F80-SLC
Gl_04_G_134,Gl,04,G,2026-03-18T09:02:24+00:00,S1C_IW_SLC__1SDV_20260318T090224_20260318T090251_006816_00DC7D_6B0C-SLC
Fo_02_B_92,Fo,02,B,2026-03-19T08:50:49+00:00,S1A_IW_SLC__1SDV_20260319T085049_20260319T085116_063694_0801C8_E0FD-SLC
Gl_02_G_104,Gl,02,G,2026-03-19T08:51:14+00:00,S1A_IW_SLC__1SDV_20260319T085114_20260319T085141_063694_0801C8_58F0-SLC
Fo_01_G_34,Fo,01,G,2026-03-19T08:51:39+00:00,S1A_IW_SLC__1SDV_20260319T085139_20260319T085206_063694_0801C8_3D0C-SLC
Fo_02_W_90,Fo,02,W,2026-03-19T08:51:39+00:00,S1A_IW_SLC__1SDV_20260319T085139_20260319T085206_063694_0801C8_3D0C-SLC
Gl_01_U_41,Gl,01,U,2026-03-19T08:51:39+00:00,S1A_IW_SLC__1SDV_20260319T085139_20260319T085206_063694_0801C8_3D0C-SLC
Gl_01_W_40,Gl,01,W,2026-03-19T08:51:39+00:00,S1A_IW_SLC__1SDV_20260319T085139_20260319T085206_063694_0801C8_3D0C-SLC
Sv_02_U_96,Sv,02,U,2026-03-19T08:51:39+00:00,S1A_IW_SLC__1SDV_20260319T085139_20260319T085206_063694_0801C8_3D0C-SLC
Sv_02_W_95,Sv,02,W,2026-03-19T08:51:39+00:00,S1A_IW_SLC__1SDV_20260319T085139_20260319T085206_063694_0801C8_3D0C-SLC
Fo_07_U_46,Fo,07,U,2026-03-19T08:52:04+00:00,S1A_IW_SLC__1SDV_20260319T085204_20260319T085231_063694_0801C8_18CE-SLC
Fo_07_W_45,Fo,07,W,2026-03-19T08:52:04+00:00,S1A_IW_SLC__1SDV_20260319T085204_20260319T085231_063694_0801C8_18CE-SLC
Gl_01_B_42,Gl,01,B,2026-03-19T08:52:04+00:00,S1A_IW_SLC__1SDV_20260319T085204_20260319T085231_063694_0801C8_18CE-SLC
Gl_01_R_43,Gl,01,R,2026-03-19T08:52:04+00:00,S1A_IW_SLC__1SDV_20260319T085204_20260319T085231_063694_0801C8_18CE-SLC
Sv_01_G_39,Sv,01,G,2026-03-19T08:52:04+00:00,S1A_IW_SLC__1SDV_20260319T085204_20260319T085231_063694_0801C8_18CE-SLC
Fo_01_B_32,Fo,01,B,2026-03-19T08:52:54+00:00,S1A_IW_SLC__1SDV_20260319T085254_20260319T085321_063694_0801C8_9DEE-SLC
Fo_07_B_47,Fo,07,B,2026-03-19T08:52:54+00:00,S1A_IW_SLC__1SDV_20260319T085254_20260319T085321_063694_0801C8_9DEE-SLC
Sv_07_U_51,Sv,07,U,2026-03-19T08:52:54+00:00,S1A_IW_SLC__1SDV_20260319T085254_20260319T085321_063694_0801C8_9DEE-SLC
Fo_01_U_31,Fo,01,U,2026-03-19T08:53:19+00:00,S1A_IW_SLC__1SDV_20260319T085319_20260319T085346_063694_0801C8_D4EB-SLC
Fo_03_W_105,Fo,03,W,2026-03-19T08:53:43+00:00,S1A_IW_SLC__1SDV_20260319T085343_20260319T085411_063694_0801C8_5740-SLC
Sv_04_W_125,Sv,04,W,2026-03-19T08:54:34+00:00,S1A_IW_SLC__1SDV_20260319T085434_20260319T085458_063694_0801C8_30BD-SLC
Gl_04_W_130,Gl,04,W,2026-03-20T08:46:39+00:00,S1C_IW_SLC__1SDV_20260320T084639_20260320T084706_006845_00DD6E_8674-SLC
Fo_11_W_135,Fo,11,W,2026-03-20T09:33:32+00:00,S1A_IW_SLC__1SDV_20260320T093332_20260320T093400_063709_080261_A9D5-SLC
Gl_11_R_148,Gl,11,R,2026-03-20T09:33:58+00:00,S1A_IW_SLC__1SDV_20260320T093358_20260320T093425_063709_080261_DBF6-SLC
Sv_11_B_142,Sv,11,B,2026-03-20T09:33:58+00:00,S1A_IW_SLC__1SDV_20260320T093358_20260320T093425_063709_080261_DBF6-SLC
Gl_09_B_87,Gl,09,B,2026-03-20T09:34:23+00:00,S1A_IW_SLC__1SDV_20260320T093423_20260320T093450_063709_080261_6DA1-SLC
Gl_11_B_147,Gl,11,B,2026-03-21T08:33:20+00:00,S1A_IW_SLC__1SDV_20260321T083320_20260321T083350_063723_0802EB_D8D3-SLC
Gl_11_U_146,Gl,11,U,2026-03-21T08:33:48+00:00,S1A_IW_SLC__1SDV_20260321T083348_20260321T083416_063723_0802EB_697E-SLC
Sv_02_R_98,Sv,02,R,2026-03-21T08:35:03+00:00,S1A_IW_SLC__1SDV_20260321T083503_20260321T083530_063723_0802EB_9ED8-SLC
Sv_11_U_141,Sv,11,U,2026-03-21T08:35:53+00:00,S1A_IW_SLC__1SDV_20260321T083553_20260321T083621_063723_0802EB_0291-SLC
Gl_02_R_103,Gl,02,R,2026-03-21T08:36:18+00:00,S1A_IW_SLC__1SDV_20260321T083618_20260321T083645_063723_0802EB_5867-SLC
Fo_04_G_124,Fo,04,G,2026-03-21T08:38:29+00:00,S1A_IW_SLC__1SDV_20260321T083829_20260321T083859_063723_0802EC_3B09-SLC
Fo_04_R_123,Fo,04,R,2026-03-21T08:38:29+00:00,S1A_IW_SLC__1SDV_20260321T083829_20260321T083859_063723_0802EC_3B09-SLC
Fo_08_B_17,Fo,08,B,2026-03-21T08:38:29+00:00,S1A_IW_SLC__1SDV_20260321T083829_20260321T083859_063723_0802EC_3B09-SLC
Gl_04_U_131,Gl,04,U,2026-03-21T08:38:57+00:00,S1A_IW_SLC__1SDV_20260321T083857_20260321T083924_063723_0802EC_43F3-SLC
Gl_05_R_13,Gl,05,R,2026-03-22T08:27:39+00:00,S1C_IW_SLC__1SDV_20260322T082739_20260322T082810_006874_00DE65_1F0F-SLC
Sv_02_G_99,Sv,02,G,2026-03-22T08:27:39+00:00,S1C_IW_SLC__1SDV_20260322T082739_20260322T082810_006874_00DE65_1F0F-SLC
Fo_05_G_4,Fo,05,G,2026-03-22T08:28:08+00:00,S1C_IW_SLC__1SDV_20260322T082808_20260322T082835_006874_00DE65_6906-SLC
Fo_05_U_1,Fo,05,U,2026-03-22T08:28:08+00:00,S1C_IW_SLC__1SDV_20260322T082808_20260322T082835_006874_00DE65_6906-SLC
Fo_05_W_0,Fo,05,W,2026-03-22T08:28:08+00:00,S1C_IW_SLC__1SDV_20260322T082808_20260322T082835_006874_00DE65_6906-SLC
Gl_03_U_116,Gl,03,U,2026-03-22T08:28:08+00:00,S1C_IW_SLC__1SDV_20260322T082808_20260322T082835_006874_00DE65_6906-SLC
Gl_05_B_12,Gl,05,B,2026-03-22T08:28:08+00:00,S1C_IW_SLC__1SDV_20260322T082808_20260322T082835_006874_00DE65_6906-SLC
Gl_05_G_14,Gl,05,G,2026-03-22T08:28:08+00:00,S1C_IW_SLC__1SDV_20260322T082808_20260322T082835_006874_00DE65_6906-SLC
Sv_05_B_7,Sv,05,B,2026-03-22T08:28:08+00:00,S1C_IW_SLC__1SDV_20260322T082808_20260322T082835_006874_00DE65_6906-SLC
Sv_05_G_9,Sv,05,G,2026-03-22T08:28:08+00:00,S1C_IW_SLC__1SDV_20260322T082808_20260322T082835_006874_00DE65_6906-SLC
Sv_05_R_8,Sv,05,R,2026-03-22T08:28:08+00:00,S1C_IW_SLC__1SDV_20260322T082808_20260322T082835_006874_00DE65_6906-SLC
Sv_05_U_6,Sv,05,U,2026-03-22T08:28:08+00:00,S1C_IW_SLC__1SDV_20260322T082808_20260322T082835_006874_00DE65_6906-SLC
Gl_03_W_115,Gl,03,W,2026-03-22T08:28:33+00:00,S1C_IW_SLC__1SDV_20260322T082833_20260322T082900_006874_00DE65_F283-SLC
Gl_05_U_11,Gl,05,U,2026-03-22T08:28:33+00:00,S1C_IW_SLC__1SDV_20260322T082833_20260322T082900_006874_00DE65_F283-SLC
Gl_05_W_10,Gl,05,W,2026-03-22T08:28:33+00:00,S1C_IW_SLC__1SDV_20260322T082833_20260322T082900_006874_00DE65_F283-SLC
Gl_08_G_29,Gl,08,G,2026-03-22T08:28:33+00:00,S1C_IW_SLC__1SDV_20260322T082833_20260322T082900_006874_00DE65_F283-SLC
Sv_08_B_22,Sv,08,B,2026-03-22T08:28:33+00:00,S1C_IW_SLC__1SDV_20260322T082833_20260322T082900_006874_00DE65_F283-SLC
Sv_08_G_24,Sv,08,G,2026-03-22T08:28:33+00:00,S1C_IW_SLC__1SDV_20260322T082833_20260322T082900_006874_00DE65_F283-SLC
Sv_08_U_21,Sv,08,U,2026-03-22T08:28:33+00:00,S1C_IW_SLC__1SDV_20260322T082833_20260322T082900_006874_00DE65_F283-SLC
Fo_03_U_106,Fo,03,U,2026-03-22T08:28:58+00:00,S1C_IW_SLC__1SDV_20260322T082858_20260322T082924_006874_00DE65_460C-SLC
Fo_08_R_18,Fo,08,R,2026-03-22T08:28:58+00:00,S1C_IW_SLC__1SDV_20260322T082858_20260322T082924_006874_00DE65_460C-SLC
Fo_08_U_16,Fo,08,U,2026-03-22T08:28:58+00:00,S1C_IW_SLC__1SDV_20260322T082858_20260322T082924_006874_00DE65_460C-SLC
Fo_08_W_15,Fo,08,W,2026-03-22T08:28:58+00:00,S1C_IW_SLC__1SDV_20260322T082858_20260322T082924_006874_00DE65_460C-SLC
Sv_08_R_23,Sv,08,R,2026-03-22T08:28:58+00:00,S1C_IW_SLC__1SDV_20260322T082858_20260322T082924_006874_00DE65_460C-SLC
Sv_08_W_20,Sv,08,W,2026-03-22T08:28:58+00:00,S1C_IW_SLC__1SDV_20260322T082858_20260322T082924_006874_00DE65_460C-SLC
Fo_09_B_77,Fo,09,B,2026-03-22T09:17:39+00:00,S1A_IW_SLC__1SDV_20260322T091739_20260322T091806_063738_08037C_8230-SLC
Fo_09_R_78,Fo,09,R,2026-03-22T09:17:39+00:00,S1A_IW_SLC__1SDV_20260322T091739_20260322T091806_063738_08037C_8230-SLC
Sv_06_G_69,Sv,06,G,2026-03-22T09:17:39+00:00,S1A_IW_SLC__1SDV_20260322T091739_20260322T091806_063738_08037C_8230-SLC
Fo_11_U_136,Fo,11,U,2026-03-22T09:18:04+00:00,S1A_IW_SLC__1SDV_20260322T091804_20260322T091831_063738_08037C_441D-SLC
Fo_04_B_122,Fo,04,B,2026-03-23T09:10:39+00:00,S1C_IW_SLC__1SDV_20260323T091039_20260323T091106_006889_00DEEC_2127-SLC
Gl_11_W_145,Gl,11,W,2026-03-24T08:59:46+00:00,S1A_IW_SLC__1SDV_20260324T085946_20260324T090013_063767_08048E_098C-SLC
Sv_11_G_144,Sv,11,G,2026-03-24T08:59:46+00:00,S1A_IW_SLC__1SDV_20260324T085946_20260324T090013_063767_08048E_098C-SLC
Gl_07_G_59,Gl,07,G,2026-03-24T09:00:35+00:00,S1A_IW_SLC__1SDV_20260324T090035_20260324T090102_063767_08048E_EF46-SLC
Gl_07_U_56,Gl,07,U,2026-03-24T09:00:35+00:00,S1A_IW_SLC__1SDV_20260324T090035_20260324T090102_063767_08048E_EF46-SLC
Gl_07_W_55,Gl,07,W,2026-03-24T09:00:35+00:00,S1A_IW_SLC__1SDV_20260324T090035_20260324T090102_063767_08048E_EF46-SLC
Sv_07_B_52,Sv,07,B,2026-03-24T09:00:35+00:00,S1A_IW_SLC__1SDV_20260324T090035_20260324T090102_063767_08048E_EF46-SLC
Sv_07_G_54,Sv,07,G,2026-03-24T09:00:35+00:00,S1A_IW_SLC__1SDV_20260324T090035_20260324T090102_063767_08048E_EF46-SLC
Sv_07_R_53,Sv,07,R,2026-03-24T09:00:35+00:00,S1A_IW_SLC__1SDV_20260324T090035_20260324T090102_063767_08048E_EF46-SLC
Fo_07_G_49,Fo,07,G,2026-03-24T09:01:00+00:00,S1A_IW_SLC__1SDV_20260324T090100_20260324T090127_063767_08048E_AA9C-SLC
Fo_07_R_48,Fo,07,R,2026-03-24T09:01:00+00:00,S1A_IW_SLC__1SDV_20260324T090100_20260324T090127_063767_08048E_AA9C-SLC
Fo_09_G_79,Fo,09,G,2026-03-24T09:01:00+00:00,S1A_IW_SLC__1SDV_20260324T090100_20260324T090127_063767_08048E_AA9C-SLC
Gl_07_R_58,Gl,07,R,2026-03-24T09:01:00+00:00,S1A_IW_SLC__1SDV_20260324T090100_20260324T090127_063767_08048E_AA9C-SLC
Sv_07_W_50,Sv,07,W,2026-03-24T09:01:00+00:00,S1A_IW_SLC__1SDV_20260324T090100_20260324T090127_063767_08048E_AA9C-SLC
Sv_09_U_81,Sv,09,U,2026-03-24T09:01:00+00:00,S1A_IW_SLC__1SDV_20260324T090100_20260324T090127_063767_08048E_AA9C-SLC
Sv_09_W_80,Sv,09,W,2026-03-24T09:01:00+00:00,S1A_IW_SLC__1SDV_20260324T090100_20260324T090127_063767_08048E_AA9C-SLC
Fo_01_W_30,Fo,01,W,2026-03-24T09:01:25+00:00,S1A_IW_SLC__1SDV_20260324T090125_20260324T090152_063767_08048E_B48A-SLC
Gl_07_B_57,Gl,07,B,2026-03-24T09:01:25+00:00,S1A_IW_SLC__1SDV_20260324T090125_20260324T090152_063767_08048E_B48A-SLC
Sv_01_U_36,Sv,01,U,2026-03-24T09:01:25+00:00,S1A_IW_SLC__1SDV_20260324T090125_20260324T090152_063767_08048E_B48A-SLC
Sv_01_W_35,Sv,01,W,2026-03-24T09:01:25+00:00,S1A_IW_SLC__1SDV_20260324T090125_20260324T090152_063767_08048E_B48A-SLC
Sv_04_R_128,Sv,04,R,2026-03-24T09:01:25+00:00,S1A_IW_SLC__1SDV_20260324T090125_20260324T090152_063767_08048E_B48A-SLC
Gl_04_R_133,Gl,04,R,2026-03-24T09:01:50+00:00,S1A_IW_SLC__1SDV_20260324T090150_20260324T090218_063767_08048E_B516-SLC
Gl_04_B_132,Gl,04,B,2026-03-24T09:02:15+00:00,S1A_IW_SLC__1SDV_20260324T090215_20260324T090243_063767_08048E_428B-SLC
