orbit_key,dataset,platform,processing_level,flight_direction,path_number,frame_count,frame_numbers,beam_mode,scene_count,unique_footprints,first_start_time,last_stop_time,example_scene
SENTINEL-1__Sentinel-1A__ASCENDING__PATH_2__IW,SENTINEL-1,Sentinel-1A,SLC,ASCENDING,2,2,"1168,1173",IW,22,22,2025-11-12T21:16:45Z,2026-03-24T21:17:40Z,S1A_IW_SLC__1SDV_20251124T211712_20251124T211747_062024_07C25D_8298
SENTINEL-1__Sentinel-1A__DESCENDING__PATH_10__IW,SENTINEL-1,Sentinel-1A,SLC,DESCENDING,10,8,"596,601,606,611,616,621,626,631",IW,104,104,2025-11-01T09:39:04Z,2026-03-25T09:42:19Z,S1A_IW_SLC__1SDV_20251125T094158_20251125T094226_062032_07C2A7_1882
SENTINEL-1__Sentinel-1A__DESCENDING__PATH_24__IW,SENTINEL-1,Sentinel-1A,SLC,DESCENDING,24,13,"598,603,608,613,618,623,628,633,638,643,648,653,658",IW,169,169,2025-11-02T08:41:37Z,2026-03-26T08:46:52Z,S1A_IW_SLC__1SDV_20251126T084635_20251126T084659_062046_07C335_8407
SENTINEL-1__Sentinel-1A__DESCENDING__PATH_39__IW,SENTINEL-1,Sentinel-1A,SLC,DESCENDING,39,10,"601,606,611,616,621,626,631,636,641,646",IW,120,120,2025-11-03T09:22:59Z,2026-03-27T09:27:09Z,S1A_IW_SLC__1SDV_20251127T092643_20251127T092715_062061_07C3C4_D908
SENTINEL-1__Sentinel-1A__ASCENDING__PATH_46__IW,SENTINEL-1,Sentinel-1A,SLC,ASCENDING,46,2,"1169,1174",IW,26,26,2025-11-03T21:41:33Z,2026-03-27T21:42:20Z,S1A_IW_SLC__1SDV_20251127T214159_20251127T214226_062068_07C418_BF18
SENTINEL-1__Sentinel-1A__ASCENDING__PATH_46__S3,SENTINEL-1,Sentinel-1A,SLC,ASCENDING,46,1,1101,S3,12,12,2025-11-03T21:35:56Z,2026-03-15T21:36:11Z,S1A_S3_SLC__1SDH_20251127T213554_20251127T213618_062068_07C417_4EE8
SENTINEL-1__Sentinel-1A__DESCENDING__PATH_53__IW,SENTINEL-1,Sentinel-1A,SLC,DESCENDING,53,11,"600,606,611,616,621,626,631,636,641,670,675",IW,143,143,2025-11-04T08:25:22Z,2026-03-28T08:31:57Z,S1A_IW_SLC__1SDV_20251128T083136_20251128T083204_062075_07C458_71D0
SENTINEL-1__Sentinel-1A__DESCENDING__PATH_68__IW,SENTINEL-1,Sentinel-1A,SLC,DESCENDING,68,11,"600,605,610,615,620,625,630,635,640,645,650",IW,69,69,2025-11-05T09:06:29Z,2026-03-29T09:07:50Z,S1A_IW_SLC__1SDV_20251129T091038_20251129T091059_062090_07C4F3_B5FC
SENTINEL-1__Sentinel-1A__DESCENDING__PATH_82__IW,SENTINEL-1,Sentinel-1A,SLC,DESCENDING,82,2,"645,650",IW,24,24,2025-11-06T08:12:38Z,2026-03-30T08:13:14Z,S1A_IW_SLC__1SDV_20251130T081301_20251130T081320_062104_07C57B_8FB9
SENTINEL-1__Sentinel-1A__DESCENDING__PATH_83__IW,SENTINEL-1,Sentinel-1A,SLC,DESCENDING,83,2,"598,603",IW,24,24,2025-11-06T09:47:28Z,2026-03-30T09:48:11Z,S1A_IW_SLC__1SDV_20251130T094751_20251130T094818_062105_07C584_FC78
SENTINEL-1__Sentinel-1A__DESCENDING__PATH_97__IW,SENTINEL-1,Sentinel-1A,SLC,DESCENDING,97,14,"596,601,606,611,616,621,626,631,636,641,646,651,656,675",IW,157,157,2025-11-07T08:49:42Z,2026-03-31T08:54:58Z,S1A_IW_SLC__1SDV_20251119T085616_20251119T085651_061944_07BF36_C672
SENTINEL-1__Sentinel-1A__DESCENDING__PATH_112__IW,SENTINEL-1,Sentinel-1A,SLC,DESCENDING,112,10,"600,605,610,615,620,625,630,635,640,645",IW,110,110,2025-11-08T09:31:10Z,2026-03-20T09:35:09Z,S1A_IW_SLC__1SDV_20251120T093455_20251120T093517_061959_07BFCD_BDAF
SENTINEL-1__Sentinel-1A__ASCENDING__PATH_119__S6,SENTINEL-1,Sentinel-1A,SLC,ASCENDING,119,1,1100,S6,10,10,2025-11-08T21:44:01Z,2026-03-20T21:44:22Z,S1A_S6_SLC__1SDV_20251120T214401_20251120T214430_061966_07C01C_C193
SENTINEL-1__Sentinel-1A__DESCENDING__PATH_126__IW,SENTINEL-1,Sentinel-1A,SLC,DESCENDING,126,13,"599,604,610,614,619,624,629,635,639,661,666,671,676",IW,130,130,2025-11-09T08:33:28Z,2026-03-21T08:40:16Z,S1A_IW_SLC__1SDV_20251121T083955_20251121T084024_061973_07C062_C922
SENTINEL-1__Sentinel-1A__DESCENDING__PATH_141__IW,SENTINEL-1,Sentinel-1A,SLC,DESCENDING,141,13,"597,602,607,612,617,622,627,632,637,642,647,652,657",IW,156,156,2025-11-10T09:14:27Z,2026-03-22T09:19:40Z,S1A_IW_SLC__1SDV_20251122T091926_20251122T091948_061988_07C0EF_DC4C
SENTINEL-1__Sentinel-1A__ASCENDING__PATH_148__IW,SENTINEL-1,Sentinel-1A,SLC,ASCENDING,148,1,1105,IW,1,1,2026-02-26T21:27:52Z,2026-02-26T21:28:27Z,S1A_IW_SLC__1SDV_20260226T212752_20260226T212827_063395_07F69D_8CCE
SENTINEL-1__Sentinel-1A__DESCENDING__PATH_155__IW,SENTINEL-1,Sentinel-1A,SLC,DESCENDING,155,8,"618,623,628,633,638,643,648,662",IW,85,85,2025-11-11T08:18:38Z,2026-03-23T08:21:14Z,S1A_IW_SLC__1SDV_20251123T082108_20251123T082122_062002_07C182_66C0
SENTINEL-1__Sentinel-1A__ASCENDING__PATH_163__IW,SENTINEL-1,Sentinel-1A,SLC,ASCENDING,163,1,1093,IW,1,1,2025-11-11T22:08:10Z,2025-11-11T22:08:46Z,S1A_IW_SLC__1SDV_20251111T220810_20251111T220846_061835_07BB00_3699
SENTINEL-1__Sentinel-1A__DESCENDING__PATH_170__IW,SENTINEL-1,Sentinel-1A,SLC,DESCENDING,170,12,"600,605,610,615,620,625,630,635,640,645,650,655",IW,144,144,2025-11-12T08:58:13Z,2026-03-24T09:03:05Z,S1A_IW_SLC__1SDV_20251124T090247_20251124T090312_062017_07C20F_563D
SENTINEL-1__Sentinel-1C__DESCENDING__PATH_24__IW,SENTINEL-1,Sentinel-1C,SLC,DESCENDING,24,4,"661,667,672,677",IW,48,48,2025-11-08T08:45:50Z,2026-03-20T08:47:31Z,S1C_IW_SLC__1SDV_20251120T084708_20251120T084734_005095_00A189_6E67
SENTINEL-1__Sentinel-1C__DESCENDING__PATH_39__IW,SENTINEL-1,Sentinel-1C,SLC,DESCENDING,39,6,"649,655,660,665,670,675",IW,72,72,2025-11-09T09:26:00Z,2026-03-21T09:28:32Z,S1C_IW_SLC__1SDV_20251121T092808_20251121T092836_005110_00A214_EE70
SENTINEL-1__Sentinel-1C__ASCENDING__PATH_46__S3,SENTINEL-1,Sentinel-1C,SLC,ASCENDING,46,1,1101,S3,11,11,2025-11-09T21:34:52Z,2026-03-21T21:35:15Z,S1C_S3_SLC__1SDH_20251109T213452_20251109T213519_004942_009C70_5EBB
SENTINEL-1__Sentinel-1C__DESCENDING__PATH_53__IW,SENTINEL-1,Sentinel-1C,SLC,DESCENDING,53,8,"641,647,652,657,662,667,672,677",IW,96,96,2025-11-10T08:27:43Z,2026-03-22T08:31:05Z,S1C_IW_SLC__1SDV_20251122T083041_20251122T083108_005124_00A28C_FBCA
SENTINEL-1__Sentinel-1C__ASCENDING__PATH_61__IW,SENTINEL-1,Sentinel-1C,SLC,ASCENDING,61,2,"1094,1099",IW,24,24,2025-11-10T22:15:24Z,2026-03-22T22:16:11Z,S1C_IW_SLC__1SDV_20251122T221548_20251122T221614_005132_00A2D4_2F83
SENTINEL-1__Sentinel-1C__DESCENDING__PATH_68__IW,SENTINEL-1,Sentinel-1C,SLC,DESCENDING,68,5,"653,659,663,668,673",IW,60,60,2025-11-11T09:09:50Z,2026-03-23T09:11:56Z,S1C_IW_SLC__1SDV_20251123T091132_20251123T091159_005139_00A30B_617E
SENTINEL-1__Sentinel-1C__DESCENDING__PATH_82__IW,SENTINEL-1,Sentinel-1C,SLC,DESCENDING,82,5,"652,658,663,668,673",IW,60,60,2025-11-12T08:12:11Z,2026-03-24T08:14:06Z,S1C_IW_SLC__1SDV_20251124T081354_20251124T081409_005153_00A38E_E573
SENTINEL-1__Sentinel-1C__ASCENDING__PATH_90__IW,SENTINEL-1,Sentinel-1C,SLC,ASCENDING,90,1,1173,IW,12,12,2025-11-12T22:05:30Z,2026-03-24T22:05:57Z,S1C_IW_SLC__1SDV_20251124T220530_20251124T220600_005161_00A3CD_EF5E
SENTINEL-1__Sentinel-1C__DESCENDING__PATH_97__IW,SENTINEL-1,Sentinel-1C,SLC,DESCENDING,97,4,"659,665,670,675",IW,52,52,2025-11-01T08:53:53Z,2026-03-25T08:55:34Z,S1C_IW_SLC__1SDV_20251125T085510_20251125T085537_005168_00A40A_F14D
SENTINEL-1__Sentinel-1C__DESCENDING__PATH_112__IW,SENTINEL-1,Sentinel-1C,SLC,DESCENDING,112,4,"643,649,654,659",IW,52,52,2025-11-02T09:33:42Z,2026-03-26T09:35:23Z,S1C_IW_SLC__1SDV_20251126T093459_20251126T093526_005183_00A48D_E402
SENTINEL-1__Sentinel-1C__ASCENDING__PATH_119__S6,SENTINEL-1,Sentinel-1C,SLC,ASCENDING,119,1,1100,S6,12,12,2025-11-02T21:42:58Z,2026-03-26T21:43:20Z,S1C_S6_SLC__1SDV_20251114T214257_20251114T214324_005015_009EDF_8867
SENTINEL-1__Sentinel-1C__DESCENDING__PATH_126__IW,SENTINEL-1,Sentinel-1C,SLC,DESCENDING,126,8,"640,646,651,656,661,666,671,676",IW,88,88,2025-11-03T08:35:52Z,2026-03-27T08:39:14Z,S1C_IW_SLC__1SDV_20251115T083850_20251115T083917_005022_009F14_A2CF
SENTINEL-1__Sentinel-1C__DESCENDING__PATH_141__IW,SENTINEL-1,Sentinel-1C,SLC,DESCENDING,141,4,"660,666,671,676",IW,52,52,2025-11-04T09:18:40Z,2026-03-28T09:20:22Z,S1C_IW_SLC__1SDV_20251128T091958_20251128T092024_005212_00A57D_BED6
SENTINEL-1__Sentinel-1C__DESCENDING__PATH_155__IW,SENTINEL-1,Sentinel-1C,SLC,DESCENDING,155,5,"651,656,661,666,671",IW,65,65,2025-11-05T08:20:18Z,2026-03-29T08:22:28Z,S1C_IW_SLC__1SDV_20251129T082200_20251129T082231_005226_00A5F9_9463
SENTINEL-1__Sentinel-1C__ASCENDING__PATH_163__IW,SENTINEL-1,Sentinel-1C,SLC,ASCENDING,163,3,"1096,1101,1172",IW,39,39,2025-11-05T22:07:20Z,2026-03-29T22:14:06Z,S1C_IW_SLC__1SDV_20251129T221338_20251129T221409_005234_00A640_5126
SENTINEL-1__Sentinel-1C__DESCENDING__PATH_170__IW,SENTINEL-1,Sentinel-1C,SLC,DESCENDING,170,4,"657,663,668,673",IW,52,52,2025-11-06T09:01:59Z,2026-03-30T09:03:41Z,S1C_IW_SLC__1SDV_20251130T090317_20251130T090344_005241_00A678_D875
