file_name,date,track,frame
BIO_S1_SCS__1S_20251124T094741_20251124T094802_T_G01_M01_C02_T006_F289_01_DK5QKT.zip,20251124,T006,F289
BIO_S1_SCS__1S_20251124T094741_20251124T094802_T_G01_M01_C02_T006_F289_01_DNH8TK.zip,20251124,T006,F289
BIO_S1_SCS__1S_20251124T094741_20251124T094802_T_G01_M01_C02_T006_F289_01_DNTKNW.zip,20251124,T006,F289
BIO_S1_SCS__1S_20251124T094800_20251124T094821_T_G01_M01_C02_T006_F290_01_DK5QLS.zip,20251124,T006,F290
BIO_S1_SCS__1S_20251124T094800_20251124T094821_T_G01_M01_C02_T006_F290_01_DNH8WF.zip,20251124,T006,F290
BIO_S1_SCS__1S_20251124T094800_20251124T094821_T_G01_M01_C02_T006_F290_01_DNTKNW.zip,20251124,T006,F290
BIO_S1_SCS__1S_20251124T094819_20251124T094840_T_G01_M01_C02_T006_F291_01_DK5Q5G.zip,20251124,T006,F291
BIO_S1_SCS__1S_20251124T094819_20251124T094840_T_G01_M01_C02_T006_F291_01_DNHFH2.zip,20251124,T006,F291
BIO_S1_SCS__1S_20251124T094819_20251124T094840_T_G01_M01_C02_T006_F291_01_DNTKB9.zip,20251124,T006,F291
BIO_S1_SCS__1S_20251124T094838_20251124T094859_T_G01_M01_C02_T006_F292_01_DK5Q4U.zip,20251124,T006,F292
BIO_S1_SCS__1S_20251124T094838_20251124T094859_T_G01_M01_C02_T006_F292_01_DNHFK8.zip,20251124,T006,F292
BIO_S1_SCS__1S_20251124T094838_20251124T094859_T_G01_M01_C02_T006_F292_01_DNTKAD.zip,20251124,T006,F292
BIO_S1_SCS__1S_20251124T094857_20251124T094918_T_G01_M01_C02_T006_F293_01_DK5Q3A.zip,20251124,T006,F293
BIO_S1_SCS__1S_20251124T094857_20251124T094918_T_G01_M01_C02_T006_F293_01_DNHFHM.zip,20251124,T006,F293
BIO_S1_SCS__1S_20251124T094857_20251124T094918_T_G01_M01_C02_T006_F293_01_DNTK5M.zip,20251124,T006,F293
BIO_S1_SCS__1S_20251124T094916_20251124T094937_T_G01_M01_C02_T006_F294_01_DK5Q5F.zip,20251124,T006,F294
BIO_S1_SCS__1S_20251124T094916_20251124T094937_T_G01_M01_C02_T006_F294_01_DNHFGP.zip,20251124,T006,F294
BIO_S1_SCS__1S_20251124T094916_20251124T094937_T_G01_M01_C02_T006_F294_01_DNTK5N.zip,20251124,T006,F294
BIO_S1_SCS__1S_20251124T094935_20251124T094956_T_G01_M01_C02_T006_F295_01_DK5Q3H.zip,20251124,T006,F295
BIO_S1_SCS__1S_20251124T094935_20251124T094956_T_G01_M01_C02_T006_F295_01_DNHFH6.zip,20251124,T006,F295
BIO_S1_SCS__1S_20251124T094935_20251124T094956_T_G01_M01_C02_T006_F295_01_DNTKB4.zip,20251124,T006,F295
BIO_S1_SCS__1S_20251124T094954_20251124T095015_T_G01_M01_C02_T006_F296_01_DK5T2M.zip,20251124,T006,F296
BIO_S1_SCS__1S_20251124T094954_20251124T095015_T_G01_M01_C02_T006_F296_01_DNH94V.zip,20251124,T006,F296
BIO_S1_SCS__1S_20251124T094954_20251124T095015_T_G01_M01_C02_T006_F296_01_DNTL0O.zip,20251124,T006,F296
BIO_S1_SCS__1S_20251124T095013_20251124T095034_T_G01_M01_C02_T006_F297_01_DK5T2J.zip,20251124,T006,F297
BIO_S1_SCS__1S_20251124T095013_20251124T095034_T_G01_M01_C02_T006_F297_01_DNH97N.zip,20251124,T006,F297
BIO_S1_SCS__1S_20251124T095013_20251124T095034_T_G01_M01_C02_T006_F297_01_DNTL13.zip,20251124,T006,F297
BIO_S1_SCS__1S_20251124T095032_20251124T095053_T_G01_M01_C02_T006_F298_01_DK5T2U.zip,20251124,T006,F298
BIO_S1_SCS__1S_20251124T095032_20251124T095053_T_G01_M01_C02_T006_F298_01_DNH973.zip,20251124,T006,F298
BIO_S1_SCS__1S_20251124T095032_20251124T095053_T_G01_M01_C02_T006_F298_01_DNTL0F.zip,20251124,T006,F298
BIO_S1_SCS__1S_20251124T095051_20251124T095112_T_G01_M01_C02_T006_F299_01_DK5T30.zip,20251124,T006,F299
BIO_S1_SCS__1S_20251124T095051_20251124T095112_T_G01_M01_C02_T006_F299_01_DNH95E.zip,20251124,T006,F299
BIO_S1_SCS__1S_20251124T095051_20251124T095112_T_G01_M01_C02_T006_F299_01_DNTKYK.zip,20251124,T006,F299
BIO_S1_SCS__1S_20251124T095110_20251124T095131_T_G01_M01_C02_T006_F300_01_DK5TL2.zip,20251124,T006,F300
BIO_S1_SCS__1S_20251124T095110_20251124T095131_T_G01_M01_C02_T006_F300_01_DNH956.zip,20251124,T006,F300
BIO_S1_SCS__1S_20251124T095110_20251124T095131_T_G01_M01_C02_T006_F300_01_DNTKZD.zip,20251124,T006,F300
BIO_S1_SCS__1S_20251124T095129_20251124T095150_T_G01_M01_C02_T006_F301_01_DK5TLA.zip,20251124,T006,F301
BIO_S1_SCS__1S_20251124T095129_20251124T095150_T_G01_M01_C02_T006_F301_01_DNHM8D.zip,20251124,T006,F301
BIO_S1_SCS__1S_20251124T095129_20251124T095150_T_G01_M01_C02_T006_F301_01_DNTKOA.zip,20251124,T006,F301
BIO_S1_SCS__1S_20251124T095148_20251124T095209_T_G01_M01_C02_T006_F302_01_DK5TN5.zip,20251124,T006,F302
BIO_S1_SCS__1S_20251124T095148_20251124T095209_T_G01_M01_C02_T006_F302_01_DNHM8Z.zip,20251124,T006,F302
BIO_S1_SCS__1S_20251124T095148_20251124T095209_T_G01_M01_C02_T006_F302_01_DNTKKJ.zip,20251124,T006,F302
BIO_S1_SCS__1S_20251124T095207_20251124T095228_T_G01_M01_C02_T006_F303_01_DK5TM4.zip,20251124,T006,F303
BIO_S1_SCS__1S_20251124T095207_20251124T095228_T_G01_M01_C02_T006_F303_01_DNHMAQ.zip,20251124,T006,F303
BIO_S1_SCS__1S_20251124T095207_20251124T095228_T_G01_M01_C02_T006_F303_01_DNTKOQ.zip,20251124,T006,F303
BIO_S1_SCS__1S_20251124T095226_20251124T095247_T_G01_M01_C02_T006_F304_01_DK5TV1.zip,20251124,T006,F304
BIO_S1_SCS__1S_20251124T095226_20251124T095247_T_G01_M01_C02_T006_F304_01_DNHMA5.zip,20251124,T006,F304
BIO_S1_SCS__1S_20251124T095226_20251124T095247_T_G01_M01_C02_T006_F304_01_DNTKMI.zip,20251124,T006,F304
BIO_S1_SCS__1S_20251124T095245_20251124T095306_T_G01_M01_C02_T006_F305_01_DK5TV3.zip,20251124,T006,F305
BIO_S1_SCS__1S_20251124T095245_20251124T095306_T_G01_M01_C02_T006_F305_01_DNHMA0.zip,20251124,T006,F305
BIO_S1_SCS__1S_20251124T095245_20251124T095306_T_G01_M01_C02_T006_F305_01_DNTKO7.zip,20251124,T006,F305
BIO_S1_SCS__1S_20251124T095304_20251124T095325_T_G01_M01_C02_T006_F306_01_DK5TJV.zip,20251124,T006,F306
BIO_S1_SCS__1S_20251124T095304_20251124T095325_T_G01_M01_C02_T006_F306_01_DNH8P4.zip,20251124,T006,F306
BIO_S1_SCS__1S_20251124T095304_20251124T095325_T_G01_M01_C02_T006_F306_01_DNTKPO.zip,20251124,T006,F306
BIO_S1_SCS__1S_20251124T095323_20251124T095344_T_G01_M01_C02_T006_F307_01_DK5TIU.zip,20251124,T006,F307
BIO_S1_SCS__1S_20251124T095323_20251124T095344_T_G01_M01_C02_T006_F307_01_DNH8QG.zip,20251124,T006,F307
BIO_S1_SCS__1S_20251124T095323_20251124T095344_T_G01_M01_C02_T006_F307_01_DNTKPA.zip,20251124,T006,F307
BIO_S1_SCS__1S_20251124T095342_20251124T095403_T_G01_M01_C02_T006_F308_01_DK5TH5.zip,20251124,T006,F308
BIO_S1_SCS__1S_20251124T095342_20251124T095403_T_G01_M01_C02_T006_F308_01_DNH8PO.zip,20251124,T006,F308
BIO_S1_SCS__1S_20251124T095342_20251124T095403_T_G01_M01_C02_T006_F308_01_DNTKP1.zip,20251124,T006,F308
BIO_S1_SCS__1S_20251124T095401_20251124T095422_T_G01_M01_C02_T006_F309_01_DK5TJ7.zip,20251124,T006,F309
BIO_S1_SCS__1S_20251124T095401_20251124T095422_T_G01_M01_C02_T006_F309_01_DNH8QO.zip,20251124,T006,F309
BIO_S1_SCS__1S_20251124T095401_20251124T095422_T_G01_M01_C02_T006_F309_01_DNTKP2.zip,20251124,T006,F309
BIO_S1_SCS__1S_20251124T221116_20251124T221137_T_G01_M01_C02_T014_F157_01_DKCM93.zip,20251124,T014,F157
BIO_S1_SCS__1S_20251124T221116_20251124T221137_T_G01_M01_C02_T014_F157_01_DNHE1U.zip,20251124,T014,F157
BIO_S1_SCS__1S_20251124T221116_20251124T221137_T_G01_M01_C02_T014_F157_01_DNU45Y.zip,20251124,T014,F157
BIO_S1_SCS__1S_20251124T221135_20251124T221156_T_G01_M01_C02_T014_F158_01_DKCMA2.zip,20251124,T014,F158
BIO_S1_SCS__1S_20251124T221135_20251124T221156_T_G01_M01_C02_T014_F158_01_DNHE3O.zip,20251124,T014,F158
BIO_S1_SCS__1S_20251124T221135_20251124T221156_T_G01_M01_C02_T014_F158_01_DNU3P7.zip,20251124,T014,F158
BIO_S1_SCS__1S_20251125T084408_20251125T084429_T_G01_M01_C02_T020_F295_01_DKCQWS.zip,20251125,T020,F295
BIO_S1_SCS__1S_20251125T084409_20251125T084429_T_G01_M01_C02_T020_F295_01_DNUK0F.zip,20251125,T020,F295
BIO_S1_SCS__1S_20251125T084427_20251125T084448_T_G01_M01_C02_T020_F296_01_DKCXQZ.zip,20251125,T020,F296
BIO_S1_SCS__1S_20251125T084428_20251125T084448_T_G01_M01_C02_T020_F296_01_DNUKO0.zip,20251125,T020,F296
BIO_S1_SCS__1S_20251125T084446_20251125T084507_T_G01_M01_C02_T020_F297_01_DKCXOJ.zip,20251125,T020,F297
BIO_S1_SCS__1S_20251125T084447_20251125T084507_T_G01_M01_C02_T020_F297_01_DNUKRD.zip,20251125,T020,F297
BIO_S1_SCS__1S_20251125T084505_20251125T084526_T_G01_M01_C02_T020_F298_01_DKCXMB.zip,20251125,T020,F298
BIO_S1_SCS__1S_20251125T084506_20251125T084526_T_G01_M01_C02_T020_F298_01_DNUKPO.zip,20251125,T020,F298
BIO_S1_SCS__1S_20251125T084524_20251125T084545_T_G01_M01_C02_T020_F299_01_DKCXO2.zip,20251125,T020,F299
BIO_S1_SCS__1S_20251125T084525_20251125T084545_T_G01_M01_C02_T020_F299_01_DNUKQZ.zip,20251125,T020,F299
BIO_S1_SCS__1S_20251125T084544_20251125T084604_T_G01_M01_C02_T020_F300_01_DKCXOH.zip,20251125,T020,F300
BIO_S1_SCS__1S_20251125T084544_20251125T084604_T_G01_M01_C02_T020_F300_01_DNUKS4.zip,20251125,T020,F300
BIO_S1_SCS__1S_20251125T084603_20251125T084623_T_G01_M01_C02_T020_F301_01_DKCOEL.zip,20251125,T020,F301
BIO_S1_SCS__1S_20251125T084603_20251125T084623_T_G01_M01_C02_T020_F301_01_DNUKNP.zip,20251125,T020,F301
BIO_S1_SCS__1S_20251125T084622_20251125T084642_T_G01_M01_C02_T020_F302_01_DKCQXN.zip,20251125,T020,F302
BIO_S1_SCS__1S_20251125T084622_20251125T084642_T_G01_M01_C02_T020_F302_01_DNUKR3.zip,20251125,T020,F302
BIO_S1_SCS__1S_20251125T084641_20251125T084701_T_G01_M01_C02_T020_F303_01_DKCQZB.zip,20251125,T020,F303
BIO_S1_SCS__1S_20251125T084641_20251125T084701_T_G01_M01_C02_T020_F303_01_DNUKNO.zip,20251125,T020,F303
BIO_S1_SCS__1S_20251125T084700_20251125T084720_T_G01_M01_C02_T020_F304_01_DKCSXK.zip,20251125,T020,F304
BIO_S1_SCS__1S_20251125T084700_20251125T084720_T_G01_M01_C02_T020_F304_01_DNUKP1.zip,20251125,T020,F304
BIO_S1_SCS__1S_20251125T084719_20251125T084739_T_G01_M01_C02_T020_F305_01_DKCQYX.zip,20251125,T020,F305
BIO_S1_SCS__1S_20251125T084719_20251125T084739_T_G01_M01_C02_T020_F305_01_DNUKNH.zip,20251125,T020,F305
BIO_S1_SCS__1S_20251125T084730_20251125T084758_T_G01_M01_C02_T020_F306_01_DKCNWC.zip,20251125,T020,F306
BIO_S1_SCS__1S_20251125T084738_20251125T084758_T_G01_M01_C02_T020_F306_01_DNUKKB.zip,20251125,T020,F306
BIO_S1_SCS__1S_20251125T084757_20251125T084817_T_G01_M01_C02_T020_F307_01_DKCNV8.zip,20251125,T020,F307
BIO_S1_SCS__1S_20251125T084757_20251125T084817_T_G01_M01_C02_T020_F307_01_DNUKCP.zip,20251125,T020,F307
BIO_S1_SCS__1S_20251125T084816_20251125T084836_T_G01_M01_C02_T020_F308_01_DKCNVK.zip,20251125,T020,F308
BIO_S1_SCS__1S_20251125T084816_20251125T084836_T_G01_M01_C02_T020_F308_01_DNUKD0.zip,20251125,T020,F308
BIO_S1_SCS__1S_20251125T084835_20251125T084855_T_G01_M01_C02_T020_F309_01_DNUKCO.zip,20251125,T020,F309
BIO_S1_SCS__1S_20251125T210551_20251125T210610_T_G01_M01_C02_T028_F157_01_DK9H5Z.zip,20251125,T028,F157
BIO_S1_SCS__1S_20251125T210551_20251125T210610_T_G01_M01_C02_T028_F157_01_DNV1FM.zip,20251125,T028,F157
BIO_S1_SCS__1S_20251125T210608_20251125T210629_T_G01_M01_C02_T028_F158_01_DK9H6P.zip,20251125,T028,F158
BIO_S1_SCS__1S_20251125T210608_20251125T210629_T_G01_M01_C02_T028_F158_01_DNV1GA.zip,20251125,T028,F158
BIO_S1_SCS__1S_20251125T210627_20251125T210648_T_G01_M01_C02_T028_F159_01_DK9H5E.zip,20251125,T028,F159
BIO_S1_SCS__1S_20251125T210627_20251125T210648_T_G01_M01_C02_T028_F159_01_DNV1GK.zip,20251125,T028,F159
BIO_S1_SCS__1S_20251125T210646_20251125T210707_T_G01_M01_C02_T028_F160_01_DK9H6X.zip,20251125,T028,F160
BIO_S1_SCS__1S_20251125T210646_20251125T210707_T_G01_M01_C02_T028_F160_01_DNV1K5.zip,20251125,T028,F160
BIO_S1_SCS__1S_20251125T210705_20251125T210726_T_G01_M01_C02_T028_F161_01_DK9H4B.zip,20251125,T028,F161
BIO_S1_SCS__1S_20251125T210705_20251125T210726_T_G01_M01_C02_T028_F161_01_DNV17Y.zip,20251125,T028,F161
BIO_S1_SCS__1S_20251125T210724_20251125T210745_T_G01_M01_C02_T028_F162_01_DK9H4D.zip,20251125,T028,F162
BIO_S1_SCS__1S_20251125T210743_20251125T210804_T_G01_M01_C02_T028_F163_01_DK9H59.zip,20251125,T028,F163
BIO_S1_SCS__1S_20251125T210743_20251125T210804_T_G01_M01_C02_T028_F163_01_DNV15L.zip,20251125,T028,F163
BIO_S1_SCS__1S_20251125T210802_20251125T210823_T_G01_M01_C02_T028_F164_01_DK9H4N.zip,20251125,T028,F164
BIO_S1_SCS__1S_20251125T210802_20251125T210823_T_G01_M01_C02_T028_F164_01_DNV15X.zip,20251125,T028,F164
BIO_S1_SCS__1S_20251125T210821_20251125T210842_T_G01_M01_C02_T028_F165_01_DK9H4T.zip,20251125,T028,F165
BIO_S1_SCS__1S_20251125T210821_20251125T210842_T_G01_M01_C02_T028_F165_01_DNV169.zip,20251125,T028,F165
BIO_S1_SCS__1S_20251125T210840_20251125T210901_T_G01_M01_C02_T028_F166_01_DK9HGV.zip,20251125,T028,F166
BIO_S1_SCS__1S_20251125T210840_20251125T210901_T_G01_M01_C02_T028_F166_01_DNV151.zip,20251125,T028,F166
BIO_S1_SCS__1S_20251125T210859_20251125T210920_T_G01_M01_C02_T028_F167_01_DK9HG8.zip,20251125,T028,F167
BIO_S1_SCS__1S_20251125T210859_20251125T210920_T_G01_M01_C02_T028_F167_01_DNV148.zip,20251125,T028,F167
BIO_S1_SCS__1S_20251125T210918_20251125T210939_T_G01_M01_C02_T028_F168_01_DK9HEJ.zip,20251125,T028,F168
BIO_S1_SCS__1S_20251125T210918_20251125T210939_T_G01_M01_C02_T028_F168_01_DNV190.zip,20251125,T028,F168
BIO_S1_SCS__1S_20251125T210937_20251125T210958_T_G01_M01_C02_T028_F169_01_DK9HEW.zip,20251125,T028,F169
BIO_S1_SCS__1S_20251125T210937_20251125T210958_T_G01_M01_C02_T028_F169_01_DNV158.zip,20251125,T028,F169
BIO_S1_SCS__1S_20251125T210956_20251125T211017_T_G01_M01_C02_T028_F170_01_DK9HEV.zip,20251125,T028,F170
BIO_S1_SCS__1S_20251125T210956_20251125T211017_T_G01_M01_C02_T028_F170_01_DNV13V.zip,20251125,T028,F170
BIO_S1_SCS__1S_20251125T211015_20251125T211036_T_G01_M01_C02_T028_F171_01_DK9FXJ.zip,20251125,T028,F171
BIO_S1_SCS__1S_20251125T211015_20251125T211036_T_G01_M01_C02_T028_F171_01_DNV0NY.zip,20251125,T028,F171
BIO_S1_SCS__1S_20251125T211034_20251125T211055_T_G01_M01_C02_T028_F172_01_DK9FWC.zip,20251125,T028,F172
BIO_S1_SCS__1S_20251125T211034_20251125T211055_T_G01_M01_C02_T028_F172_01_DNV0NF.zip,20251125,T028,F172
BIO_S1_SCS__1S_20251125T211053_20251125T211114_T_G01_M01_C02_T028_F173_01_DK9FTZ.zip,20251125,T028,F173
BIO_S1_SCS__1S_20251125T211053_20251125T211114_T_G01_M01_C02_T028_F173_01_DNV0NE.zip,20251125,T028,F173
BIO_S1_SCS__1S_20251125T211112_20251125T211133_T_G01_M01_C02_T028_F174_01_DK9FVS.zip,20251125,T028,F174
BIO_S1_SCS__1S_20251125T211113_20251125T211133_T_G01_M01_C02_T028_F174_01_DNV0N7.zip,20251125,T028,F174
BIO_S1_SCS__1S_20251125T211131_20251125T211152_T_G01_M01_C02_T028_F175_01_DK9FV1.zip,20251125,T028,F175
BIO_S1_SCS__1S_20251125T211132_20251125T211152_T_G01_M01_C02_T028_F175_01_DNV0S7.zip,20251125,T028,F175
BIO_S1_SCS__1S_20251125T211150_20251125T211211_T_G01_M01_C02_T028_F176_01_DK9FHS.zip,20251125,T028,F176
BIO_S1_SCS__1S_20251125T211151_20251125T211211_T_G01_M01_C02_T028_F176_01_DNV1AU.zip,20251125,T028,F176
BIO_S1_SCS__1S_20251126T091506_20251126T091519_T_G01_M01_C02_T035_F289_01_DK96P9.zip,20251126,T035,F289
BIO_S1_SCS__1S_20251126T091506_20251126T091519_T_G01_M01_C02_T035_F289_01_DNVFG7.zip,20251126,T035,F289
BIO_S1_SCS__1S_20251126T091517_20251126T091538_T_G01_M01_C02_T035_F290_01_DK96PM.zip,20251126,T035,F290
BIO_S1_SCS__1S_20251126T091518_20251126T091538_T_G01_M01_C02_T035_F290_01_DNVFGF.zip,20251126,T035,F290
BIO_S1_SCS__1S_20251126T091537_20251126T091557_T_G01_M01_C02_T035_F291_01_DNVF98.zip,20251126,T035,F291
BIO_S1_SCS__1S_20251126T091556_20251126T091616_T_G01_M01_C02_T035_F292_01_DK96QG.zip,20251126,T035,F292
BIO_S1_SCS__1S_20251126T091556_20251126T091616_T_G01_M01_C02_T035_F292_01_DNVFAN.zip,20251126,T035,F292
BIO_S1_SCS__1S_20251126T091615_20251126T091635_T_G01_M01_C02_T035_F293_01_DK96Q0.zip,20251126,T035,F293
BIO_S1_SCS__1S_20251126T091615_20251126T091635_T_G01_M01_C02_T035_F293_01_DNVFC7.zip,20251126,T035,F293
BIO_S1_SCS__1S_20251126T091634_20251126T091654_T_G01_M01_C02_T035_F294_01_DK96QO.zip,20251126,T035,F294
BIO_S1_SCS__1S_20251126T091634_20251126T091654_T_G01_M01_C02_T035_F294_01_DNVF9I.zip,20251126,T035,F294
BIO_S1_SCS__1S_20251126T091653_20251126T091713_T_G01_M01_C02_T035_F295_01_DK96Q6.zip,20251126,T035,F295
BIO_S1_SCS__1S_20251126T091653_20251126T091713_T_G01_M01_C02_T035_F295_01_DNVFC7.zip,20251126,T035,F295
BIO_S1_SCS__1S_20251126T091712_20251126T091721_T_G01_M01_C02_T035_F296_01_DK96P7.zip,20251126,T035,F296
BIO_S1_SCS__1S_20251126T091712_20251126T091732_T_G01_M01_C02_T035_F296_01_DK96R1.zip,20251126,T035,F296
BIO_S1_SCS__1S_20251126T091712_20251126T091732_T_G01_M01_C02_T035_F296_01_DNVFCW.zip,20251126,T035,F296
BIO_S1_SCS__1S_20251126T091731_20251126T091751_T_G01_M01_C02_T035_F297_01_DK96QD.zip,20251126,T035,F297
BIO_S1_SCS__1S_20251126T091731_20251126T091751_T_G01_M01_C02_T035_F297_01_DNVFDM.zip,20251126,T035,F297
BIO_S1_SCS__1S_20251126T091750_20251126T091810_T_G01_M01_C02_T035_F298_01_DK96QV.zip,20251126,T035,F298
BIO_S1_SCS__1S_20251126T091750_20251126T091810_T_G01_M01_C02_T035_F298_01_DNVFD3.zip,20251126,T035,F298
BIO_S1_SCS__1S_20251126T091809_20251126T091829_T_G01_M01_C02_T035_F299_01_DK96RP.zip,20251126,T035,F299
BIO_S1_SCS__1S_20251126T091809_20251126T091829_T_G01_M01_C02_T035_F299_01_DNVFDB.zip,20251126,T035,F299
BIO_S1_SCS__1S_20251126T091828_20251126T091848_T_G01_M01_C02_T035_F300_01_DK96R9.zip,20251126,T035,F300
BIO_S1_SCS__1S_20251126T091828_20251126T091848_T_G01_M01_C02_T035_F300_01_DNVFAQ.zip,20251126,T035,F300
BIO_S1_SCS__1S_20251126T091847_20251126T091907_T_G01_M01_C02_T035_F301_01_DK96PQ.zip,20251126,T035,F301
BIO_S1_SCS__1S_20251126T091847_20251126T091907_T_G01_M01_C02_T035_F301_01_DNVF4Z.zip,20251126,T035,F301
BIO_S1_SCS__1S_20251126T091906_20251126T091926_T_G01_M01_C02_T035_F302_01_DK96PP.zip,20251126,T035,F302
BIO_S1_SCS__1S_20251126T091906_20251126T091926_T_G01_M01_C02_T035_F302_01_DNVF6M.zip,20251126,T035,F302
BIO_S1_SCS__1S_20251126T091925_20251126T091945_T_G01_M01_C02_T035_F303_01_DK96OU.zip,20251126,T035,F303
BIO_S1_SCS__1S_20251126T091925_20251126T091945_T_G01_M01_C02_T035_F303_01_DNVF58.zip,20251126,T035,F303
BIO_S1_SCS__1S_20251126T091944_20251126T092004_T_G01_M01_C02_T035_F304_01_DK96PQ.zip,20251126,T035,F304
BIO_S1_SCS__1S_20251126T091944_20251126T092004_T_G01_M01_C02_T035_F304_01_DNVF4V.zip,20251126,T035,F304
BIO_S1_SCS__1S_20251126T092003_20251126T092023_T_G01_M01_C02_T035_F305_01_DK96PT.zip,20251126,T035,F305
BIO_S1_SCS__1S_20251126T092003_20251126T092023_T_G01_M01_C02_T035_F305_01_DNVF4W.zip,20251126,T035,F305
BIO_S1_SCS__1S_20251126T092022_20251126T092042_T_G01_M01_C02_T035_F306_01_DK96X9.zip,20251126,T035,F306
BIO_S1_SCS__1S_20251126T092022_20251126T092042_T_G01_M01_C02_T035_F306_01_DNVFEW.zip,20251126,T035,F306
BIO_S1_SCS__1S_20251126T092041_20251126T092101_T_G01_M01_C02_T035_F307_01_DK96YP.zip,20251126,T035,F307
BIO_S1_SCS__1S_20251126T092041_20251126T092101_T_G01_M01_C02_T035_F307_01_DNVFHX.zip,20251126,T035,F307
BIO_S1_SCS__1S_20251126T092100_20251126T092120_T_G01_M01_C02_T035_F308_01_DK96XZ.zip,20251126,T035,F308
BIO_S1_SCS__1S_20251126T092100_20251126T092120_T_G01_M01_C02_T035_F308_01_DNVFGA.zip,20251126,T035,F308
BIO_S1_SCS__1S_20251126T092119_20251126T092139_T_G01_M01_C02_T035_F309_01_DK96X5.zip,20251126,T035,F309
BIO_S1_SCS__1S_20251126T092119_20251126T092139_T_G01_M01_C02_T035_F309_01_DNVFF3.zip,20251126,T035,F309
BIO_S1_SCS__1S_20251126T213834_20251126T213854_T_G01_M01_C02_T043_F157_01_DK9KL6.zip,20251126,T043,F157
BIO_S1_SCS__1S_20251126T213834_20251126T213854_T_G01_M01_C02_T043_F157_01_DNVYBS.zip,20251126,T043,F157
BIO_S1_SCS__1S_20251126T213853_20251126T213913_T_G01_M01_C02_T043_F158_01_DK9KM1.zip,20251126,T043,F158
BIO_S1_SCS__1S_20251126T213853_20251126T213913_T_G01_M01_C02_T043_F158_01_DNVYAW.zip,20251126,T043,F158
BIO_S1_SCS__1S_20251126T213912_20251126T213932_T_G01_M01_C02_T043_F159_01_DK9KLW.zip,20251126,T043,F159
BIO_S1_SCS__1S_20251126T213912_20251126T213932_T_G01_M01_C02_T043_F159_01_DNVYBI.zip,20251126,T043,F159
BIO_S1_SCS__1S_20251126T213931_20251126T213951_T_G01_M01_C02_T043_F160_01_DK9KLF.zip,20251126,T043,F160
BIO_S1_SCS__1S_20251126T213931_20251126T213951_T_G01_M01_C02_T043_F160_01_DNVYAY.zip,20251126,T043,F160
BIO_S1_SCS__1S_20251126T213950_20251126T214010_T_G01_M01_C02_T043_F161_01_DK9JUK.zip,20251126,T043,F161
BIO_S1_SCS__1S_20251126T213950_20251126T214010_T_G01_M01_C02_T043_F161_01_DNVYEX.zip,20251126,T043,F161
BIO_S1_SCS__1S_20251126T214009_20251126T214029_T_G01_M01_C02_T043_F162_01_DK9JUM.zip,20251126,T043,F162
BIO_S1_SCS__1S_20251126T214009_20251126T214029_T_G01_M01_C02_T043_F162_01_DNVYE0.zip,20251126,T043,F162
BIO_S1_SCS__1S_20251126T214028_20251126T214048_T_G01_M01_C02_T043_F163_01_DK9JV6.zip,20251126,T043,F163
BIO_S1_SCS__1S_20251126T214028_20251126T214048_T_G01_M01_C02_T043_F163_01_DNVYBI.zip,20251126,T043,F163
BIO_S1_SCS__1S_20251126T214047_20251126T214107_T_G01_M01_C02_T043_F164_01_DK9JTL.zip,20251126,T043,F164
BIO_S1_SCS__1S_20251126T214047_20251126T214107_T_G01_M01_C02_T043_F164_01_DNVYHX.zip,20251126,T043,F164
BIO_S1_SCS__1S_20251126T214106_20251126T214126_T_G01_M01_C02_T043_F165_01_DK9JU3.zip,20251126,T043,F165
BIO_S1_SCS__1S_20251126T214106_20251126T214126_T_G01_M01_C02_T043_F165_01_DNVYBS.zip,20251126,T043,F165
BIO_S1_SCS__1S_20251126T214125_20251126T214145_T_G01_M01_C02_T043_F166_01_DK9JKA.zip,20251126,T043,F166
BIO_S1_SCS__1S_20251126T214125_20251126T214145_T_G01_M01_C02_T043_F166_01_DNVYJD.zip,20251126,T043,F166
BIO_S1_SCS__1S_20251126T214144_20251126T214204_T_G01_M01_C02_T043_F167_01_DK9JH0.zip,20251126,T043,F167
BIO_S1_SCS__1S_20251126T214144_20251126T214204_T_G01_M01_C02_T043_F167_01_DNVYIB.zip,20251126,T043,F167
BIO_S1_SCS__1S_20251126T214203_20251126T214223_T_G01_M01_C02_T043_F168_01_DK9JKJ.zip,20251126,T043,F168
BIO_S1_SCS__1S_20251126T214203_20251126T214223_T_G01_M01_C02_T043_F168_01_DNVYJT.zip,20251126,T043,F168
BIO_S1_SCS__1S_20251126T214222_20251126T214242_T_G01_M01_C02_T043_F169_01_DK9JJT.zip,20251126,T043,F169
BIO_S1_SCS__1S_20251126T214222_20251126T214242_T_G01_M01_C02_T043_F169_01_DNVYI1.zip,20251126,T043,F169
BIO_S1_SCS__1S_20251126T214241_20251126T214301_T_G01_M01_C02_T043_F170_01_DK9JK5.zip,20251126,T043,F170
BIO_S1_SCS__1S_20251126T214241_20251126T214301_T_G01_M01_C02_T043_F170_01_DNVYJA.zip,20251126,T043,F170
BIO_S1_SCS__1S_20251126T214300_20251126T214320_T_G01_M01_C02_T043_F171_01_DK9JO2.zip,20251126,T043,F171
BIO_S1_SCS__1S_20251126T214300_20251126T214320_T_G01_M01_C02_T043_F171_01_DNVYHF.zip,20251126,T043,F171
BIO_S1_SCS__1S_20251126T214319_20251126T214339_T_G01_M01_C02_T043_F172_01_DK9JMV.zip,20251126,T043,F172
BIO_S1_SCS__1S_20251126T214319_20251126T214339_T_G01_M01_C02_T043_F172_01_DNVYF6.zip,20251126,T043,F172
BIO_S1_SCS__1S_20251126T214338_20251126T214358_T_G01_M01_C02_T043_F173_01_DK9JMY.zip,20251126,T043,F173
BIO_S1_SCS__1S_20251126T214338_20251126T214358_T_G01_M01_C02_T043_F173_01_DNVYHJ.zip,20251126,T043,F173
BIO_S1_SCS__1S_20251126T214357_20251126T214417_T_G01_M01_C02_T043_F174_01_DK9JNN.zip,20251126,T043,F174
BIO_S1_SCS__1S_20251126T214357_20251126T214417_T_G01_M01_C02_T043_F174_01_DNVYHB.zip,20251126,T043,F174
BIO_S1_SCS__1S_20251126T214416_20251126T214436_T_G01_M01_C02_T043_F175_01_DK9JNR.zip,20251126,T043,F175
BIO_S1_SCS__1S_20251126T214416_20251126T214436_T_G01_M01_C02_T043_F175_01_DNVYF0.zip,20251126,T043,F175
BIO_S1_SCS__1S_20251126T214435_20251126T214455_T_G01_M01_C02_T043_F176_01_DNVYAN.zip,20251126,T043,F176
BIO_S1_SCS__1S_20251126T214435_20251126T214456_T_G01_M01_C02_T043_F176_01_DK9KIA.zip,20251126,T043,F176
BIO_S1_SCS__1S_20260217T084816_20260217T084837_T_G01_M02_C03_T020_F293_01_DMZKC9.zip,20260217,T020,F293
BIO_S1_SCS__1S_20260217T084854_20260217T084915_T_G01_M02_C03_T020_F295_01_DMZK43.zip,20260217,T020,F295
BIO_S1_SCS__1S_20260217T084932_20260217T084953_T_G01_M02_C03_T020_F297_01_DMZKE5.zip,20260217,T020,F297
BIO_S1_SCS__1S_20260217T084952_20260217T085012_T_G01_M02_C03_T020_F298_01_DMZK9V.zip,20260217,T020,F298
BIO_S1_SCS__1S_20260217T085011_20260217T085031_T_G01_M02_C03_T020_F299_01_DMZKCV.zip,20260217,T020,F299
BIO_S1_SCS__1S_20260217T085030_20260217T085050_T_G01_M02_C03_T020_F300_01_DMZK3G.zip,20260217,T020,F300
BIO_S1_SCS__1S_20260217T085108_20260217T085128_T_G01_M02_C03_T020_F302_01_DMZK3U.zip,20260217,T020,F302
BIO_S1_SCS__1S_20260217T085127_20260217T085147_T_G01_M02_C03_T020_F303_01_DMZK3L.zip,20260217,T020,F303
BIO_S1_SCS__1S_20260217T085205_20260217T085225_T_G01_M02_C03_T020_F305_01_DMZK44.zip,20260217,T020,F305
BIO_S1_SCS__1S_20260217T085224_20260217T085244_T_G01_M02_C03_T020_F306_01_DMZK3Q.zip,20260217,T020,F306
BIO_S1_SCS__1S_20260217T211035_20260217T211056_T_G01_M02_C03_T028_F157_01_DN0M76.zip,20260217,T028,F157
BIO_S1_SCS__1S_20260217T211054_20260217T211115_T_G01_M02_C03_T028_F158_01_DN0MCQ.zip,20260217,T028,F158
BIO_S1_SCS__1S_20260217T211151_20260217T211212_T_G01_M02_C03_T028_F161_01_DN0M74.zip,20260217,T028,F161
BIO_S1_SCS__1S_20260217T211210_20260217T211231_T_G01_M02_C03_T028_F162_01_DN0M3S.zip,20260217,T028,F162
BIO_S1_SCS__1S_20260217T211248_20260217T211309_T_G01_M02_C03_T028_F164_01_DN0M7H.zip,20260217,T028,F164
BIO_S1_SCS__1S_20260217T211326_20260217T211347_T_G01_M02_C03_T028_F166_01_DN0M99.zip,20260217,T028,F166
BIO_S1_SCS__1S_20260217T211404_20260217T211425_T_G01_M02_C03_T028_F168_01_DN0MAN.zip,20260217,T028,F168
BIO_S1_SCS__1S_20260217T211423_20260217T211444_T_G01_M02_C03_T028_F169_01_DN0MB1.zip,20260217,T028,F169
BIO_S1_SCS__1S_20260217T211442_20260217T211503_T_G01_M02_C03_T028_F170_01_DN0MB4.zip,20260217,T028,F170
BIO_S1_SCS__1S_20260217T211520_20260217T211541_T_G01_M02_C03_T028_F172_01_DN0M06.zip,20260217,T028,F172
BIO_S1_SCS__1S_20260217T211539_20260217T211600_T_G01_M02_C03_T028_F173_01_DN0M2A.zip,20260217,T028,F173
BIO_S1_SCS__1S_20260217T211617_20260217T211638_T_G01_M02_C03_T028_F175_01_DN0M1O.zip,20260217,T028,F175
BIO_S1_SCS__1S_20260217T211636_20260217T211657_T_G01_M02_C03_T028_F176_01_DN0LZM.zip,20260217,T028,F176
