id,IHH,IHV
1,0.3541853725910187,0.08230800181627274
2,0.2071838676929474,0.050448883324861526
3,0.5102895498275757,0.0857522115111351
4,0.14584659039974213,0.07945825159549713
5,0.24428963661193848,0.10983778536319733
6,0.4287949800491333,0.07948756217956543
7,0.1674186736345291,0.05733121186494827
8,0.312656432390213,0.05978725478053093
9,0.09398733824491501,0.05237918719649315
10,0.6535611748695374,0.13224893808364868
11,0.6116933822631836,0.13659673929214478
12,0.16866785287857056,0.05033102631568909
13,0.06265898048877716,0.09610667824745178
14,0.4308966398239136,0.15090759098529816
15,0.21922266483306885,0.12194482237100601
16,0.5817356109619141,0.03861900418996811
17,0.38782376050949097,0.12559637427330017
18,0.9238749742507935,0.19980169832706451
19,0.2035687118768692,0.09601469337940216
20,0.28788039088249207,0.15259313583374023
21,0.1840502768754959,0.12590424716472626
22,0.25151151418685913,0.06998006254434586
23,0.3734503388404846,0.05147986486554146
24,0.39526283740997314,0.08073403686285019
25,0.07886823266744614,0.033497005701065063
26,0.08498866856098175,0.040501054376363754
27,0.3697305917739868,0.11963687837123871
28,0.13242337107658386,0.058619510382413864
29,0.0783715471625328,0.07658849656581879
30,0.02555924654006958,0.1552293598651886
31,0.20561140775680542,0.11639568209648132
32,0.20740365982055664,0.18211063742637634
33,0.10378746688365936,0.14539356529712677
34,0.1796387881040573,0.1012834757566452
35,0.10388771444559097,0.05957973748445511
36,0.20114734768867493,0.1304604411125183
37,0.2977006137371063,0.06445024907588959
38,0.2593376934528351,0.08683958649635315
39,0.35708197951316833,0.0816001147031784
40,0.4046398401260376,0.17468968033790588
41,0.16345691680908203,0.017272626981139183
42,0.11408701539039612,0.03613058477640152
43,0.1477339267730713,0.23240700364112854
44,0.5528156757354736,0.09744998812675476
45,0.3215680420398712,0.011267160065472126
46,0.5568230152130127,0.09155669808387756
47,0.37205395102500916,0.15308012068271637
48,0.2281995266675949,0.14075243473052979
49,0.19975128769874573,0.12326302379369736
50,0.22345513105392456,0.0404253751039505
51,0.16239693760871887,0.130416601896286
52,0.15787124633789062,0.09475516527891159
53,0.11576180905103683,0.09258434921503067
54,0.31590086221694946,0.06911758333444595
55,0.2927321195602417,0.22624780237674713
56,0.09745591133832932,0.1049925684928894
57,0.1883455514907837,0.06976532936096191
58,0.25498127937316895,0.11291036009788513
59,0.24317410588264465,0.18747593462467194
60,0.32696953415870667,0.07159510999917984
61,1.224883794784546,0.12703494727611542
62,0.4178328812122345,0.18058696389198303
63,0.4647851884365082,0.13259954750537872
64,0.25701892375946045,0.03940165042877197
65,0.43351608514785767,0.10727016627788544
66,0.3366771638393402,0.029123347252607346
67,0.16388331353664398,0.14603152871131897
68,0.15027084946632385,0.1316552758216858
69,0.10116232931613922,0.08502881228923798
70,0.19349156320095062,0.16567428410053253
71,1.0073262453079224,0.12549112737178802
72,0.2519010603427887,0.12451165169477463
73,0.18725819885730743,0.07405489683151245
74,0.09235420823097229,0.0928274467587471
75,0.14998896420001984,0.08754878491163254
76,0.17555522918701172,0.24468807876110077
77,0.1404011994600296,0.06581994891166687
78,0.6398458480834961,0.03251822665333748
79,0.32685303688049316,0.12347861379384995
80,0.12528248131275177,0.2073512077331543
81,0.16218426823616028,0.2858738899230957
82,0.2319159060716629,0.08357279747724533
83,0.18681256473064423,0.0653257742524147
84,0.3065076768398285,0.21610847115516663
85,0.28529390692710876,0.05304650589823723
86,0.46686360239982605,0.05088450014591217
87,0.14390937983989716,0.04846477508544922
88,0.1498880535364151,0.07733050733804703
89,0.24478483200073242,0.1318727284669876
90,0.41218775510787964,0.12656141817569733
91,0.3997582495212555,0.03227218613028526
92,0.5093145370483398,0.030131658539175987
93,0.10448459535837173,0.07427303493022919
94,0.06782862544059753,0.07445310801267624
95,0.29132193326950073,0.1457686573266983
96,0.2636274993419647,0.06552942097187042
97,0.17506541311740875,0.02087927982211113
98,0.43336763978004456,0.08553829789161682
99,0.547423243522644,0.04881225526332855
100,0.10668839514255524,0.0722198560833931
101,0.0943046435713768,0.03917762637138367
102,0.41130033135414124,0.023756513372063637
103,0.3296318054199219,0.028367619961500168
104,0.47084176540374756,0.08911395072937012
105,1.1043756008148193,0.3384737968444824
106,0.30109336972236633,0.07333371043205261
107,0.41051292419433594,0.06435315310955048
108,0.134431853890419,0.11027580499649048
109,0.521428644657135,0.09731683880090714
110,1.0280365943908691,0.13835325837135315
111,0.48806488513946533,0.13948480784893036
112,0.2363480031490326,0.17223066091537476
113,0.16235366463661194,0.07841073721647263
114,0.6540468335151672,0.1037374958395958
115,0.1422632336616516,0.06714125722646713
116,0.8128162622451782,0.18140216171741486
117,0.2609255313873291,0.020194288343191147
118,0.19875073432922363,0.07873304188251495
119,0.4217321574687958,0.0837176963686943
120,0.37092575430870056,0.008969517424702644
121,0.11163043975830078,0.045772913843393326
122,0.5345932841300964,0.03360237926244736
123,0.4085542559623718,0.06946596503257751
124,0.32468563318252563,0.12812326848506927
125,0.1797465682029724,0.24084782600402832
126,0.6127949357032776,0.28405553102493286
127,0.42537909746170044,0.11128897219896317
128,0.7091896533966064,0.2415405511856079
129,0.12752479314804077,0.02925160713493824
130,0.0970417931675911,0.09322530031204224
131,0.06658635288476944,0.09043830633163452
132,0.29761260747909546,0.10691162943840027
133,0.35693299770355225,0.11252271384000778
134,0.2430618554353714,0.12051442265510559
135,0.16515086591243744,0.03889566287398338
136,0.35021722316741943,0.13617447018623352
137,0.13551588356494904,0.07314255833625793
138,0.2322256863117218,0.04520701989531517
139,0.32813364267349243,0.0934075266122818
140,0.16772732138633728,0.10970602929592133
141,0.26875901222229004,0.13228046894073486
142,0.5357019901275635,0.05231599137187004
143,0.19749559462070465,0.07463960349559784
144,0.5471051335334778,0.14971581101417542
145,0.3547408878803253,0.09823478758335114
146,0.5534766912460327,0.03177569806575775
147,0.11700118333101273,0.12890852987766266
148,0.43095821142196655,0.0757119357585907
149,0.27632156014442444,0.12974759936332703
150,0.25945407152175903,0.23984330892562866
151,0.5321159362792969,0.051935452967882156
152,0.10492526739835739,0.06116624176502228
153,0.39652878046035767,0.15188410878181458
154,0.17088526487350464,0.12871164083480835
155,0.12699666619300842,0.034128278493881226
156,0.24909712374210358,0.1452730894088745
157,0.3508239984512329,0.20650345087051392
158,0.27897050976753235,0.042390305548906326
159,0.22705616056919098,0.07688449323177338
160,0.5858454704284668,0.0905560553073883
161,1.0704537630081177,0.1371973752975464
162,0.49712324142456055,0.15605023503303528
163,0.220847025513649,0.059457872062921524
164,0.37624165415763855,0.06359592825174332
165,0.05648427456617355,0.04127386957406998
166,0.3516829013824463,0.06266722083091736
167,1.0008856058120728,0.08571025729179382
168,0.3253215551376343,0.05155573785305023
169,0.04137859866023064,0.056883927434682846
170,0.1450934112071991,0.02000628039240837
171,0.12120471894741058,0.058017484843730927
172,0.3119520843029022,0.21395441889762878
173,0.27838584780693054,0.02256411500275135
174,0.1763807237148285,0.022061852738261223
175,0.2930281460285187,0.030868833884596825
176,0.5859126448631287,0.20765531063079834
177,0.25501659512519836,0.07454238831996918
178,0.23590902984142303,0.07906600087881088
179,0.14616046845912933,0.027121754363179207
180,0.07272688299417496,0.07460358738899231
181,0.1939663589000702,0.07617475092411041
182,0.1605256348848343,0.08646585047245026
183,0.2886720895767212,0.11085524410009384
184,0.2667117118835449,0.06525542587041855
185,0.1588035225868225,0.11182364821434021
186,0.6040946245193481,0.2758481502532959
187,0.9592748880386353,0.13855421543121338
188,0.38632041215896606,0.0907939225435257
189,0.12094612419605255,0.11923857778310776
190,0.36661210656166077,0.028857409954071045
191,0.3289443850517273,0.0435551293194294
192,0.11865198612213135,0.07736995816230774
193,0.13856709003448486,0.028885232284665108
194,0.2908416986465454,0.10923030972480774
195,0.5418739318847656,0.12452523410320282
196,0.14653009176254272,0.08315235376358032
197,0.6104195713996887,0.40652894973754883
198,0.5857551097869873,0.14292527735233307
199,0.48805898427963257,0.17165230214595795
200,0.12045267224311829,0.07034171372652054
201,0.34755071997642517,0.17381128668785095
202,0.13533878326416016,0.06759665906429291
203,0.1757461279630661,0.04238978028297424
204,0.42424482107162476,0.11829826980829239
205,0.7730263471603394,0.060158871114254
206,0.38939833641052246,0.2107674777507782
207,0.42520371079444885,0.1407994031906128
208,0.3202274739742279,0.1060468778014183
209,0.4900699555873871,0.09586505591869354
210,0.4480094015598297,0.06644018739461899
211,0.532872200012207,0.12659874558448792
212,0.177101269364357,0.17434677481651306
213,0.23056180775165558,0.06101588159799576
214,0.3806576132774353,0.018320022150874138
215,0.35087960958480835,0.055722467601299286
216,0.36382636427879333,0.08661718666553497
217,0.27543941140174866,0.052255697548389435
218,0.16754208505153656,0.040539778769016266
219,0.2180207073688507,0.02927696891129017
220,0.3519163131713867,0.07202260941267014
221,0.4068509340286255,0.05006095767021179
222,0.6169685125350952,0.09957705438137054
223,0.09563241899013519,0.04639584571123123
224,0.1581033617258072,0.12430975586175919
225,0.20893307030200958,0.05469995737075806
226,0.20200324058532715,0.06048969551920891
227,0.3116578459739685,0.22492197155952454
228,0.6161488890647888,0.06285189837217331
229,0.30957621335983276,0.23552905023097992
230,0.19998957216739655,0.04946436733007431
231,0.3022444546222687,0.027911918237805367
232,0.1369357705116272,0.0427103191614151
233,0.08201136440038681,0.07756020128726959
234,0.1899535357952118,0.2847898304462433
235,0.4730760157108307,0.16901051998138428
236,1.2959482669830322,0.15952394902706146
237,0.10128067433834076,0.08078453689813614
238,0.26594626903533936,0.09284854680299759
239,0.2616753876209259,0.04023173078894615
240,0.18220984935760498,0.032022979110479355
241,0.49760901927948,0.058583855628967285
242,0.24986696243286133,0.11470333486795425
243,0.13023824989795685,0.09087004512548447
244,0.3943604826927185,0.23681733012199402
245,1.0999906063079834,0.09278780221939087
246,0.6764098405838013,0.21407976746559143
247,0.12191374599933624,0.04380689561367035
248,0.24661588668823242,0.08495868742465973
249,0.5436608791351318,0.17329367995262146
250,0.5773367881774902,0.06344927847385406
251,1.0830268859863281,0.1348041146993637
252,0.3711897134780884,0.27674418687820435
253,2.6923155784606934,0.05328518897294998
254,0.6965784430503845,0.09676830470561981
255,0.5075727105140686,0.0153009332716465
256,0.4174349308013916,0.07193233072757721
257,0.1136983186006546,0.08929125964641571
258,0.5605750679969788,0.10606999695301056
259,0.4112798571586609,0.07432519644498825
260,0.21008719503879547,0.043176062405109406
261,0.5081495642662048,0.02811894193291664
262,0.2720103859901428,0.06896969676017761
263,0.3142419457435608,0.047214291989803314
264,0.3010527193546295,0.05760078877210617
265,0.3094013035297394,0.12285842001438141
266,0.3839696943759918,0.09616048634052277
267,0.19892668724060059,0.09374004602432251
268,0.10148253291845322,0.061184342950582504
269,0.14543259143829346,0.06357366591691971
270,0.3098187744617462,0.10811213403940201
271,0.6836832761764526,0.16815073788166046
272,0.07171332091093063,0.09367134422063828
273,0.5608912110328674,0.11204636842012405
274,0.23955491185188293,0.030836688354611397
275,0.6362819671630859,0.12292953580617905
276,0.1385139375925064,0.05845906585454941
277,0.10551489144563675,0.15539461374282837
278,0.13867172598838806,0.1416631042957306
279,0.15479864180088043,0.085789255797863
280,0.2148587703704834,0.1389647126197815
281,0.2046225517988205,0.042412422597408295
282,0.22386051714420319,0.08646758645772934
283,0.4640812873840332,0.0816684439778328
284,0.7905136942863464,0.04310721904039383
285,0.1879575252532959,0.09859652817249298
286,0.21104994416236877,0.11089853197336197
287,0.3797706663608551,0.09680294990539551
288,0.36684876680374146,0.07446038722991943
289,0.22205913066864014,0.12026230990886688
290,0.16619551181793213,0.15648767352104187
291,0.3670523762702942,0.16804048418998718
292,0.17973685264587402,0.1392030566930771
293,0.8545819520950317,0.2219190001487732
294,0.26199036836624146,0.3497152328491211
295,0.061854295432567596,0.09566555172204971
296,0.6678446531295776,0.4948016405105591
297,0.4984234869480133,0.046649932861328125
298,1.6381688117980957,0.1150500699877739
299,0.1782662272453308,0.036003366112709045
300,0.056902024894952774,0.10096615552902222
301,0.19122257828712463,0.05452968180179596
302,0.8237603902816772,0.031618449836969376
303,0.39237532019615173,0.08111809939146042
304,0.15112143754959106,0.06299550086259842
305,0.21533679962158203,0.08478710800409317
306,0.30053701996803284,0.042224589735269547
307,0.3606893718242645,0.19578206539154053
308,0.5215209126472473,0.12239807099103928
309,0.47809889912605286,0.12020306289196014
310,0.2068079113960266,0.057432956993579865
311,0.06573141366243362,0.034840553998947144
312,0.08854803442955017,0.07227203249931335
313,0.19375446438789368,0.0845969021320343
314,0.043274834752082825,0.08300736546516418
315,0.43670642375946045,0.04596266150474548
316,0.6162850260734558,0.07998714596033096
317,0.1068742573261261,0.01953832060098648
318,0.1489587426185608,0.07781442999839783
319,0.30369946360588074,0.11708306521177292
320,0.08242055028676987,0.14177216589450836
321,0.1518472135066986,0.10181683301925659
322,0.24579548835754395,0.08347918093204498
323,0.11119392514228821,0.06924992054700851
324,0.6586577892303467,0.19475746154785156
325,0.15566563606262207,0.08709575235843658
326,0.31469422578811646,0.02431204356253147
327,0.103022500872612,0.12362154573202133
328,0.07392045855522156,0.08044890314340591
329,0.14125461876392365,0.08800683915615082
330,0.27956077456474304,0.24822495877742767
331,0.2747584581375122,0.09310976415872574
332,0.43644678592681885,0.14923225343227386
333,0.09135764837265015,0.07638274133205414
334,0.2458249032497406,0.058291807770729065
335,0.3175751864910126,0.09385711699724197
336,0.12317602336406708,0.1973714828491211
337,0.2617088556289673,0.20281802117824554
338,1.8026671409606934,0.12196461111307144
339,0.39021292328834534,0.05627521872520447
340,0.23133251070976257,0.24141807854175568
341,0.32094570994377136,0.1447402387857437
342,0.46069785952568054,0.08185862749814987
343,0.3918346166610718,0.08029872179031372
344,0.10242083668708801,0.11582113802433014
345,0.5088815093040466,0.03730401396751404
346,0.5335855484008789,0.128666490316391
347,0.7650814056396484,0.2626394033432007
348,0.5847307443618774,0.08824348449707031
349,0.2947770953178406,0.0686817392706871
350,0.11083051562309265,0.0830003023147583
351,0.26524290442466736,0.07707592099905014
352,0.194227933883667,0.18985870480537415
353,0.6000322699546814,0.016783947125077248
354,0.2544519603252411,0.07527676969766617
355,0.6267527341842651,0.08308833837509155
356,0.17188985645771027,0.16268131136894226
357,0.26003000140190125,0.054092638194561005
358,0.30372628569602966,0.08342037349939346
359,0.1700548231601715,0.027159182354807854
360,0.40770965814590454,0.042201679199934006
361,0.7612194418907166,0.09271978586912155
362,0.25397631525993347,0.20614764094352722
363,0.3041658401489258,0.12742063403129578
364,0.08815684169530869,0.1747594028711319
365,0.28564366698265076,0.10692127048969269
366,0.09288372099399567,0.02174745313823223
367,0.44976651668548584,0.10015196353197098
368,0.07925091683864594,0.05627380311489105
369,0.9671267867088318,0.07008453458547592
370,0.3538367450237274,0.13552872836589813
371,0.26881247758865356,0.20228272676467896
372,0.11347603797912598,0.1597483605146408
373,0.07011990249156952,0.05168567970395088
374,0.3260354995727539,0.13150422275066376
375,0.10910309851169586,0.028034506365656853
376,0.24609564244747162,0.13616913557052612
377,0.12035109847784042,0.11335098743438721
378,0.17571336030960083,0.05496964603662491
379,0.2423885464668274,0.09691636264324188
380,0.4370848536491394,0.11725246906280518
381,0.1424866020679474,0.18428879976272583
382,0.4120745360851288,0.2589012384414673
383,0.40475156903266907,0.1615348756313324
384,0.3267086446285248,0.1440255492925644
385,0.3420206904411316,0.07125954329967499
386,1.1130353212356567,0.14252625405788422
387,0.6010363698005676,0.1944715827703476
388,0.09186315536499023,0.1375701129436493
389,0.418923020362854,0.17360666394233704
390,0.5245463848114014,0.07437390089035034
391,0.13401341438293457,0.05811851844191551
392,0.2496677041053772,0.027482422068715096
393,0.16586150228977203,0.06360423564910889
394,0.2667984366416931,0.02980247139930725
395,0.21210098266601562,0.05986020714044571
396,0.16493088006973267,0.10723830759525299
397,0.3640706539154053,0.25230228900909424
398,0.23936423659324646,0.10855851322412491
399,0.23242363333702087,0.03653007373213768
400,0.736129879951477,0.10858803242444992
401,0.5403594970703125,0.12383310496807098
402,0.4875011742115021,0.10482905805110931
403,0.29283666610717773,0.16239894926548004
404,0.2296084612607956,0.10022839158773422
405,0.5210809111595154,0.3270830810070038
406,0.22464412450790405,0.06903745234012604
407,0.15218518674373627,0.291921466588974
408,0.3266662657260895,0.07858197391033173
409,0.23734062910079956,0.06622464209794998
410,0.20487144589424133,0.06149618327617645
411,0.0785074532032013,0.24334990978240967
412,0.10012467950582504,0.06287084519863129
413,0.3573635220527649,0.0611945278942585
414,0.16177207231521606,0.09004407376050949
415,0.5439252853393555,0.12049190700054169
416,0.23248541355133057,0.06055689603090286
417,0.1782129853963852,0.07115954160690308
418,0.6930849552154541,0.051893722265958786
419,0.31316280364990234,0.15012407302856445
420,0.05290323123335838,0.0636114627122879
421,0.2376490831375122,0.0386483334004879
422,0.21420849859714508,0.05058516561985016
423,0.11523687839508057,0.019065218046307564
424,0.2176460176706314,0.07594409584999084
425,0.38672149181365967,0.07532811164855957
426,0.5253826379776001,0.09191018342971802
427,0.39794260263442993,0.06011056900024414
428,0.23219938576221466,0.10600501298904419
429,0.10747567564249039,0.02719828486442566
430,0.16635505855083466,0.2018960416316986
431,0.6066033840179443,0.07107458263635635
432,0.5305864810943604,0.14246335625648499
433,0.9727221727371216,0.1964089721441269
434,0.8215866088867188,0.4632890224456787
435,0.18522951006889343,0.10729098320007324
436,0.15008129179477692,0.07818407565355301
437,0.36331629753112793,0.04109044000506401
438,0.26987332105636597,0.0807613879442215
439,0.21472392976284027,0.16612489521503448
440,0.42732498049736023,0.14555419981479645
441,0.31035229563713074,0.1941085308790207
442,0.38571542501449585,0.12735092639923096
443,0.4752349853515625,0.16599293053150177
444,0.7701489925384521,0.2247685194015503
445,0.23422138392925262,0.10162270069122314
446,0.2533706724643707,0.11970086395740509
447,0.22208163142204285,0.06927813589572906
448,0.3051353991031647,0.10425617545843124
449,0.12987175583839417,0.047340258955955505
450,0.08885607123374939,0.17237864434719086
451,0.31188711524009705,0.15436206758022308
452,0.40163087844848633,0.19032253324985504
453,0.22811603546142578,0.08363176882266998
454,0.08338633924722672,0.09928722679615021
455,0.17257243394851685,0.10696230828762054
456,0.3881038427352905,0.09848092496395111
457,0.42965880036354065,0.07906468212604523
458,0.13680092990398407,0.11332477629184723
459,0.5685874223709106,0.25078925490379333
460,0.1286359578371048,0.10553334653377533
461,0.5430578589439392,0.04659893363714218
462,0.5143090486526489,0.04824282228946686
463,0.5353735089302063,0.17603591084480286
464,0.23221361637115479,0.21452045440673828
465,0.2562057077884674,0.0840044766664505
466,0.32682347297668457,0.2450171262025833
467,0.16755908727645874,0.13699235022068024
468,0.4130704998970032,0.048293061554431915
469,0.2981948256492615,0.11774701625108719
470,0.3516924977302551,0.14483600854873657
471,0.10385758429765701,0.10966556519269943
472,0.22855903208255768,0.041843801736831665
473,0.3186919689178467,0.1550125628709793
474,0.12806397676467896,0.11748689413070679
475,0.21229082345962524,0.23403620719909668
476,0.679271399974823,0.11167966574430466
477,0.14100393652915955,0.06225021928548813
478,0.09075147658586502,0.014687568880617619
479,0.09886962920427322,0.018390992656350136
480,0.17883777618408203,0.08158706873655319
481,0.5897855758666992,0.08114849776029587
482,0.11232727020978928,0.2985457181930542
483,0.3301892876625061,0.039386115968227386
484,0.0682084709405899,0.12575124204158783
485,0.41035550832748413,0.09904277324676514
486,0.3487038016319275,0.03784248232841492
487,0.29667750000953674,0.20706675946712494
488,0.21731017529964447,0.09765467047691345
489,0.4167424142360687,0.1516200304031372
490,0.37899166345596313,0.08010830730199814
491,0.0947909951210022,0.15965795516967773
492,0.21748380362987518,0.12944301962852478
493,0.26064565777778625,0.09373113512992859
494,0.15008942782878876,0.10833713412284851
495,0.16067156195640564,0.05452331155538559
496,0.24404998123645782,0.13779765367507935
497,0.26111894845962524,0.04390552267432213
498,0.28987041115760803,0.10329190641641617
499,0.2225240170955658,0.15353736281394958
500,0.3544301986694336,0.029011312872171402
501,0.3131360411643982,0.1687096655368805
502,0.6759740114212036,0.09527499973773956
503,0.1017407476902008,0.04899676516652107
504,0.11665013432502747,0.0314481146633625
505,0.44085144996643066,0.03829769790172577
506,0.5243825912475586,0.09256675839424133
507,0.5910651683807373,0.13791432976722717
508,0.17152130603790283,0.047549452632665634
509,0.25658491253852844,0.050288088619709015
510,0.2270013689994812,0.11126874387264252
511,0.19078536331653595,0.034470438957214355
512,0.13651423156261444,0.030173812061548233
513,0.18104860186576843,0.06117676571011543
514,0.17021340131759644,0.09103608131408691
515,0.4692242741584778,0.139102041721344
516,0.14028282463550568,0.09018152952194214
517,0.6445021629333496,0.12839283049106598
518,0.20432068407535553,0.046124234795570374
519,0.3870711326599121,0.07505641132593155
520,0.13760553300380707,0.17886513471603394
521,0.39199864864349365,0.29951438307762146
522,0.16236867010593414,0.1402067244052887
523,0.2829974889755249,0.12373645603656769
524,0.8428494930267334,0.15851160883903503
525,0.14707957208156586,0.10902884602546692
526,0.7186480164527893,0.10617153346538544
527,0.22850584983825684,0.04528489708900452
528,0.10863952338695526,0.07338297367095947
529,0.3348044157028198,0.03323303535580635
530,0.3702159523963928,0.16362133622169495
531,0.7413970232009888,0.1138203889131546
532,0.6105520129203796,0.16597679257392883
533,0.06090256944298744,0.1604885309934616
534,0.18880176544189453,0.05317109078168869
535,0.18644502758979797,0.10695736110210419
536,0.291672945022583,0.14648237824440002
537,0.20999398827552795,0.16405464708805084
538,0.17194893956184387,0.10111064463853836
539,0.37837842106819153,0.1413583755493164
540,0.17212378978729248,0.13896489143371582
541,0.1216779351234436,0.11439564824104309
542,0.4283626079559326,0.09312672168016434
543,0.47964078187942505,0.12448239326477051
544,0.6232511401176453,0.06353944540023804
545,0.4327579736709595,0.08754844963550568
546,0.5945074558258057,0.07586876302957535
547,0.2533693313598633,0.10846386104822159
548,0.08366929739713669,0.09231364727020264
549,0.12771619856357574,0.028563492000102997
550,0.26350846886634827,0.11067377775907516
551,0.3037060797214508,0.17850513756275177
552,0.49226707220077515,0.05625299736857414
553,0.48732826113700867,0.09961918741464615
554,0.36218148469924927,0.03229506313800812
555,0.37611693143844604,0.09867939352989197
556,0.16629727184772491,0.1915929764509201
557,0.15490485727787018,0.034394197165966034
558,0.16206467151641846,0.04875806346535683
559,0.29551494121551514,0.19247478246688843
560,0.20232915878295898,0.12748685479164124
561,0.2741604745388031,0.07330837845802307
562,0.11055104434490204,0.017708439379930496
563,0.13012570142745972,0.11598065495491028
564,0.2372632622718811,0.1914954036474228
565,0.04530945047736168,0.2029155045747757
566,0.6702654957771301,0.06196603178977966
567,0.3350573480129242,0.15302076935768127
568,0.17366757988929749,0.07761543244123459
569,0.3470541536808014,0.2224067598581314
570,0.6420158743858337,0.12506291270256042
571,0.11213845014572144,0.08798781782388687
572,0.17274209856987,0.10208483040332794
573,0.10744846612215042,0.05916837975382805
574,0.8276013135910034,0.28519681096076965
575,0.19926556944847107,0.36701488494873047
576,0.10597112774848938,0.17531245946884155
577,0.2898837924003601,0.11076603084802628
578,0.1421140432357788,0.051304012537002563
579,0.08033677190542221,0.12777426838874817
580,0.35652869939804077,0.15166912972927094
581,0.1271669566631317,0.12584277987480164
582,0.21755756437778473,0.019107840955257416
583,0.45378151535987854,0.07876209914684296
584,0.5610666275024414,0.06535183638334274
585,0.29974564909935,0.17947983741760254
586,0.06151644140481949,0.22729018330574036
587,0.48905566334724426,0.02580435574054718
588,1.035521149635315,0.31851914525032043
589,0.13602934777736664,0.10449818521738052
590,0.178982213139534,0.12578155100345612
591,0.35574209690093994,0.10313645750284195
592,0.2920244634151459,0.12804318964481354
593,0.03859035670757294,0.056139811873435974
594,0.10625067353248596,0.03659301996231079
595,0.07959932088851929,0.13839185237884521
596,0.444540411233902,0.059172675013542175
597,0.4776727557182312,0.11699289828538895
598,0.5146298408508301,0.031680140644311905
599,0.3105333149433136,0.1155032068490982
600,0.3500470519065857,0.1769387274980545
601,0.42638760805130005,0.025708289816975594
602,0.2336062639951706,0.0797109305858612
603,0.13888853788375854,0.17435097694396973
604,0.706983208656311,0.1673838496208191
605,0.6615153551101685,0.2538142800331116
606,0.1595228910446167,0.09330715239048004
607,0.41725221276283264,0.1547364890575409
608,0.3804653286933899,0.15751278400421143
609,0.14907628297805786,0.0201102364808321
610,0.3992438316345215,0.040137965232133865
611,0.25947460532188416,0.06780605763196945
612,0.21963350474834442,0.13407933712005615
613,0.2556639015674591,0.14351817965507507
614,0.39433443546295166,0.11129356920719147
615,0.5811046361923218,0.1490078717470169
616,0.3138550817966461,0.43584853410720825
617,0.459831565618515,0.2751029431819916
618,0.462676078081131,0.10616139322519302
619,0.18532690405845642,0.12782637774944305
620,0.30819204449653625,0.17740249633789062
621,0.23422016203403473,0.02988586388528347
622,0.36698150634765625,0.1033082902431488
623,0.507987380027771,0.07554437965154648
624,0.8463689684867859,0.0571744441986084
625,0.312030553817749,0.05645400285720825
626,0.21837031841278076,0.06149382144212723
627,0.6800999641418457,0.11524893343448639
628,0.6402843594551086,0.02236485853791237
629,0.14133292436599731,0.045407138764858246
630,0.15291720628738403,0.03345346823334694
631,0.17223702371120453,0.10615821182727814
632,0.8778144121170044,0.12694576382637024
633,0.8442885279655457,0.13232111930847168
634,0.40241116285324097,0.09087169170379639
635,0.29667460918426514,0.10464601218700409
636,0.23971018195152283,0.052046433091163635
637,0.22353839874267578,0.0913020521402359
638,0.20978981256484985,0.07074800878763199
639,0.22593393921852112,0.042317066341638565
640,0.07470327615737915,0.013369034975767136
641,0.081368088722229,0.1272626370191574
642,0.5676044225692749,0.1812034249305725
643,0.23864750564098358,0.09881862998008728
644,0.11552064120769501,0.23469868302345276
645,0.21461908519268036,0.044677525758743286
646,0.7175482511520386,0.2621493339538574
647,0.22418053448200226,0.18274930119514465
648,0.451757550239563,0.05924978479743004
649,0.4005739688873291,0.03018111363053322
650,0.23053979873657227,0.1391899585723877
651,0.18856503069400787,0.15152312815189362
652,0.3028832674026489,0.052061256021261215
653,0.16285210847854614,0.07030133157968521
654,0.1421014368534088,0.23587988317012787
655,0.15278124809265137,0.03902192786335945
656,0.34442365169525146,0.032450541853904724
657,0.2701658606529236,0.06792594492435455
658,0.45481809973716736,0.08222997188568115
659,0.2091916799545288,0.15963107347488403
660,0.04992026463150978,0.36590245366096497
661,0.555884838104248,0.06356173008680344
662,0.42370468378067017,0.45363765954971313
663,0.23507612943649292,0.11129739880561829
664,0.3473600745201111,0.03713005781173706
665,0.5367326736450195,0.08588838577270508
666,0.3026631474494934,0.056452590972185135
667,0.9497064352035522,0.019546307623386383
668,0.23967251181602478,0.04889163374900818
669,0.3173117935657501,0.056165661662817
670,0.15214858949184418,0.189862921833992
671,0.3890548646450043,0.15655678510665894
672,0.5239011645317078,0.1265975385904312
673,0.24401432275772095,0.11214606463909149
674,0.16411398351192474,0.07961055636405945
675,0.44480764865875244,0.30374813079833984
676,0.40668755769729614,0.02100294455885887
677,0.3933674693107605,0.015644174069166183
678,0.2811067998409271,0.05826704204082489
679,0.27509671449661255,0.1833081990480423
680,0.8886675834655762,0.06597122550010681
681,0.08172166347503662,0.09451651573181152
682,0.22838766872882843,0.06884673237800598
683,0.15758171677589417,0.11029393970966339
684,0.24737384915351868,0.04995676130056381
685,0.3702896535396576,0.019891958683729172
686,0.2784481644630432,0.0511896125972271
687,0.20205797255039215,0.09229524433612823
688,0.3675031065940857,0.07461840659379959
689,0.25113600492477417,0.2188470959663391
690,0.37236684560775757,0.0639890730381012
691,0.2462787926197052,0.20171058177947998
692,0.3029644191265106,0.16588987410068512
693,0.16818907856941223,0.1316576451063156
694,0.40673917531967163,0.24179962277412415
695,0.25762462615966797,0.06047939881682396
696,0.23732846975326538,0.13588860630989075
697,0.2758416533470154,0.07272332906723022
698,0.23814746737480164,0.016028543934226036
699,0.11516247689723969,0.07085668295621872
700,0.2726973593235016,0.0983981117606163
701,0.20619727671146393,0.062186870723962784
702,0.28553611040115356,0.08133359998464584
703,0.5568010210990906,0.08544332534074783
704,0.07677356153726578,0.05800987780094147
705,0.12171868979930878,0.07486973702907562
706,0.5989997982978821,0.3785650134086609
707,0.19379791617393494,0.04344366490840912
708,0.1509912759065628,0.2908841371536255
709,0.10291483253240585,0.02622881904244423
710,0.09976466000080109,0.10919532179832458
711,0.6023038625717163,0.11967681348323822
712,0.17370517551898956,0.047751761972904205
713,0.30345842242240906,0.21632800996303558
714,0.19226831197738647,0.16350315511226654
715,0.1509883850812912,0.031936511397361755
716,0.38842976093292236,0.11240439116954803
717,0.44918107986450195,0.06169086694717407
718,0.11619051545858383,0.07155714184045792
719,0.31135937571525574,0.16936427354812622
720,0.5622022151947021,0.16469071805477142
721,0.23838964104652405,0.05007658898830414
722,0.08193227648735046,0.336408793926239
723,0.5284627676010132,0.17884975671768188
724,0.40711963176727295,0.13584594428539276
725,0.23924821615219116,0.14457163214683533
726,0.41844239830970764,0.20404265820980072
727,0.1929599940776825,0.08429502695798874
728,0.23758310079574585,0.31335708498954773
729,0.4805784821510315,0.048979759216308594
730,0.1477365493774414,0.03368709236383438
731,0.2891131043434143,0.10861805081367493
732,0.4783664047718048,0.1685253232717514
733,0.359895795583725,0.17184695601463318
734,0.3063247501850128,0.10545502603054047
735,0.17341920733451843,0.19269868731498718
736,0.7784742712974548,0.06244130805134773
737,0.2232811599969864,0.39908355474472046
738,0.22185193002223969,0.11446087062358856
739,0.10568860918283463,0.02623509243130684
740,0.25796806812286377,0.03495829924941063
741,0.4990227520465851,0.15576843917369843
742,0.1412956863641739,0.015975525602698326
743,0.14502081274986267,0.024614691734313965
744,0.41025757789611816,0.039638303220272064
745,0.1606321632862091,0.021598469465970993
746,0.575423002243042,0.04602694511413574
747,0.5874728560447693,0.05772465467453003
748,0.27212923765182495,0.10549463331699371
749,0.6554916501045227,0.27256113290786743
750,0.561511754989624,0.09915579855442047
751,0.12414702773094177,0.16017186641693115
752,0.562217116355896,0.3647381663322449
753,0.31666144728660583,0.04929042607545853
754,0.7076101899147034,0.14071497321128845
755,0.5501521825790405,0.13430048525333405
756,0.2522181272506714,0.06345359981060028
757,0.25189217925071716,0.03135906159877777
758,0.2820289433002472,0.10156398266553879
759,0.46467116475105286,0.13117147982120514
760,0.3188641369342804,0.11812317371368408
761,0.3851388394832611,0.0982963889837265
762,0.7308177947998047,0.15430715680122375
763,0.08815155923366547,0.12045534700155258
764,0.7325165271759033,0.11075721681118011
765,0.13331429660320282,0.17882302403450012
766,0.27097615599632263,0.08848336338996887
767,0.175068661570549,0.07969475537538528
768,0.4523812532424927,0.18230856955051422
769,0.711082935333252,0.13731692731380463
770,0.3115781545639038,0.20791193842887878
771,0.18483123183250427,0.08292358368635178
772,0.16619521379470825,0.09900428354740143
773,0.8407146334648132,0.25760549306869507
774,0.265105664730072,0.04545461758971214
775,0.2836747169494629,0.0883365273475647
776,0.2597582936286926,0.05793289840221405
777,0.436789870262146,0.15713448822498322
778,0.2947022020816803,0.5443575382232666
779,0.21346589922904968,0.3961913287639618
780,0.1555103361606598,0.03702257573604584
781,0.34319546818733215,0.10281728953123093
782,0.17742453515529633,0.04977421462535858
783,0.09048832207918167,0.03751841187477112
784,0.12042082101106644,0.042872872203588486
785,0.5282397866249084,0.1982957422733307
786,0.1334834098815918,0.1868489384651184
787,0.1339598000049591,0.04039670526981354
788,0.24273891746997833,0.10695073753595352
789,1.0087392330169678,0.29704129695892334
790,0.13110557198524475,0.09299802780151367
791,0.18393003940582275,0.07871383428573608
792,0.4811411499977112,0.12891651690006256
793,1.0320292711257935,0.13689234852790833
794,0.4114620089530945,0.13112783432006836
795,0.31218111515045166,0.19362670183181763
796,0.24189001321792603,0.08851256966590881
797,0.41908854246139526,0.07745815813541412
798,1.3228232860565186,0.07903236150741577
799,1.159817099571228,0.09214013814926147
800,0.4102581739425659,0.06516730785369873
801,0.14280498027801514,0.03911670297384262
802,0.05586273968219757,0.09527914971113205
803,0.13257063925266266,0.04689893499016762
804,0.6038936376571655,0.0974581390619278
805,0.49712860584259033,0.07888837158679962
806,0.18662942945957184,0.14702311158180237
807,0.24122846126556396,0.15516936779022217
808,0.35572296380996704,0.10096938908100128
809,0.23179395496845245,0.09210573136806488
810,0.125515416264534,0.10998043417930603
811,0.4014727473258972,0.1071959063410759
812,0.20465315878391266,0.3056924343109131
813,0.3534110486507416,0.17020894587039948
814,0.34259575605392456,0.2326095551252365
815,0.1985292285680771,0.11188136041164398
816,0.39753785729408264,0.13390490412712097
817,0.4110564887523651,0.05727580189704895
818,0.08672130107879639,0.03871166333556175
819,0.20362547039985657,0.09522687643766403
820,0.46164754033088684,0.09766514599323273
821,0.07376931607723236,0.09897161275148392
822,0.23853564262390137,0.5715057253837585
823,0.9609060883522034,0.18135125935077667
824,0.18103723227977753,0.18589387834072113
825,0.19918912649154663,0.06627842038869858
826,0.5781748294830322,0.10335254669189453
827,0.4008200764656067,0.13684704899787903
828,0.19861215353012085,0.09690815210342407
829,0.16458766162395477,0.03468604385852814
830,0.2396569550037384,0.07465298473834991
831,0.14465227723121643,0.030714843422174454
832,0.19737152755260468,0.1556035578250885
833,0.31944540143013,0.048665739595890045
834,0.19634947180747986,0.11340184509754181
835,0.25802862644195557,0.22745467722415924
836,0.39635413885116577,0.1294781118631363
837,0.12426862120628357,0.17035509645938873
838,0.2688150703907013,0.1163654774427414
839,0.06347768008708954,0.10361561924219131
840,0.3970772624015808,0.07823992520570755
841,0.23235198855400085,0.055217303335666656
842,0.11203702539205551,0.06501339375972748
843,0.2144780457019806,0.1266668438911438
844,0.2593045234680176,0.21769331395626068
845,0.08163300901651382,0.11280032992362976
846,0.2137036770582199,0.040555745363235474
847,0.1659391224384308,0.2856453061103821
848,0.7629492282867432,0.08393524587154388
849,0.30781087279319763,0.04298030585050583
850,0.1779058277606964,0.10293634980916977
851,0.578928530216217,0.07415296137332916
852,1.3101997375488281,0.16275405883789062
853,0.21933919191360474,0.2021944671869278
854,0.19371843338012695,0.08441129326820374
855,0.08228237926959991,0.1154697984457016
856,0.06593810021877289,0.48076221346855164
857,0.22314217686653137,0.2681487202644348
858,0.7390720844268799,0.18172118067741394
859,0.13879486918449402,0.10950659215450287
860,0.48763519525527954,0.1956375241279602
861,0.38739585876464844,0.05391434580087662
862,0.22061967849731445,0.11672370135784149
863,0.2441830337047577,0.09704308211803436
864,0.6464754343032837,0.09876936674118042
865,0.6283600330352783,0.11414407938718796
866,0.24698396027088165,0.09856048226356506
867,0.2530435025691986,0.06900673359632492
868,0.31411251425743103,0.07621115446090698
869,0.42910897731781006,0.08382754772901535
870,0.2598702311515808,0.20976853370666504
871,0.45293787121772766,0.10614709556102753
872,0.6038023829460144,0.04722178354859352
873,0.3335895538330078,0.020319804549217224
874,0.3577752113342285,0.08672802895307541
875,0.5624921321868896,0.052431054413318634
876,0.4228154718875885,0.13231144845485687
877,0.4324515461921692,0.09081971645355225
878,0.4200008511543274,0.13686539232730865
879,0.15982988476753235,0.05283103883266449
880,0.433584064245224,0.14604364335536957
881,0.15305955708026886,0.030858758836984634
882,0.3217296600341797,0.16181698441505432
883,0.30838045477867126,0.16021482646465302
884,0.40453794598579407,0.17517948150634766
885,0.028488364070653915,0.04555845260620117
886,0.10726568102836609,0.04081391170620918
887,0.5824615359306335,0.06741103529930115
888,0.42351287603378296,0.05387440696358681
889,0.15009324252605438,0.05396547168493271
890,0.12755213677883148,0.13308453559875488
891,0.6658306121826172,0.14788149297237396
892,0.26375728845596313,0.10957790166139603
893,0.07472779601812363,0.04347213730216026
894,0.2526489794254303,0.09388002008199692
895,0.8416720032691956,0.19741688668727875
896,0.5806991457939148,0.13776220381259918
897,0.21692408621311188,0.16856497526168823
898,0.26928314566612244,0.07249265909194946
899,0.1040850281715393,0.04247206449508667
900,0.2886897921562195,0.04726126417517662
901,0.24905794858932495,0.20158074796199799
902,0.2944350242614746,0.06095868721604347
903,0.5615178942680359,0.21648362278938293
904,0.2850934565067291,0.17339514195919037
905,0.3798174262046814,0.04356743022799492
906,0.16527512669563293,0.04903071001172066
907,0.11385123431682587,0.10605262219905853
908,0.15458443760871887,0.1230928897857666
909,0.12295671552419662,0.06028672680258751
910,0.3734637498855591,0.04001949355006218
911,0.8382441401481628,0.036085110157728195
912,0.5975091457366943,0.1361643671989441
913,0.2396220862865448,0.051796987652778625
914,0.4290888011455536,0.09921648353338242
915,0.5265144109725952,0.22929242253303528
916,0.43999266624450684,0.03330211713910103
917,0.1863478720188141,0.053504977375268936
918,0.2653660476207733,0.014504337683320045
919,0.7352461218833923,0.017844513058662415
920,0.4934064745903015,0.15233811736106873
921,0.24221700429916382,0.07744117826223373
922,0.09386301040649414,0.003107227850705385
923,0.29544007778167725,0.09951888024806976
924,0.22450311481952667,0.04167166352272034
925,0.31089842319488525,0.10264402627944946
926,0.9529361724853516,0.09137390553951263
927,0.9160666465759277,0.08552660793066025
928,0.4235970079898834,0.18498943746089935
929,0.2777404189109802,0.10393811762332916
930,0.27543604373931885,0.10402663052082062
931,0.21862059831619263,0.37277108430862427
932,0.3869514763355255,0.05997322499752045
933,0.35991159081459045,0.1201837956905365
934,0.7905691862106323,0.0717683881521225
935,0.6049949526786804,0.09460818767547607
936,0.49833357334136963,0.10204019397497177
937,0.10244672000408173,0.03615488111972809
938,0.09415178000926971,0.07427512854337692
939,0.41387301683425903,0.10258575528860092
940,0.14477774500846863,0.01890912652015686
941,0.2621013820171356,0.09716389328241348
942,0.3083747327327728,0.29241764545440674
943,0.4142904281616211,0.24872222542762756
944,0.3776874244213104,0.07150829583406448
945,0.25315746665000916,0.10693992674350739
946,0.1280461549758911,0.1602800488471985
947,0.24188277125358582,0.14619480073451996
948,0.06663735210895538,0.14895230531692505
949,0.3837985396385193,0.061795517802238464
950,0.37178677320480347,0.12342865765094757
951,0.16392099857330322,0.07469679415225983
952,0.34309107065200806,0.04764179885387421
953,0.3128107190132141,0.10696634650230408
954,0.20976178348064423,0.12799468636512756
955,0.19018541276454926,0.09114443510770798
956,0.5649725198745728,0.17182129621505737
957,0.24993996322155,0.19696182012557983
958,0.30115020275115967,0.07628610730171204
959,0.19527286291122437,0.24814502894878387
960,0.29350346326828003,0.1988821029663086
961,0.11518701165914536,0.06266903132200241
962,0.36501067876815796,0.07232220470905304
963,0.3865821659564972,0.046163491904735565
964,0.20805487036705017,0.15191197395324707
965,0.1144019216299057,0.1636810302734375
966,0.3108219802379608,0.07606323063373566
967,0.1782095581293106,0.12365489453077316
968,0.037722304463386536,0.07240015268325806
969,0.17778095602989197,0.06326259672641754
970,0.5181383490562439,0.05650683119893074
971,0.13270556926727295,0.10454744845628738
972,0.39444971084594727,0.06847035884857178
973,0.2939951717853546,0.06930403411388397
974,0.14522577822208405,0.18497315049171448
975,0.41371607780456543,0.10045545548200607
976,0.8684875965118408,0.14012718200683594
977,0.4193521738052368,0.1070801317691803
978,0.25277599692344666,0.06637024134397507
979,0.11183254420757294,0.1455388367176056
980,0.3300647735595703,0.13521216809749603
981,0.13731345534324646,0.10758732259273529
982,0.8702349066734314,0.11842462420463562
983,0.05188702791929245,0.04317418485879898
984,0.11912120133638382,0.06073572486639023
985,0.18955427408218384,0.04989314079284668
986,0.07930926978588104,0.042895976454019547
987,0.4366524815559387,0.12945933640003204
988,0.23710303008556366,0.1544986218214035
989,0.1604708433151245,0.06471436470746994
990,0.5932083129882812,0.04577648639678955
991,0.36675506830215454,0.08970697224140167
992,0.29713475704193115,0.02994667738676071
993,0.3271632790565491,0.0896678939461708
994,0.38430118560791016,0.1257355958223343
995,0.32005107402801514,0.06414150446653366
996,0.12240727245807648,0.11195167899131775
997,0.46869003772735596,0.1541747748851776
998,0.48184388875961304,0.06873641908168793
999,0.5972753763198853,0.11214576661586761
1000,0.27816906571388245,0.1780358850955963
1001,0.4188985824584961,0.09956634789705276
1002,0.12579190731048584,0.03321992978453636
1003,0.28840169310569763,0.14411011338233948
1004,0.5130378007888794,0.13947728276252747
1005,0.5018472075462341,0.15188990533351898
1006,1.136615514755249,0.1762760579586029
1007,0.09850044548511505,0.10821790248155594
1008,0.09052632749080658,0.08151257783174515
1009,0.0657833144068718,0.053496312350034714
1010,0.0792141705751419,0.010757464915513992
1011,0.12312044203281403,0.024867117404937744
1012,0.06707486510276794,0.05401090532541275
1013,0.2750812768936157,0.16234710812568665
1014,0.20245203375816345,0.12674419581890106
1015,0.5264527797698975,0.1684541404247284
1016,0.31783074140548706,0.19088852405548096
1017,0.143082857131958,0.11618764698505402
1018,0.12529753148555756,0.07735047489404678
1019,0.14200043678283691,0.045677103102207184
1020,0.3793237805366516,0.09634943306446075
1021,0.33335262537002563,0.06701387465000153
1022,0.15397459268569946,0.2702251374721527
1023,0.594847559928894,0.061430249363183975
1024,0.1569485068321228,0.20380723476409912
1025,0.19569902122020721,0.26210567355155945
1026,0.10393214225769043,0.19001969695091248
1027,0.3119550943374634,0.1184760332107544
1028,0.11061687767505646,0.026978489011526108
1029,0.16988138854503632,0.187958762049675
1030,0.23752054572105408,0.08938301354646683
1031,0.48877665400505066,0.11116904020309448
1032,0.20352253317832947,0.10969629883766174
1033,0.11515115201473236,0.17913660407066345
1034,0.4706122875213623,0.1021801009774208
1035,0.4213593900203705,0.03344790264964104
1036,0.28962409496307373,0.04605570808053017
1037,0.31678053736686707,0.0800785943865776
1038,0.2643629312515259,0.10828570276498795
1039,0.38525551557540894,0.05789082869887352
1040,0.32347530126571655,0.05835551396012306
1041,0.22432667016983032,0.1061924621462822
1042,0.2265818864107132,0.10544073581695557
1043,0.7850656509399414,0.35912075638771057
1044,0.8430765271186829,0.42301145195961
1045,0.3917606770992279,0.17491838335990906
1046,0.33189940452575684,0.10893464088439941
1047,0.26362621784210205,0.08403940498828888
1048,0.35846346616744995,0.17459693551063538
1049,0.34195247292518616,0.14501504600048065
1050,0.3032568693161011,0.12746675312519073
1051,0.371371328830719,0.07613613456487656
1052,0.9652248024940491,0.07473697513341904
1053,0.22444024682044983,0.09116677194833755
1054,0.2679900527000427,0.08835918456315994
1055,0.9046577215194702,0.15382644534111023
1056,0.24435225129127502,0.21984867751598358
1057,0.06442961096763611,0.0815340057015419
1058,0.21627970039844513,0.09026655554771423
1059,0.24624596536159515,0.2043149471282959
1060,0.4213286340236664,0.3343440294265747
1061,0.31418949365615845,0.08313843607902527
1062,0.20408260822296143,0.12923382222652435
1063,0.33204180002212524,0.20873670279979706
1064,0.27223026752471924,0.046700235456228256
1065,0.34712398052215576,0.026796333491802216
1066,0.20387277007102966,0.07367496192455292
1067,0.12557823956012726,0.05134741961956024
1068,0.4172191321849823,0.29823270440101624
1069,0.16926366090774536,0.11512640118598938
1070,0.17863313853740692,0.1159166544675827
1071,0.10368677228689194,0.042712822556495667
1072,0.1850980967283249,0.04730477184057236
1073,0.14782214164733887,0.05570993572473526
1074,0.44530200958251953,0.09910313785076141
1075,0.3678654730319977,0.08952262252569199
1076,0.40590187907218933,0.06753204017877579
1077,0.08722829073667526,0.07452401518821716
1078,0.30645251274108887,0.11125898361206055
1079,0.4574565887451172,0.23312506079673767
1080,0.15249291062355042,0.12157721817493439
1081,0.352891743183136,0.2001100778579712
1082,0.33863696455955505,0.19645991921424866
1083,0.14565730094909668,0.07809075713157654
1084,0.15043887495994568,0.060297891497612
1085,0.19711655378341675,0.14047421514987946
1086,0.2247585654258728,0.039747945964336395
1087,0.4012455344200134,0.06826317310333252
1088,0.44750458002090454,0.04561270400881767
1089,0.8416836857795715,0.28967052698135376
1090,0.09874874353408813,0.11621131002902985
1091,0.1065923348069191,0.0414748415350914
1092,0.224683940410614,0.18083709478378296
1093,0.23581504821777344,0.03587411716580391
1094,0.18758630752563477,0.1313689947128296
1095,0.3895919919013977,0.2552120089530945
1096,0.17464420199394226,0.07413606345653534
1097,0.19553685188293457,0.026787057518959045
1098,0.11410078406333923,0.0825222060084343
1099,0.10599477589130402,0.0827774778008461
1100,0.15068307518959045,0.07126851379871368
1101,0.4289451539516449,0.08648085594177246
1102,1.3285335302352905,0.1305212378501892
1103,0.08951762318611145,0.11585234105587006
1104,0.17279410362243652,0.10237936675548553
1105,0.2919221818447113,0.07739009708166122
1106,0.3757414221763611,0.038418885320425034
1107,0.35856854915618896,0.08206711709499359
1108,0.4119042158126831,0.06695445626974106
1109,0.18948708474636078,0.033170223236083984
1110,0.1554780751466751,0.10575641691684723
1111,0.1910233497619629,0.0607360377907753
1112,0.2855684161186218,0.02521776407957077
1113,0.10570190846920013,0.14430731534957886
1114,0.22247353196144104,0.12261275202035904
1115,0.06879531592130661,0.08117421716451645
1116,0.09020932018756866,0.11079157888889313
1117,0.28643181920051575,0.06189686805009842
1118,0.22578315436840057,0.11202869564294815
1119,0.4773028790950775,0.0208702702075243
1120,0.3401821255683899,0.02109420672059059
1121,0.17054623365402222,0.05296371877193451
1122,0.6863633394241333,0.07691828906536102
1123,0.6294328570365906,0.1708909273147583
1124,0.2724023461341858,0.0618162676692009
1125,0.3988265097141266,0.19279077649116516
1126,0.18767744302749634,0.15415813028812408
1127,0.7645506858825684,0.29756176471710205
1128,1.1092529296875,0.21990126371383667
1129,0.558212399482727,0.4144679307937622
1130,0.30198657512664795,0.06075064837932587
1131,0.3495117127895355,0.030684223398566246
1132,0.2837459444999695,0.08402027189731598
1133,0.1229645311832428,0.10664701461791992
1134,0.2079424411058426,0.11781949549913406
1135,0.17654423415660858,0.06295938044786453
1136,0.21090438961982727,0.11779965460300446
1137,0.13214948773384094,0.026671960949897766
1138,0.571043074131012,0.014992731623351574
1139,0.5226532220840454,0.10553418844938278
1140,0.2297564595937729,0.14814718067646027
1141,0.4632877707481384,0.11190229654312134
1142,0.17651937901973724,0.1235770732164383
1143,0.1551058292388916,0.06788666546344757
1144,0.41613394021987915,0.03590843081474304
1145,0.09685169160366058,0.08004797995090485
1146,0.060234762728214264,0.04346218332648277
1147,0.15352711081504822,0.04834749549627304
1148,0.12143690139055252,0.09578675776720047
1149,0.24197854101657867,0.17689694464206696
1150,0.32183727622032166,0.09611162543296814
1151,0.3833371698856354,0.20266450941562653
1152,0.37467336654663086,0.10737123340368271
1153,0.0871477946639061,0.050611305981874466
1154,0.43054595589637756,0.19540336728096008
1155,0.3406791090965271,0.06787151098251343
1156,0.25245213508605957,0.11366017162799835
1157,0.2076277881860733,0.1057954803109169
1158,0.21507878601551056,0.057632941752672195
1159,0.2936801016330719,0.07503759115934372
1160,0.2384195178747177,0.07317633181810379
1161,0.43118807673454285,0.13076242804527283
1162,0.48039335012435913,0.20608443021774292
1163,0.7011762261390686,0.12674573063850403
1164,0.35906538367271423,0.08883142471313477
1165,0.05504143238067627,0.04243692755699158
1166,0.388791024684906,0.21217890083789825
1167,0.2981359362602234,0.06570744514465332
1168,0.6805870532989502,0.10845066606998444
1169,0.4173045754432678,0.16031868755817413
1170,0.7786064147949219,0.1621907353401184
1171,0.22185739874839783,0.12036650627851486
1172,0.1688346117734909,0.03710562735795975
1173,0.3261573314666748,0.09994207322597504
1174,1.1719125509262085,0.09741119295358658
1175,2.3034462928771973,0.1887589693069458
1176,0.5122308135032654,0.10235202312469482
1177,0.4618736207485199,0.1507437527179718
1178,0.46851325035095215,0.08493676036596298
1179,0.8203952312469482,0.10416579991579056
1180,0.5734471082687378,0.07560096681118011
1181,0.03641114383935928,0.08756563067436218
1182,0.2881677448749542,0.08173053711652756
1183,0.12326163053512573,0.04691268131136894
1184,0.14185941219329834,0.04090255871415138
1185,0.3199702203273773,0.02260994166135788
1186,0.23942869901657104,0.055310800671577454
1187,0.8546357154846191,0.07728584110736847
1188,0.24611249566078186,0.07414952665567398
1189,0.11148912459611893,0.04595056176185608
1190,0.09385781735181808,0.06607230752706528
1191,0.24443084001541138,0.042467329651117325
1192,0.18562790751457214,0.09753302484750748
1193,0.05554068088531494,0.1321919709444046
1194,0.08133921772241592,0.03166826814413071
1195,0.39975613355636597,0.09332707524299622
1196,0.14823544025421143,0.15541709959506989
1197,0.1091623529791832,0.10864491015672684
1198,0.16353179514408112,0.09799960255622864
1199,0.22945040464401245,0.17025497555732727
1200,0.11745956540107727,0.06700117886066437
1201,0.40845629572868347,0.14778557419776917
1202,0.49132195115089417,0.19445836544036865
1203,0.18967154622077942,0.07757798582315445
1204,0.1948625147342682,0.1099482923746109
1205,0.19808468222618103,0.05868971347808838
1206,0.09377019852399826,0.07661783695220947
1207,0.0467490553855896,0.09130360931158066
1208,0.14630143344402313,0.08965373039245605
1209,0.23835638165473938,0.07020176947116852
1210,0.6575583219528198,0.08323512971401215
1211,0.6008211374282837,0.11671063303947449
1212,0.34470483660697937,0.08110926300287247
1213,0.21074478328227997,0.0271143801510334
1214,0.3401232957839966,0.0925736278295517
1215,0.24723941087722778,0.18684087693691254
1216,0.10848568379878998,0.03621051460504532
1217,0.4052239656448364,0.055794861167669296
1218,0.0860380232334137,0.09654677659273148
1219,0.4193381369113922,0.10127416998147964
1220,0.24121397733688354,0.1443425863981247
1221,0.5578455328941345,0.27173787355422974
1222,0.051233671605587006,0.1581268310546875
1223,0.18205976486206055,0.16548511385917664
1224,0.3411065638065338,0.0326022207736969
1225,0.16838885843753815,0.061429597437381744
1226,0.38876262307167053,0.09425397962331772
1227,0.27254074811935425,0.0451686792075634
1228,0.054401982575654984,0.03871524706482887
1229,0.22060632705688477,0.1894594132900238
1230,0.1290837824344635,0.15117770433425903
1231,0.14973440766334534,0.04968219995498657
1232,0.1475314199924469,0.03325092792510986
1233,0.14482061564922333,0.04000420123338699
1234,0.1491241455078125,0.1187879741191864
1235,0.459376722574234,0.32868003845214844
1236,0.11734335124492645,0.0985543429851532
1237,0.30335038900375366,0.13448143005371094
1238,0.1843084990978241,0.3451155722141266
1239,0.4305570125579834,0.13109350204467773
1240,0.28550708293914795,0.14149005711078644
1241,0.8217325210571289,0.13698668777942657
1242,0.21525093913078308,0.16783052682876587
1243,0.5528069138526917,0.038605622947216034
1244,0.43243640661239624,0.08044585585594177
1245,0.7545326948165894,0.15849269926548004
1246,0.5431205034255981,0.07141472399234772
1247,0.24692365527153015,0.11219065636396408
1248,0.1310225874185562,0.06513962149620056
1249,0.6286436319351196,0.11795694380998611
1250,0.26136770844459534,0.1372811198234558
1251,0.12870387732982635,0.05155281350016594
1252,0.32343220710754395,0.09008844941854477
1253,0.38266798853874207,0.14623454213142395
1254,0.14462807774543762,0.05862250551581383
1255,0.272820383310318,0.11413924396038055
1256,0.22760847210884094,0.09004031121730804
1257,0.2031094878911972,0.03848844766616821
1258,0.5087210536003113,0.2966199815273285
1259,0.24561923742294312,0.11929677426815033
1260,0.6196660995483398,0.09875820577144623
1261,0.29256850481033325,0.07243096828460693
1262,0.1174076572060585,0.15182003378868103
1263,0.24859729409217834,0.10694141685962677
1264,0.08126509189605713,0.12774178385734558
1265,0.5385758280754089,0.12617412209510803
1266,0.5756679773330688,0.02927839383482933
1267,0.39715376496315,0.06410811096429825
1268,0.16353651881217957,0.021388322114944458
1269,0.09748539328575134,0.03890317305922508
1270,0.10829903930425644,0.07832497358322144
1271,0.1861373782157898,0.03590058535337448
1272,0.27818936109542847,0.13760285079479218
1273,0.475592702627182,0.1322459876537323
1274,0.2046557366847992,0.02561504766345024
1275,0.2355455756187439,0.05509551614522934
1276,0.27314066886901855,0.2806791365146637
1277,0.11787121742963791,0.023349691182374954
1278,0.5244095325469971,0.1861063688993454
1279,0.2304845154285431,0.06477674096822739
1280,0.3648560643196106,0.07475099712610245
1281,0.25418558716773987,0.11020364612340927
1282,0.09719906002283096,0.04013030230998993
1283,0.3619210720062256,0.07008874416351318
1284,0.34757548570632935,0.22321607172489166
1285,0.2588692307472229,0.08257446438074112
1286,0.167779803276062,0.03603694587945938
1287,0.4219492971897125,0.06360742449760437
1288,0.277079701423645,0.08051808178424835
1289,0.5316174030303955,0.2787137031555176
1290,0.12013044953346252,0.14616724848747253
1291,0.07129716873168945,0.1552458107471466
1292,0.20376406610012054,0.06968727707862854
1293,0.9864130020141602,0.04712870717048645
1294,0.530840277671814,0.32844284176826477
1295,0.3750894069671631,0.15387481451034546
1296,0.23064091801643372,0.07865792512893677
1297,0.5668461918830872,0.08587570488452911
1298,0.9490342736244202,0.07356385886669159
1299,0.42292022705078125,0.062425047159194946
1300,0.3022002577781677,0.07688584923744202
1301,0.42111366987228394,0.0618138313293457
1302,0.33806368708610535,0.05677702650427818
1303,0.15439856052398682,0.14865943789482117
1304,0.813043475151062,0.15952721238136292
1305,0.330594003200531,0.06612948328256607
1306,0.2579994797706604,0.04900933802127838
1307,0.2772955298423767,0.040272392332553864
1308,0.1752592921257019,0.09079249203205109
1309,0.16780057549476624,0.10666288435459137
1310,0.018504031002521515,0.09001801908016205
1311,0.3194464445114136,0.054869145154953
1312,0.4675627648830414,0.11030380427837372
1313,0.08500152081251144,0.09414635598659515
1314,0.048563867807388306,0.07211148738861084
1315,0.3296244740486145,0.14422184228897095
1316,0.5401852130889893,0.04363689571619034
1317,0.42148274183273315,0.13868744671344757
1318,0.2006872296333313,0.09488971531391144
1319,0.4257882237434387,0.03949388116598129
1320,0.35070961713790894,0.047568824142217636
1321,0.17787015438079834,0.059140048921108246
1322,0.24026282131671906,0.06903643906116486
1323,0.1740904450416565,0.05132409185171127
1324,0.18072140216827393,0.13766318559646606
1325,0.3665573298931122,0.0948316752910614
1326,0.1459638774394989,0.07711434364318848
1327,0.281375527381897,0.1272992640733719
1328,0.8562679886817932,0.2894325852394104
1329,0.20269213616847992,0.053310394287109375
1330,0.2378315031528473,0.45029711723327637
1331,0.10348036885261536,0.10509374737739563
1332,0.4419350028038025,0.03794239088892937
1333,0.8120360374450684,0.049588918685913086
1334,0.1887630820274353,0.13093069195747375
1335,0.25650113821029663,0.29289019107818604
1336,0.1777186095714569,0.06689152121543884
1337,0.34149879217147827,0.2052847445011139
1338,0.23739275336265564,0.3725755512714386
1339,0.23155748844146729,0.15232352912425995
1340,0.26740607619285583,0.10750232636928558
1341,0.6676450967788696,0.07457894086837769
1342,0.34852486848831177,0.053379129618406296
1343,0.0906127393245697,0.033259086310863495
1344,0.2961486577987671,0.030919890850782394
1345,0.2562088966369629,0.06511534750461578
1346,0.17738468945026398,0.04937618225812912
1347,0.5123965740203857,0.055217940360307693
1348,0.412925660610199,0.08013572543859482
1349,0.2742394804954529,0.040023159235715866
1350,0.5185726881027222,0.12251369655132294
1351,0.25127333402633667,0.1518130600452423
1352,0.5378370881080627,0.15555772185325623
1353,0.3641512989997864,0.15790021419525146
1354,0.19574114680290222,0.02541220560669899
1355,0.16249214112758636,0.04430892691016197
1356,0.4558267295360565,0.13973011076450348
1357,0.32039985060691833,0.12969806790351868
1358,0.26303786039352417,0.1324329823255539
1359,0.20986349880695343,0.15356650948524475
1360,0.2026997208595276,0.18526309728622437
1361,0.13497786223888397,0.08483759313821793
1362,0.29015690088272095,0.08653803169727325
1363,0.2796599864959717,0.026646031066775322
1364,0.17073452472686768,0.03604672849178314
1365,0.40225422382354736,0.04008237645030022
1366,0.38085484504699707,0.2699035406112671
1367,0.20417851209640503,0.02763003669679165
1368,0.31162577867507935,0.04777248948812485
1369,0.17135287821292877,0.06240128353238106
1370,0.17674028873443604,0.048879124224185944
1371,0.7863486409187317,0.13993072509765625
1372,0.3952628970146179,0.15082970261573792
1373,0.23633626103401184,0.11704814434051514
1374,0.8581690788269043,0.11851874738931656
1375,0.06409116834402084,0.10168769955635071
1376,0.11258156597614288,0.10970893502235413
1377,0.16177153587341309,0.11310362815856934
1378,0.11242274940013885,0.17803215980529785
1379,0.3761575520038605,0.08538281917572021
1380,0.3180857300758362,0.18349207937717438
1381,0.2151469588279724,0.2016468495130539
1382,0.43920600414276123,0.04926418885588646
1383,0.4267449975013733,0.2580229341983795
1384,0.1674751341342926,0.11169752478599548
1385,0.2592319846153259,0.08537301421165466
1386,0.49196749925613403,0.06559847295284271
1387,0.25713852047920227,0.0994856059551239
1388,0.19075463712215424,0.14718177914619446
1389,0.18060937523841858,0.1700148582458496
1390,0.06361526250839233,0.07904118299484253
1391,0.04090812802314758,0.020527327433228493
1392,0.4398699700832367,0.026689115911722183
1393,0.29739221930503845,0.044267117977142334
1394,0.16947399079799652,0.04287685453891754
1395,0.05969405919313431,0.035342738032341
1396,0.4983486235141754,0.059367187321186066
1397,0.5000147223472595,0.08484737575054169
1398,0.5523828268051147,0.07103268802165985
1399,0.09267327189445496,0.026590878143906593
1400,0.18710732460021973,0.06927994638681412
1401,0.09788545966148376,0.08495673537254333
1402,0.13980576395988464,0.29417702555656433
1403,0.2096623033285141,0.18003085255622864
1404,0.18954376876354218,0.18989844620227814
1405,0.3105255961418152,0.09161803126335144
1406,0.34521350264549255,0.20655278861522675
1407,0.2144869863986969,0.05199001729488373
1408,0.1460169553756714,0.044181857258081436
1409,0.44805899262428284,0.05488673597574234
1410,0.09535275399684906,0.017461925745010376
1411,0.07220818102359772,0.15365171432495117
1412,0.11621221154928207,0.10424914211034775
1413,0.21722495555877686,0.12418078631162643
1414,0.18710197508335114,0.08572112768888474
1415,0.12500518560409546,0.17150279879570007
1416,0.1542879343032837,0.09537366032600403
1417,0.355290949344635,0.3885349631309509
1418,0.49102187156677246,0.09671223908662796
1419,0.34332895278930664,0.11281482130289078
1420,0.039980724453926086,0.02941412292420864
1421,0.252585768699646,0.1468978375196457
1422,0.12622910737991333,0.08020094037055969
1423,0.10568700730800629,0.025122173130512238
1424,0.18458926677703857,0.10689179599285126
1425,0.15098559856414795,0.04559002071619034
1426,0.24918954074382782,0.05857616662979126
1427,0.5027234554290771,0.08274653553962708
1428,0.190782830119133,0.17953181266784668
1429,0.1800757497549057,0.015406212769448757
1430,0.6831357479095459,0.11623142659664154
1431,0.6495930552482605,0.06461402773857117
1432,0.32254090905189514,0.13770940899848938
1433,0.5446064472198486,0.10752968490123749
1434,0.39266735315322876,0.13919948041439056
1435,0.23618857562541962,0.07103532552719116
1436,0.43784910440444946,0.1285996437072754
1437,0.1348453015089035,0.03150878846645355
1438,0.07003399729728699,0.03944961726665497
1439,0.7081831693649292,0.11614386737346649
1440,0.3276219666004181,0.11021813005208969
1441,0.9552415609359741,0.4363648295402527
1442,0.21991941332817078,0.05966465175151825
1443,0.18373796343803406,0.12624847888946533
1444,0.20036865770816803,0.15391744673252106
1445,0.16978436708450317,0.17018267512321472
1446,0.09613840281963348,0.07367351651191711
1447,0.15956033766269684,0.022822026163339615
1448,0.3314743638038635,0.040200211107730865
1449,0.19916726648807526,0.058402251452207565
1450,0.40194135904312134,0.17144083976745605
1451,0.3823357820510864,0.10133752226829529
1452,0.16184668242931366,0.24230235815048218
1453,0.3714103102684021,0.13927829265594482
1454,0.16334852576255798,0.07729548960924149
1455,0.3742222785949707,0.07968373596668243
1456,0.09325052052736282,0.021733546629548073
1457,0.5477336049079895,0.10698202252388
1458,0.33732956647872925,0.4188670516014099
1459,0.3449476361274719,0.4271336793899536
1460,1.0481947660446167,0.06555987149477005
1461,0.2532559633255005,0.12185937911272049
1462,0.5579978227615356,0.14056307077407837
1463,0.34430330991744995,0.06400862336158752
1464,0.159707173705101,0.0482742041349411
1465,0.17005977034568787,0.11410510540008545
1466,0.12515906989574432,0.0662894994020462
1467,0.07644951343536377,0.1490757167339325
1468,0.18838399648666382,0.15386512875556946
1469,0.15476445853710175,0.06171285733580589
1470,0.4297158718109131,0.2893596887588501
1471,0.12460523098707199,0.20924735069274902
1472,0.1830674111843109,0.19164030253887177
1473,0.09822289645671844,0.19328144192695618
1474,0.16102811694145203,0.04178773984313011
1475,0.253248006105423,0.17242431640625
1476,0.5350938439369202,0.12595051527023315
1477,0.18629157543182373,0.07374554127454758
1478,0.4115627706050873,0.051694486290216446
1479,0.16488508880138397,0.11231806129217148
1480,0.17296840250492096,0.06316888332366943
1481,0.391236811876297,0.06123167276382446
1482,0.703813910484314,0.14210566878318787
1483,0.328374445438385,0.18366266787052155
1484,0.17116528749465942,0.04745379090309143
1485,0.1658308506011963,0.0569273941218853
1486,0.4081670045852661,0.13015398383140564
1487,0.09432458877563477,0.11950598657131195
1488,0.37398600578308105,0.013193124905228615
1489,0.6677286624908447,0.08218583464622498
1490,0.39183497428894043,0.07500531524419785
1491,0.0482591837644577,0.08715444803237915
1492,0.20855413377285004,0.21286967396736145
1493,0.8032677173614502,0.1295102834701538
1494,0.23517057299613953,0.08343483507633209
1495,0.20099474489688873,0.1360156536102295
1496,0.30370303988456726,0.03673238307237625
1497,0.19893720746040344,0.07256116718053818
1498,0.47967851161956787,0.18741047382354736
1499,1.0126339197158813,0.1207161396741867
1500,0.42655882239341736,0.19731444120407104
1501,0.5725107192993164,0.12651266157627106
1502,0.39024603366851807,0.053239718079566956
1503,0.25635063648223877,0.17315517365932465
1504,0.2671223282814026,0.14179213345050812
1505,0.9444783926010132,0.08146864175796509
1506,0.4764024615287781,0.3637617826461792
1507,0.3504527807235718,0.1404438316822052
1508,0.08628493547439575,0.0583331398665905
1509,0.2657380700111389,0.055436041206121445
1510,0.14208917319774628,0.009798740036785603
1511,0.21121841669082642,0.0663958415389061
1512,0.14310503005981445,0.07316502928733826
1513,0.2767750024795532,0.13825932145118713
1514,0.4947687089443207,0.03481365367770195
1515,0.36630046367645264,0.028978541493415833
1516,0.2975563406944275,0.11599086225032806
1517,0.5848975777626038,0.1007346659898758
1518,0.3257260322570801,0.08594334870576859
1519,0.2248368263244629,0.08072468638420105
1520,0.5055786967277527,0.03042875975370407
1521,0.09865055233240128,0.06215718016028404
1522,0.06625393033027649,0.06137372553348541
1523,0.07924874126911163,0.06471389532089233
1524,0.3488868474960327,0.07015753537416458
1525,0.6693174242973328,0.20467644929885864
1526,0.08669722080230713,0.11562041193246841
1527,0.3097623884677887,0.11538615822792053
1528,0.456281840801239,0.08956851810216904
1529,0.4131033420562744,0.128851979970932
1530,0.3001808524131775,0.0861535295844078
1531,0.17976903915405273,0.09396561235189438
1532,0.8187199831008911,0.05948790907859802
1533,0.5777876973152161,0.21106325089931488
1534,0.18898634612560272,0.17524373531341553
1535,0.1969318836927414,0.04976166784763336
1536,0.20127475261688232,0.39212948083877563
1537,0.40629008412361145,0.12784887850284576
1538,0.5782485008239746,0.14502796530723572
1539,0.0913400799036026,0.09244666248559952
1540,0.2757476568222046,0.12763838469982147
1541,1.3974888324737549,0.13408701121807098
1542,0.3531734347343445,0.11089616268873215
1543,0.6330549120903015,0.16488611698150635
1544,0.4952343702316284,0.09120635688304901
1545,0.2781268358230591,0.1714676320552826
1546,0.372596800327301,0.1846824735403061
1547,0.5747705698013306,0.07440276443958282
1548,0.23592835664749146,0.03594387322664261
1549,0.5481705665588379,0.2628622353076935
1550,0.41077154874801636,0.40067458152770996
1551,0.34355229139328003,0.1206313967704773
1552,0.08178199827671051,0.06459087878465652
1553,0.13187286257743835,0.016088953241705894
1554,0.1538110226392746,0.033622078597545624
1555,0.20301294326782227,0.025659866631031036
1556,0.06678681820631027,0.04871394857764244
1557,0.04681836813688278,0.02495955303311348
1558,0.2167767584323883,0.10469324141740799
1559,0.23789896070957184,0.07835295051336288
1560,0.2057047039270401,0.08700233697891235
1561,0.39049282670021057,0.14315375685691833
1562,0.2858380079269409,0.17220653593540192
1563,0.953258216381073,0.09954994916915894
1564,0.7461467981338501,0.08653382956981659
1565,0.34048399329185486,0.17711108922958374
1566,0.6172354221343994,0.039682842791080475
1567,0.6605708599090576,0.1406327784061432
1568,0.4858379364013672,0.12047062069177628
1569,0.43044716119766235,0.058524925261735916
1570,0.3893633484840393,0.0933571383357048
1571,0.31024256348609924,0.10811741650104523
1572,0.37509509921073914,0.05682525783777237
1573,0.23792776465415955,0.056869108229875565
1574,0.2734163701534271,0.046223532408475876
1575,0.193363219499588,0.026593007147312164
1576,0.5491089224815369,0.0450216569006443
1577,0.13701362907886505,0.07881626486778259
1578,0.2184114158153534,0.0863940492272377
1579,0.1014636978507042,0.058377861976623535
1580,0.08385393023490906,0.020698603242635727
1581,0.3321506977081299,0.051652368158102036
1582,0.6267300844192505,0.18792369961738586
1583,0.9635371565818787,0.30029693245887756
1584,0.6212844252586365,0.07437846809625626
1585,0.08790500462055206,0.05470065027475357
1586,0.2706647515296936,0.08121354877948761
1587,0.33744633197784424,0.09580893069505692
1588,0.3146570920944214,0.21416684985160828
1589,0.3094160556793213,0.05072258412837982
1590,0.28332212567329407,0.05236588418483734
1591,0.3592091500759125,0.0667109563946724
1592,0.4687492251396179,0.058956366032361984
1593,0.8342211246490479,0.10962311178445816
1594,0.09711220860481262,0.07434036582708359
1595,0.2782948315143585,0.07805104553699493
1596,0.4569861590862274,0.17483733594417572
1597,0.4046136736869812,0.048066962510347366
1598,0.31934189796447754,0.3908346891403198
1599,0.635064959526062,0.08391810953617096
1600,0.10821513086557388,0.06397674977779388
1601,0.26857054233551025,0.06980950385332108
1602,0.1344258189201355,0.20901550352573395
1603,0.11939307302236557,0.028732378035783768
1604,0.13160549104213715,0.16021844744682312
1605,0.1373213231563568,0.0846998319029808
1606,0.20955900847911835,0.08813276886940002
1607,0.15693023800849915,0.09007199853658676
1608,0.14820995926856995,0.1691201776266098
1609,0.17583489418029785,0.08070449531078339
1610,0.2947368621826172,0.0309789776802063
1611,0.1802617907524109,0.09315051138401031
1612,0.33223411440849304,0.1956545114517212
1613,0.13654948770999908,0.02814856544137001
1614,0.07882987707853317,0.12188182771205902
1615,0.15878531336784363,0.11517730355262756
1616,0.4724371135234833,0.04317767918109894
1617,0.28861531615257263,0.09776157140731812
1618,0.6145968437194824,0.040105827152729034
1619,0.5051217079162598,0.029891787096858025
1620,0.1425904631614685,0.0924055427312851
1621,0.06654684990644455,0.03823988884687424
1622,0.40572991967201233,0.07356257736682892
1623,0.43606889247894287,0.09721293300390244
1624,0.4176839590072632,0.10203416645526886
1625,0.25004053115844727,0.08964750170707703
1626,0.6796584725379944,0.2543673515319824
1627,0.4274653494358063,0.26972076296806335
1628,0.5131723880767822,0.10264410823583603
1629,0.18955713510513306,0.047294143587350845
1630,0.6801557540893555,0.03717299923300743
1631,0.5060410499572754,0.03243108466267586
1632,0.5220286250114441,0.05250266194343567
1633,0.12159188091754913,0.028446802869439125
1634,0.17791317403316498,0.09858231246471405
1635,0.37438544631004333,0.07926296442747116
1636,0.14459258317947388,0.1768454909324646
1637,0.10025893151760101,0.2139381468296051
1638,0.40118688344955444,0.25150343775749207
1639,0.2598347067832947,0.054724808782339096
1640,0.19551905989646912,0.3021518588066101
1641,0.2315627634525299,0.19563353061676025
1642,0.12619918584823608,0.0750938132405281
1643,0.6014007329940796,0.15171483159065247
1644,0.17513638734817505,0.08509927988052368
1645,0.4817153215408325,0.04537130892276764
1646,0.10858269035816193,0.124397873878479
1647,0.17637839913368225,0.07214754819869995
1648,0.5775045156478882,0.14574399590492249
1649,0.28159767389297485,0.16238823533058167
1650,0.11784163862466812,0.11817031353712082
1651,0.281755268573761,0.06050211563706398
1652,0.36704525351524353,0.10991375148296356
1653,0.244904026389122,0.421114981174469
1654,1.0341081619262695,0.04758839309215546
1655,0.12596449255943298,0.13703161478042603
1656,1.0107536315917969,0.11601381748914719
1657,0.24124383926391602,0.11011190712451935
1658,0.9465523958206177,0.15740054845809937
1659,0.19583508372306824,0.04529353976249695
1660,0.14768877625465393,0.14516524970531464
1661,0.07531572133302689,0.054361741989851
1662,0.49550488591194153,0.05133410915732384
1663,0.7587041258811951,0.19142955541610718
1664,0.740068793296814,0.20888853073120117
1665,0.2563132047653198,0.057790420949459076
1666,0.39051496982574463,0.054668817669153214
1667,0.4398030936717987,0.08301112800836563
1668,0.2075009047985077,0.18187816441059113
1669,0.40384721755981445,0.019429203122854233
1670,0.24344295263290405,0.02369314804673195
1671,0.11706741899251938,0.04891250655055046
1672,0.3785082995891571,0.35149601101875305
1673,0.631226658821106,0.13197441399097443
1674,0.49124202132225037,0.08385439962148666
1675,0.23746858537197113,0.1488792896270752
1676,0.6443395018577576,0.07212574034929276
1677,0.45673829317092896,0.2861316502094269
1678,0.8105514645576477,0.1979323923587799
1679,0.696141242980957,0.10628540068864822
1680,0.402730256319046,0.13953199982643127
1681,0.4964289963245392,0.10271608829498291
1682,0.709396481513977,0.13765253126621246
1683,0.07955487072467804,0.07545894384384155
1684,0.19157283008098602,0.07191964983940125
1685,0.45510709285736084,0.03555097430944443
1686,0.12625721096992493,0.0801081508398056
1687,0.31380027532577515,0.1992189735174179
1688,0.3048223853111267,0.3216962218284607
1689,0.30985671281814575,0.05881984904408455
1690,0.20164522528648376,0.02097449079155922
1691,0.09127704799175262,0.2763286828994751
1692,0.20223812758922577,0.06201668828725815
1693,0.2703959345817566,0.06183696910738945
1694,0.2077425718307495,0.09989246726036072
1695,0.7023216485977173,0.18240350484848022
1696,0.32552891969680786,0.08024919033050537
1697,0.4296070337295532,0.13544565439224243
1698,0.479007750749588,0.10406727343797684
1699,0.3111284077167511,0.13322068750858307
1700,0.5242367386817932,0.10674813389778137
1701,0.48963093757629395,0.08707535266876221
1702,0.38265883922576904,0.07576804608106613
1703,0.2735506594181061,0.09925685077905655
1704,0.2678329646587372,0.03716458007693291
1705,0.46818965673446655,0.07040039449930191
1706,0.12312659621238708,0.13730205595493317
1707,0.14986656606197357,0.10053669661283493
1708,0.3950115442276001,0.06566620618104935
1709,0.20488044619560242,0.12966664135456085
1710,0.15483792126178741,0.2136611044406891
1711,0.04134863615036011,0.03168383240699768
1712,0.3533926010131836,0.12264298647642136
1713,0.33099138736724854,0.08956338465213776
1714,0.27328014373779297,0.07845816016197205
1715,0.05474244803190231,0.05254608020186424
1716,0.30912813544273376,0.039665840566158295
1717,0.12493487447500229,0.10577183961868286
1718,0.14863009750843048,0.12115160375833511
1719,0.2853257358074188,0.2300223410129547
1720,0.26099419593811035,0.089503213763237
1721,0.2686074376106262,0.21682938933372498
1722,0.29069557785987854,0.09315896034240723
1723,0.8632282018661499,0.054648905992507935
1724,0.3060838580131531,0.09886446595191956
1725,0.4164879024028778,0.026586560532450676
1726,0.24267876148223877,0.06642139703035355
1727,0.8013352155685425,0.1565326452255249
1728,0.36402785778045654,0.09733510762453079
1729,0.2993253469467163,0.10617158561944962
1730,0.3484554588794708,0.07155024260282516
1731,0.38239535689353943,0.03616371005773544
1732,0.27812817692756653,0.05917637422680855
1733,0.30444851517677307,0.0174995269626379
1734,0.1415431648492813,0.10151708871126175
1735,0.16305212676525116,0.07974685728549957
1736,0.10373230278491974,0.026703115552663803
1737,0.5258516073226929,0.16612598299980164
1738,0.3055696487426758,0.05690646171569824
1739,0.4319027364253998,0.02392861619591713
1740,0.08655377477407455,0.22075629234313965
1741,0.3146926164627075,0.052968479692935944
1742,0.11348799616098404,0.14670468866825104
1743,0.38232219219207764,0.1021527498960495
1744,0.301470011472702,0.08966812491416931
1745,0.4378671646118164,0.08465738594532013
1746,0.7433916330337524,0.0718512088060379
1747,0.5097354054450989,0.11277194321155548
1748,0.33355748653411865,0.16936570405960083
1749,0.13260850310325623,0.045979782938957214
1750,0.19829785823822021,0.08690857887268066
1751,0.4877934455871582,0.30142465233802795
1752,0.05092892795801163,0.03196818754076958
1753,0.09606869518756866,0.0909542366862297
1754,0.3057504892349243,0.020929154008626938
1755,0.9434032440185547,0.0967540368437767
1756,0.5547399520874023,0.29779118299484253
1757,0.4108031392097473,0.047506511211395264
1758,0.2829916477203369,0.1516551971435547
1759,0.35112327337265015,0.03046770580112934
1760,0.32304325699806213,0.0642414465546608
1761,0.23369424045085907,0.1002715453505516
1762,0.2246919423341751,0.04082176089286804
1763,0.5327191948890686,0.05978044122457504
1764,0.5920054912567139,0.07441198825836182
1765,0.13623939454555511,0.07890719175338745
1766,0.16634826362133026,0.13910521566867828
1767,0.4826265573501587,0.1517583429813385
1768,0.08240780979394913,0.029647840186953545
1769,0.245744526386261,0.039287637919187546
1770,0.22027084231376648,0.05799334868788719
1771,0.11501719802618027,0.11917592585086823
1772,0.33707740902900696,0.16554978489875793
1773,0.34161028265953064,0.34601885080337524
1774,0.3943440914154053,0.2262149602174759
1775,0.3096400797367096,0.20253069698810577
1776,0.15426158905029297,0.12290677428245544
1777,0.2553854286670685,0.06121884286403656
1778,0.443020224571228,0.1779574304819107
1779,0.26434552669525146,0.06032393127679825
1780,0.45675212144851685,0.08661089837551117
1781,0.11418941617012024,0.1493055671453476
1782,0.19050021469593048,0.06202457845211029
1783,0.4893927276134491,0.13697001338005066
1784,0.13893452286720276,0.10972476005554199
1785,0.3093453347682953,0.13121426105499268
1786,0.5447438955307007,0.05130979046225548
1787,0.5252165198326111,0.06984346359968185
1788,0.3627147078514099,0.029381869360804558
1789,0.4171125292778015,0.13876399397850037
1790,0.6436523795127869,0.059474263340234756
1791,0.2409517467021942,0.17054398357868195
1792,0.5644745230674744,0.04537590965628624
1793,0.38606175780296326,0.2502005100250244
1794,0.20914840698242188,0.054202850908041
1795,0.3694285750389099,0.09037511050701141
1796,0.41091737151145935,0.11768956482410431
1797,0.46081578731536865,0.02575600892305374
1798,0.131761372089386,0.07323922216892242
1799,0.17055660486221313,0.17485645413398743
1800,0.727079451084137,0.18869860470294952
1801,0.4651387929916382,0.09095048159360886
1802,0.1601930856704712,0.0811699777841568
1803,0.2030905932188034,0.23753571510314941
1804,0.22527474164962769,0.0861409455537796
1805,0.17904821038246155,0.0843864157795906
1806,0.3681044280529022,0.14182229340076447
1807,0.5556756854057312,0.05206197127699852
1808,0.3002164959907532,0.043123509734869
1809,0.7695928812026978,0.09543602168560028
1810,0.2568682134151459,0.10754156857728958
1811,0.3199549913406372,0.08617034554481506
1812,0.354642778635025,0.16326946020126343
1813,0.49709367752075195,0.10934867709875107
1814,0.09301124513149261,0.09996902942657471
1815,0.412192702293396,0.16637083888053894
1816,0.20879223942756653,0.07194730639457703
1817,0.07276735454797745,0.16801202297210693
1818,0.14219869673252106,0.03898977115750313
1819,0.28606340289115906,0.028609666973352432
1820,0.38241368532180786,0.14244233071804047
1821,0.5637124180793762,0.1386796534061432
1822,0.2913252115249634,0.06783603131771088
1823,0.443296879529953,0.1402440071105957
1824,0.2370850145816803,0.06318119913339615
1825,0.7822717428207397,0.15021422505378723
1826,0.4367726743221283,0.10751298069953918
1827,0.17062345147132874,0.13250023126602173
1828,0.4931367039680481,0.0959111750125885
1829,0.34580883383750916,0.08052738755941391
1830,0.25504380464553833,0.13177567720413208
1831,0.4589691162109375,0.2081112116575241
1832,0.4048596918582916,0.20838022232055664
1833,0.050622690469026566,0.13438603281974792
1834,0.25200918316841125,0.0654522255063057
1835,0.4269924461841583,0.09312045574188232
1836,0.15692023932933807,0.15448522567749023
1837,0.2341332882642746,0.058493636548519135
1838,0.47363853454589844,0.09854954481124878
1839,0.20496927201747894,0.06522038578987122
1840,0.15397927165031433,0.09561247378587723
1841,0.40449202060699463,0.12755709886550903
1842,0.3730243146419525,0.019361868500709534
1843,0.23685461282730103,0.13449044525623322
1844,0.24605818092823029,0.08032455295324326
1845,0.4996415972709656,0.08239704370498657
1846,0.2920473515987396,0.08418942987918854
1847,0.23699212074279785,0.15857690572738647
1848,0.512465238571167,0.05645644664764404
1849,0.27920541167259216,0.08513811230659485
1850,0.3607275187969208,0.15297864377498627
1851,0.32065528631210327,0.034819189459085464
1852,0.23790597915649414,0.10690085589885712
1853,0.34177783131599426,0.05573900789022446
1854,0.8283129334449768,0.0475311316549778
1855,0.9594548940658569,0.11610250174999237
1856,0.18923163414001465,0.08947031944990158
1857,0.24203339219093323,0.0894460380077362
1858,0.11907221376895905,0.19608411192893982
1859,0.23129716515541077,0.050567422062158585
1860,0.30173346400260925,0.11320739984512329
1861,0.5324411392211914,0.0845196321606636
1862,0.40452343225479126,0.0796424001455307
1863,0.32443854212760925,0.028174258768558502
1864,0.13542500138282776,0.04201815649867058
1865,0.20132037997245789,0.1270500272512436
1866,0.6566720008850098,0.13273628056049347
1867,0.2913680672645569,0.058147773146629333
1868,0.42177730798721313,0.042412202805280685
1869,0.13208389282226562,0.13030780851840973
1870,0.14174294471740723,0.06021393835544586
1871,0.10700806975364685,0.18354971706867218
1872,0.09925899654626846,0.17782142758369446
1873,0.0851784348487854,0.15406161546707153
1874,0.1903483271598816,0.2211870402097702
1875,0.15333938598632812,0.06643511354923248
1876,0.13099057972431183,0.05954106152057648
1877,0.4838660657405853,0.13943536579608917
1878,0.19780245423316956,0.07844388484954834
1879,0.23798897862434387,0.048778243362903595
1880,0.2710430920124054,0.020051907747983932
1881,0.6095498204231262,0.07317129522562027
1882,0.4942266047000885,0.08781443536281586
1883,0.268926739692688,0.06027139350771904
1884,0.4451656639575958,0.0577782541513443
1885,0.25094518065452576,0.0862991213798523
1886,0.23119203746318817,0.09216347336769104
1887,0.3649563491344452,0.07506319880485535
1888,0.25161898136138916,0.045025959610939026
1889,0.17484062910079956,0.15296244621276855
1890,0.10691496729850769,0.051478493958711624
1891,0.17748397588729858,0.16570131480693817
1892,0.14820674061775208,0.03948023170232773
1893,0.5147885084152222,0.02045769803225994
1894,0.1278829425573349,0.08341556787490845
1895,0.16179034113883972,0.08012665808200836
1896,0.7449780106544495,0.14032383263111115
1897,0.2891702651977539,0.18777459859848022
1898,0.4349704086780548,0.07673691213130951
1899,0.4906530976295471,0.1305231899023056
1900,0.1622660756111145,0.02185659483075142
1901,0.2899243235588074,0.08146341890096664
1902,0.3190881907939911,0.0834859311580658
1903,0.5390492081642151,0.05508746951818466
1904,0.8741244673728943,0.09492307156324387
1905,0.30605828762054443,0.04950738325715065
1906,0.24779069423675537,0.04710628092288971
1907,0.10102267563343048,0.08516697585582733
1908,0.2621334493160248,0.10705333948135376
1909,0.3010444939136505,0.19650915265083313
1910,0.2631731629371643,0.08651639521121979
1911,0.15694263577461243,0.06181929260492325
1912,0.24818304181098938,0.09845655411481857
1913,0.1897348016500473,0.12239059805870056
1914,0.2742927074432373,0.06237025186419487
1915,0.3034804165363312,0.07715021073818207
1916,0.1240808367729187,0.2557508647441864
1917,0.44650986790657043,0.15542170405387878
1918,0.3542146384716034,0.10120471566915512
1919,0.299752414226532,0.07688211649656296
1920,0.33929410576820374,0.027752825990319252
1921,0.3593195676803589,0.03507674112915993
1922,0.11197176575660706,0.0366663858294487
1923,0.2585667669773102,0.13569091260433197
1924,0.47897180914878845,0.03936442732810974
1925,0.10665974020957947,0.17486652731895447
1926,0.06654524058103561,0.1653154045343399
1927,0.20927704870700836,0.1298515647649765
1928,0.19098559021949768,0.18732431530952454
1929,0.11441905796527863,0.07260021567344666
1930,0.3266243040561676,0.08255765587091446
1931,0.5095758438110352,0.0892564207315445
1932,0.2933649718761444,0.07111641019582748
1933,0.07219317555427551,0.021576955914497375
1934,0.23553946614265442,0.10672710090875626
1935,0.20583340525627136,0.05197606608271599
1936,0.11918407678604126,0.07204286009073257
1937,0.1755083203315735,0.02362995594739914
1938,0.4789479374885559,0.12602609395980835
1939,0.2647334933280945,0.06953650712966919
1940,0.9535399675369263,0.045211970806121826
1941,0.7010256052017212,0.20574477314949036
1942,0.15411967039108276,0.18647736310958862
1943,0.21196965873241425,0.26190459728240967
1944,0.13705560564994812,0.15838968753814697
1945,0.9749635457992554,0.10446656495332718
1946,0.5200371146202087,0.13547013700008392
1947,0.16520997881889343,0.117918461561203
1948,0.2672084867954254,0.10321854799985886
1949,0.74711012840271,0.10925497114658356
1950,0.49238401651382446,0.09537643939256668
1951,0.4191063642501831,0.12081079185009003
1952,0.5395549535751343,0.11004893481731415
1953,0.1416909545660019,0.05112405866384506
1954,0.09070740640163422,0.060599155724048615
1955,0.09290441870689392,0.044935137033462524
1956,0.19852711260318756,0.15208157896995544
1957,0.11792761087417603,0.05346110463142395
1958,0.3038419187068939,0.03995124623179436
1959,0.6846277713775635,0.0901566594839096
1960,0.22154489159584045,0.1220640018582344
1961,0.7139723896980286,0.0948302149772644
1962,0.6310131549835205,0.1726718544960022
1963,0.1834038496017456,0.17458392679691315
1964,0.2905659079551697,0.07020740211009979
1965,0.36551302671432495,0.014177409932017326
1966,0.38482797145843506,0.11449477076530457
1967,0.3883020877838135,0.033461663872003555
1968,0.5490230321884155,0.08177918940782547
1969,0.15293729305267334,0.11331652849912643
1970,0.259066641330719,0.050767622888088226
1971,0.16141411662101746,0.06635981053113937
1972,0.3050629496574402,0.0828658863902092
1973,0.20068824291229248,0.03903893753886223
1974,0.05218978226184845,0.23107586801052094
1975,0.07148505002260208,0.033329762518405914
1976,0.2173163741827011,0.052638232707977295
1977,0.1581457257270813,0.09625961631536484
1978,0.12021487951278687,0.1589674949645996
1979,0.16901496052742004,0.07938220351934433
1980,0.22204454243183136,0.10705854743719101
1981,0.3722327947616577,0.18481852114200592
1982,0.11985111236572266,0.06867168098688126
1983,0.30815672874450684,0.06031474843621254
1984,0.18743665516376495,0.052338577806949615
1985,0.40114492177963257,0.10928292572498322
1986,0.3268279433250427,0.0776645839214325
1987,0.2740383744239807,0.02487829513847828
1988,0.0685015469789505,0.06101331114768982
1989,0.4938562214374542,0.08636748045682907
1990,0.16565194725990295,0.08726613223552704
1991,0.21970930695533752,0.08742140978574753
1992,0.7917376160621643,0.11061950027942657
1993,0.2311147153377533,0.1574822962284088
1994,0.23794054985046387,0.15196853876113892
1995,0.4012303352355957,0.05938492715358734
1996,0.22336985170841217,0.05438941717147827
1997,0.1530129313468933,0.04556680843234062
1998,0.15745453536510468,0.06041625142097473
1999,0.07752793282270432,0.026476606726646423
2000,0.26355066895484924,0.06667658686637878
2001,0.4061703681945801,0.03284897655248642
2002,0.35517972707748413,0.03534123674035072
2003,0.14491762220859528,0.08807474374771118
2004,0.4138071537017822,0.03015993908047676
2005,0.26205646991729736,0.03899597376585007
2006,0.683681845664978,0.1435963362455368
2007,0.4480000138282776,0.027707844972610474
2008,0.308935284614563,0.07589081674814224
2009,0.16896165907382965,0.08201494812965393
2010,0.19458089768886566,0.09276214987039566
2011,0.05972002446651459,0.10185346752405167
2012,0.10750043392181396,0.05751004442572594
2013,0.31693553924560547,0.13528910279273987
2014,0.20370973646640778,0.10822541266679764
2015,0.28619909286499023,0.1450144499540329
2016,0.1544957160949707,0.1435694843530655
2017,0.1687379777431488,0.05690021067857742
2018,0.13174979388713837,0.07961559295654297
2019,0.18492209911346436,0.05077211186289787
2020,0.0780857503414154,0.09426046907901764
2021,0.3951386511325836,0.08289533853530884
2022,0.1639580875635147,0.030058011412620544
2023,0.5588950514793396,0.15436217188835144
2024,0.05919894948601723,0.043114013969898224
2025,0.25163209438323975,0.15860410034656525
2026,0.39149630069732666,0.11959203332662582
2027,1.406244158744812,0.20475633442401886
2028,0.28200459480285645,0.10080929845571518
2029,0.13214200735092163,0.02665897272527218
2030,0.3933297097682953,0.009524837136268616
2031,0.09090068936347961,0.03145672753453255
2032,0.07940621674060822,0.11404305696487427
2033,0.0492718368768692,0.059154048562049866
2034,0.3444550335407257,0.04526964947581291
2035,0.43965068459510803,0.09103105962276459
2036,0.19838322699069977,0.12764236330986023
2037,0.17889904975891113,0.12934985756874084
2038,0.18772388994693756,0.15470212697982788
2039,0.22658102214336395,0.12461261451244354
2040,0.2808769941329956,0.02832142822444439
2041,0.1421721875667572,0.09479808062314987
2042,0.09485160559415817,0.06062546372413635
2043,0.28051045536994934,0.06129629909992218
2044,0.3294627368450165,0.10196375846862793
2045,0.25131726264953613,0.16710253059864044
2046,0.1354227513074875,0.13916145265102386
2047,0.5379147529602051,0.14112643897533417
2048,0.29003533720970154,0.03766921907663345
2049,0.32077836990356445,0.06813471019268036
2050,0.14621348679065704,0.07873382419347763
2051,0.1910456418991089,0.04454490914940834
2052,0.22166532278060913,0.09573062509298325
2053,0.11391300708055496,0.016976110637187958
2054,0.20764538645744324,0.02619415707886219
2055,0.3595527410507202,0.030319541692733765
2056,0.059559985995292664,0.11166435480117798
2057,0.21597625315189362,0.09903580695390701
2058,0.07023368030786514,0.1499743014574051
2059,0.06309215724468231,0.12757737934589386
2060,0.1613561362028122,0.0890386700630188
2061,0.454067200422287,0.10484062135219574
2062,0.05315545201301575,0.09733564406633377
2063,0.16399481892585754,0.03715468943119049
2064,0.1736752986907959,0.04850197210907936
2065,0.23847272992134094,0.055748917162418365
2066,0.3807266354560852,0.1332951784133911
2067,0.5777050852775574,0.12419331073760986
2068,0.634228527545929,0.0807245597243309
2069,0.4289397597312927,0.04686163365840912
2070,0.528632402420044,0.06482788920402527
2071,0.8964502215385437,0.03678290545940399
2072,0.318385511636734,0.0566323921084404
2073,0.5853642225265503,0.04901367425918579
2074,0.033617034554481506,0.019438907504081726
2075,0.15932109951972961,0.04248972237110138
2076,0.15040111541748047,0.06688063591718674
2077,0.10052189230918884,0.12944388389587402
2078,0.26600533723831177,0.14891046285629272
2079,0.3298183083534241,0.17648528516292572
2080,0.17989277839660645,0.06824060529470444
2081,0.37615105509757996,0.09508990496397018
2082,0.3033616542816162,0.057071249932050705
2083,0.23564378917217255,0.12037324905395508
2084,0.19314350187778473,0.05843488499522209
2085,0.254064679145813,0.07223555445671082
2086,1.0338302850723267,0.149155393242836
2087,0.1497434675693512,0.01728641614317894
2088,0.14323842525482178,0.04969497397542
2089,0.22018906474113464,0.07935690134763718
2090,0.29301124811172485,0.04012253135442734
2091,0.48496922850608826,0.03570486232638359
2092,0.07399056851863861,0.028352800756692886
2093,0.18841652572155,0.04039130359888077
2094,0.1356637328863144,0.04085920378565788
2095,0.036675285547971725,0.10756921768188477
2096,0.1359228491783142,0.0816161260008812
2097,0.08141708374023438,0.2488161027431488
2098,0.0857948362827301,0.20317068696022034
2099,0.17429588735103607,0.09508980810642242
2100,0.4063738286495209,0.06825623661279678
2101,0.2971166670322418,0.12795992195606232
2102,0.29674190282821655,0.11214113235473633
2103,0.37886548042297363,0.16968345642089844
2104,0.32246071100234985,0.018658088520169258
2105,0.1428380161523819,0.055518753826618195
2106,0.09387612342834473,0.025094330310821533
2107,0.13438338041305542,0.03959829732775688
2108,0.21690991520881653,0.07395302504301071
2109,0.43554791808128357,0.06469278037548065
2110,0.36850783228874207,0.045284006744623184
2111,0.2547035813331604,0.1329169124364853
2112,0.08049943298101425,0.048531148582696915
2113,0.2857552766799927,0.10838142782449722
2114,0.18010374903678894,0.10157324373722076
2115,0.24885313212871552,0.07032571732997894
2116,0.2696986198425293,0.04336563125252724
2117,0.1450219601392746,0.15168733894824982
2118,0.14873267710208893,0.06725145131349564
2119,0.16144804656505585,0.0362723246216774
2120,0.5745332837104797,0.2744218707084656
2121,0.5217362642288208,0.16363763809204102
2122,0.9027414321899414,0.11018113046884537
2123,0.6360397338867188,0.2744060456752777
2124,0.23459702730178833,0.10943949222564697
2125,0.3495890200138092,0.06739896535873413
2126,0.5985010862350464,0.05300070345401764
2127,0.3949238359928131,0.03686918318271637
2128,0.47484931349754333,0.04663586989045143
2129,0.061694249510765076,0.09135254472494125
2130,0.13970284163951874,0.03672153502702713
2131,0.22887739539146423,0.06418334692716599
2132,0.22368696331977844,0.05776802822947502
2133,0.0858299508690834,0.06020805984735489
2134,0.1919892281293869,0.04791770130395889
2135,0.1638411581516266,0.0813969075679779
2136,0.4171084761619568,0.10465201735496521
2137,0.17593637108802795,0.0644378513097763
2138,0.5755782127380371,0.039265818893909454
2139,0.6412142515182495,0.028393663465976715
2140,0.16494734585285187,0.05814063176512718
2141,0.6981332302093506,0.04833224043250084
2142,0.8344275951385498,0.08538803458213806
2143,0.40507757663726807,0.08123645186424255
2144,0.41445672512054443,0.04399518668651581
2145,0.879378080368042,0.06642085313796997
2146,0.0518488772213459,0.0194607712328434
2147,0.2666877508163452,0.04268708825111389
2148,0.3266482353210449,0.030301837250590324
2149,0.09817385673522949,0.09682927280664444
2150,0.23864424228668213,0.03234509751200676
2151,0.08531870692968369,0.06722284853458405
2152,0.159015953540802,0.09051459282636642
2153,0.3192994296550751,0.06501296162605286
2154,0.17559471726417542,0.0929127037525177
2155,0.17532630264759064,0.1820286512374878
2156,0.16961166262626648,0.05363265052437782
2157,0.42447370290756226,0.22139668464660645
2158,0.1561851054430008,0.25043633580207825
2159,0.3333771228790283,0.3031969666481018
2160,0.2359202802181244,0.05285172909498215
2161,0.2166161686182022,0.10264740139245987
2162,0.21790435910224915,0.17221523821353912
2163,0.11526910215616226,0.06006305664777756
2164,0.27713847160339355,0.20153050124645233
2165,0.18520039319992065,0.07285714894533157
2166,0.10732321441173553,0.08573678880929947
2167,0.3533060550689697,0.0585213303565979
2168,0.14202944934368134,0.03614204004406929
2169,0.6162371039390564,0.08374354243278503
2170,0.24071817100048065,0.10607729852199554
2171,0.04835793748497963,0.08145929872989655
2172,0.07249855250120163,0.11654956638813019
2173,0.05758379399776459,0.16694298386573792
2174,0.2704719305038452,0.07847501337528229
2175,0.1501237154006958,0.11499100923538208
2176,0.24269399046897888,0.1031327098608017
2177,0.33728164434432983,0.23748792707920074
2178,0.327421635389328,0.06784054636955261
2179,0.34365785121917725,0.11242908984422684
2180,0.20094037055969238,0.10435013473033905
2181,0.0805530771613121,0.1136864423751831
2182,0.3217787444591522,0.23816083371639252
2183,0.40037450194358826,0.07665323466062546
2184,0.27594566345214844,0.04670840501785278
2185,0.12308976799249649,0.032947126775979996
2186,0.23527877032756805,0.032096222043037415
2187,0.13141998648643494,0.02277371473610401
2188,0.12696880102157593,0.09624989330768585
2189,0.21464908123016357,0.0628407821059227
2190,0.11956707388162613,0.05258392542600632
2191,0.1734699308872223,0.03269440680742264
2192,0.8300830125808716,0.09726211428642273
2193,0.28722211718559265,0.2120189666748047
2194,0.3521682620048523,0.20484167337417603
2195,0.2683504521846771,0.10448969900608063
2196,0.0825217217206955,0.08837354928255081
2197,0.046717263758182526,0.03476233407855034
2198,0.15104494988918304,0.08519890904426575
2199,0.2956731915473938,0.058098554611206055
2200,0.5371551513671875,0.09363947808742523
2201,0.1761423498392105,0.10724829137325287
2202,0.15646672248840332,0.07900747656822205
2203,0.0503263957798481,0.07491400837898254
2204,0.062213994562625885,0.04253794997930527
2205,0.22965186834335327,0.10797339677810669
2206,0.24758155643939972,0.02908714860677719
2207,0.14453111588954926,0.0674702599644661
2208,0.6223472356796265,0.006095120217651129
2209,0.2501007616519928,0.06334207206964493
2210,0.6526114344596863,0.06555604934692383
2211,0.11946207284927368,0.1425803005695343
2212,0.39770635962486267,0.0890401303768158
2213,0.15058022737503052,0.15451282262802124
2214,0.23395738005638123,0.04293868690729141
2215,0.18319833278656006,0.1460050642490387
2216,0.15377968549728394,0.06216185539960861
2217,0.6526821851730347,0.23029568791389465
2218,0.5195183157920837,0.08438976109027863
2219,0.16378788650035858,0.17519663274288177
2220,0.11547499150037766,0.12196773290634155
2221,0.11161597818136215,0.04309690371155739
2222,0.2628953754901886,0.11604409664869308
2223,0.45458146929740906,0.1391097456216812
2224,0.18008427321910858,0.055676043033599854
2225,0.1780354529619217,0.05182050168514252
2226,0.15078574419021606,0.05631644278764725
2227,0.26394033432006836,0.04696584865450859
2228,0.17887042462825775,0.04219464212656021
2229,0.22925065457820892,0.08481498062610626
2230,0.1390596479177475,0.06993433833122253
2231,0.831749439239502,0.1583479344844818
2232,0.17265008389949799,0.12617117166519165
2233,0.32406020164489746,0.10068874806165695
2234,0.2152872085571289,0.04365552216768265
2235,0.24374297261238098,0.113651342689991
2236,0.6897252798080444,0.34541165828704834
2237,0.06682490557432175,0.10108321905136108
2238,0.4261842370033264,0.050167374312877655
2239,0.1704392284154892,0.08405309915542603
2240,0.20569714903831482,0.031070534139871597
2241,0.08713095635175705,0.13006818294525146
2242,0.1469108760356903,0.039773691445589066
2243,0.1413353830575943,0.1663251668214798
2244,0.1370801329612732,0.03777502849698067
2245,0.27579978108406067,0.14251573383808136
2246,0.13182102143764496,0.12138374149799347
2247,0.22039633989334106,0.08345841616392136
2248,0.10720179229974747,0.13115812838077545
2249,0.23420298099517822,0.11374201625585556
2250,0.26507991552352905,0.0850490927696228
2251,0.19719131290912628,0.1391545832157135
2252,0.22928237915039062,0.0987187922000885
2253,0.4294475018978119,0.027158282697200775
2254,0.19546429812908173,0.024436263367533684
2255,0.5135617256164551,0.0569225437939167
2256,0.17659707367420197,0.2843754291534424
2257,0.9961690902709961,0.24143321812152863
2258,0.3531287610530853,0.08183206617832184
2259,0.21099194884300232,0.0653379037976265
2260,0.2087157517671585,0.0936330109834671
2261,0.09402616322040558,0.03230675309896469
2262,0.1104113981127739,0.033262595534324646
2263,0.17957757413387299,0.057763829827308655
