orbit_key,zip_file,preview_kml,output_kml
SCS_T006_F289,H:\biomass_data\BIO_S1_SCS__1S_20251121T094739_20251121T094800_T_G01_M01_C01_T006_F289_01_DJUR25.zip,BIO_S1_SCS__1S_20251121T094739_20251121T094800_T_G01_M01_C01_T006_F289_01_DJUR25/preview/bio_s1_scs__1s_20251121t094739_20251121t094800_t_g01_m01_c01_t006_f289_map.kml,C:\Users\jales\Documents\GitHub\thesis_code\datasets\orbits\SCS_T006_F289.kml
SCS_T006_F290,H:\biomass_data\BIO_S1_SCS__1S_20251121T094758_20251121T094819_T_G01_M01_C01_T006_F290_01_DNQLJ8.zip,BIO_S1_SCS__1S_20251121T094758_20251121T094819_T_G01_M01_C01_T006_F290_01_DNQLJ8/preview/bio_s1_scs__1s_20251121t094758_20251121t094819_t_g01_m01_c01_t006_f290_map.kml,C:\Users\jales\Documents\GitHub\thesis_code\datasets\orbits\SCS_T006_F290.kml
SCS_T006_F291,H:\biomass_data\BIO_S1_SCS__1S_20251121T094817_20251121T094838_T_G01_M01_C01_T006_F291_01_DJUQJI.zip,BIO_S1_SCS__1S_20251121T094817_20251121T094838_T_G01_M01_C01_T006_F291_01_DJUQJI/preview/bio_s1_scs__1s_20251121t094817_20251121t094838_t_g01_m01_c01_t006_f291_map.kml,C:\Users\jales\Documents\GitHub\thesis_code\datasets\orbits\SCS_T006_F291.kml
SCS_T006_F292,H:\biomass_data\BIO_S1_SCS__1S_20251121T094836_20251121T094857_T_G01_M01_C01_T006_F292_01_DJUQIZ.zip,BIO_S1_SCS__1S_20251121T094836_20251121T094857_T_G01_M01_C01_T006_F292_01_DJUQIZ/preview/bio_s1_scs__1s_20251121t094836_20251121t094857_t_g01_m01_c01_t006_f292_map.kml,C:\Users\jales\Documents\GitHub\thesis_code\datasets\orbits\SCS_T006_F292.kml
SCS_T006_F293,H:\biomass_data\BIO_S1_SCS__1S_20251121T094855_20251121T094916_T_G01_M01_C01_T006_F293_01_DJUQJS.zip,BIO_S1_SCS__1S_20251121T094855_20251121T094916_T_G01_M01_C01_T006_F293_01_DJUQJS/preview/bio_s1_scs__1s_20251121t094855_20251121t094916_t_g01_m01_c01_t006_f293_map.kml,C:\Users\jales\Documents\GitHub\thesis_code\datasets\orbits\SCS_T006_F293.kml
SCS_T006_F294,H:\biomass_data\BIO_S1_SCS__1S_20251121T094914_20251121T094935_T_G01_M01_C01_T006_F294_01_DJUQJI.zip,BIO_S1_SCS__1S_20251121T094914_20251121T094935_T_G01_M01_C01_T006_F294_01_DJUQJI/preview/bio_s1_scs__1s_20251121t094914_20251121t094935_t_g01_m01_c01_t006_f294_map.kml,C:\Users\jales\Documents\GitHub\thesis_code\datasets\orbits\SCS_T006_F294.kml
SCS_T006_F295,H:\biomass_data\BIO_S1_SCS__1S_20251121T094933_20251121T094954_T_G01_M01_C01_T006_F295_01_DJUQJB.zip,BIO_S1_SCS__1S_20251121T094933_20251121T094954_T_G01_M01_C01_T006_F295_01_DJUQJB/preview/bio_s1_scs__1s_20251121t094933_20251121t094954_t_g01_m01_c01_t006_f295_map.kml,C:\Users\jales\Documents\GitHub\thesis_code\datasets\orbits\SCS_T006_F295.kml
SCS_T006_F296,H:\biomass_data\BIO_S1_SCS__1S_20251121T094952_20251121T095013_T_G01_M01_C01_T006_F296_01_DJUQPI.zip,BIO_S1_SCS__1S_20251121T094952_20251121T095013_T_G01_M01_C01_T006_F296_01_DJUQPI/preview/bio_s1_scs__1s_20251121t094952_20251121t095013_t_g01_m01_c01_t006_f296_map.kml,C:\Users\jales\Documents\GitHub\thesis_code\datasets\orbits\SCS_T006_F296.kml
SCS_T006_F297,H:\biomass_data\BIO_S1_SCS__1S_20251121T095011_20251121T095032_T_G01_M01_C01_T006_F297_01_DNGCS6.zip,BIO_S1_SCS__1S_20251121T095011_20251121T095032_T_G01_M01_C01_T006_F297_01_DNGCS6/preview/bio_s1_scs__1s_20251121t095011_20251121t095032_t_g01_m01_c01_t006_f297_map.kml,C:\Users\jales\Documents\GitHub\thesis_code\datasets\orbits\SCS_T006_F297.kml
SCS_T006_F298,H:\biomass_data\BIO_S1_SCS__1S_20251121T095030_20251121T095051_T_G01_M01_C01_T006_F298_01_DJUQNJ.zip,BIO_S1_SCS__1S_20251121T095030_20251121T095051_T_G01_M01_C01_T006_F298_01_DJUQNJ/preview/bio_s1_scs__1s_20251121t095030_20251121t095051_t_g01_m01_c01_t006_f298_map.kml,C:\Users\jales\Documents\GitHub\thesis_code\datasets\orbits\SCS_T006_F298.kml
SCS_T006_F299,H:\biomass_data\BIO_S1_SCS__1S_20251121T095049_20251121T095110_T_G01_M01_C01_T006_F299_01_DJUQKZ.zip,BIO_S1_SCS__1S_20251121T095049_20251121T095110_T_G01_M01_C01_T006_F299_01_DJUQKZ/preview/bio_s1_scs__1s_20251121t095049_20251121t095110_t_g01_m01_c01_t006_f299_map.kml,C:\Users\jales\Documents\GitHub\thesis_code\datasets\orbits\SCS_T006_F299.kml
SCS_T006_F300,H:\biomass_data\BIO_S1_SCS__1S_20251121T095108_20251121T095129_T_G01_M01_C01_T006_F300_01_DNQLJC.zip,BIO_S1_SCS__1S_20251121T095108_20251121T095129_T_G01_M01_C01_T006_F300_01_DNQLJC/preview/bio_s1_scs__1s_20251121t095108_20251121t095129_t_g01_m01_c01_t006_f300_map.kml,C:\Users\jales\Documents\GitHub\thesis_code\datasets\orbits\SCS_T006_F300.kml
SCS_T006_F301,H:\biomass_data\BIO_S1_SCS__1S_20251121T095127_20251121T095148_T_G01_M01_C01_T006_F301_01_DNGCYZ.zip,BIO_S1_SCS__1S_20251121T095127_20251121T095148_T_G01_M01_C01_T006_F301_01_DNGCYZ/preview/bio_s1_scs__1s_20251121t095127_20251121t095148_t_g01_m01_c01_t006_f301_map.kml,C:\Users\jales\Documents\GitHub\thesis_code\datasets\orbits\SCS_T006_F301.kml
SCS_T006_F302,H:\biomass_data\BIO_S1_SCS__1S_20251121T095146_20251121T095207_T_G01_M01_C01_T006_F302_01_DJUREA.zip,BIO_S1_SCS__1S_20251121T095146_20251121T095207_T_G01_M01_C01_T006_F302_01_DJUREA/preview/bio_s1_scs__1s_20251121t095146_20251121t095207_t_g01_m01_c01_t006_f302_map.kml,C:\Users\jales\Documents\GitHub\thesis_code\datasets\orbits\SCS_T006_F302.kml
SCS_T006_F303,H:\biomass_data\BIO_S1_SCS__1S_20251121T095206_20251121T095226_T_G01_M01_C01_T006_F303_01_DNGCYN.zip,BIO_S1_SCS__1S_20251121T095206_20251121T095226_T_G01_M01_C01_T006_F303_01_DNGCYN/preview/bio_s1_scs__1s_20251121t095206_20251121t095226_t_g01_m01_c01_t006_f303_map.kml,C:\Users\jales\Documents\GitHub\thesis_code\datasets\orbits\SCS_T006_F303.kml
SCS_T006_F304,H:\biomass_data\BIO_S1_SCS__1S_20251121T095225_20251121T095245_T_G01_M01_C01_T006_F304_01_DNGCYN.zip,BIO_S1_SCS__1S_20251121T095225_20251121T095245_T_G01_M01_C01_T006_F304_01_DNGCYN/preview/bio_s1_scs__1s_20251121t095225_20251121t095245_t_g01_m01_c01_t006_f304_map.kml,C:\Users\jales\Documents\GitHub\thesis_code\datasets\orbits\SCS_T006_F304.kml
SCS_T006_F305,H:\biomass_data\BIO_S1_SCS__1S_20251121T095243_20251121T095304_T_G01_M01_C01_T006_F305_01_DJURCE.zip,BIO_S1_SCS__1S_20251121T095243_20251121T095304_T_G01_M01_C01_T006_F305_01_DJURCE/preview/bio_s1_scs__1s_20251121t095243_20251121t095304_t_g01_m01_c01_t006_f305_map.kml,C:\Users\jales\Documents\GitHub\thesis_code\datasets\orbits\SCS_T006_F305.kml
SCS_T006_F306,H:\biomass_data\BIO_S1_SCS__1S_20251121T095302_20251121T095323_T_G01_M01_C01_T006_F306_01_DJURCC.zip,BIO_S1_SCS__1S_20251121T095302_20251121T095323_T_G01_M01_C01_T006_F306_01_DJURCC/preview/bio_s1_scs__1s_20251121t095302_20251121t095323_t_g01_m01_c01_t006_f306_map.kml,C:\Users\jales\Documents\GitHub\thesis_code\datasets\orbits\SCS_T006_F306.kml
SCS_T006_F307,H:\biomass_data\BIO_S1_SCS__1S_20251121T095321_20251121T095342_T_G01_M01_C01_T006_F307_01_DJURAJ.zip,BIO_S1_SCS__1S_20251121T095321_20251121T095342_T_G01_M01_C01_T006_F307_01_DJURAJ/preview/bio_s1_scs__1s_20251121t095321_20251121t095342_t_g01_m01_c01_t006_f307_map.kml,C:\Users\jales\Documents\GitHub\thesis_code\datasets\orbits\SCS_T006_F307.kml
SCS_T006_F308,H:\biomass_data\BIO_S1_SCS__1S_20251121T095340_20251121T095401_T_G01_M01_C01_T006_F308_01_DJUR70.zip,BIO_S1_SCS__1S_20251121T095340_20251121T095401_T_G01_M01_C01_T006_F308_01_DJUR70/preview/bio_s1_scs__1s_20251121t095340_20251121t095401_t_g01_m01_c01_t006_f308_map.kml,C:\Users\jales\Documents\GitHub\thesis_code\datasets\orbits\SCS_T006_F308.kml
SCS_T006_F309,H:\biomass_data\BIO_S1_SCS__1S_20251121T095359_20251121T095420_T_G01_M01_C01_T006_F309_01_DJUQIZ.zip,BIO_S1_SCS__1S_20251121T095359_20251121T095420_T_G01_M01_C01_T006_F309_01_DJUQIZ/preview/bio_s1_scs__1s_20251121t095359_20251121t095420_t_g01_m01_c01_t006_f309_map.kml,C:\Users\jales\Documents\GitHub\thesis_code\datasets\orbits\SCS_T006_F309.kml
SCS_T014_F157,H:\biomass_data\BIO_S1_SCS__1S_20251121T221114_20251121T221135_T_G01_M01_C01_T014_F157_01_DJVHW4.zip,BIO_S1_SCS__1S_20251121T221114_20251121T221135_T_G01_M01_C01_T014_F157_01_DJVHW4/preview/bio_s1_scs__1s_20251121t221114_20251121t221135_t_g01_m01_c01_t014_f157_map.kml,C:\Users\jales\Documents\GitHub\thesis_code\datasets\orbits\SCS_T014_F157.kml
SCS_T014_F158,H:\biomass_data\BIO_S1_SCS__1S_20251121T221133_20251121T221154_T_G01_M01_C01_T014_F158_01_DJVHUL.zip,BIO_S1_SCS__1S_20251121T221133_20251121T221154_T_G01_M01_C01_T014_F158_01_DJVHUL/preview/bio_s1_scs__1s_20251121t221133_20251121t221154_t_g01_m01_c01_t014_f158_map.kml,C:\Users\jales\Documents\GitHub\thesis_code\datasets\orbits\SCS_T014_F158.kml
SCS_T020_F295,H:\biomass_data\BIO_S1_SCS__1S_20251122T084406_20251122T084427_T_G01_M01_C01_T020_F295_01_DJXN0F.zip,BIO_S1_SCS__1S_20251122T084406_20251122T084427_T_G01_M01_C01_T020_F295_01_DJXN0F/preview/bio_s1_scs__1s_20251122t084406_20251122t084427_t_g01_m01_c01_t020_f295_map.kml,C:\Users\jales\Documents\GitHub\thesis_code\datasets\orbits\SCS_T020_F295.kml
SCS_T020_F296,H:\biomass_data\BIO_S1_SCS__1S_20251122T084426_20251122T084446_T_G01_M01_C01_T020_F296_01_DJXN00.zip,BIO_S1_SCS__1S_20251122T084426_20251122T084446_T_G01_M01_C01_T020_F296_01_DJXN00/preview/bio_s1_scs__1s_20251122t084426_20251122t084446_t_g01_m01_c01_t020_f296_map.kml,C:\Users\jales\Documents\GitHub\thesis_code\datasets\orbits\SCS_T020_F296.kml
SCS_T020_F297,H:\biomass_data\BIO_S1_SCS__1S_20251122T084445_20251122T084505_T_G01_M01_C01_T020_F297_01_DJXN09.zip,BIO_S1_SCS__1S_20251122T084445_20251122T084505_T_G01_M01_C01_T020_F297_01_DJXN09/preview/bio_s1_scs__1s_20251122t084445_20251122t084505_t_g01_m01_c01_t020_f297_map.kml,C:\Users\jales\Documents\GitHub\thesis_code\datasets\orbits\SCS_T020_F297.kml
SCS_T020_F298,H:\biomass_data\BIO_S1_SCS__1S_20251122T084504_20251122T084524_T_G01_M01_C01_T020_F298_01_DJWRXB.zip,BIO_S1_SCS__1S_20251122T084504_20251122T084524_T_G01_M01_C01_T020_F298_01_DJWRXB/preview/bio_s1_scs__1s_20251122t084504_20251122t084524_t_g01_m01_c01_t020_f298_map.kml,C:\Users\jales\Documents\GitHub\thesis_code\datasets\orbits\SCS_T020_F298.kml
SCS_T020_F299,H:\biomass_data\BIO_S1_SCS__1S_20251122T084523_20251122T084543_T_G01_M01_C01_T020_F299_01_DJXN02.zip,BIO_S1_SCS__1S_20251122T084523_20251122T084543_T_G01_M01_C01_T020_F299_01_DJXN02/preview/bio_s1_scs__1s_20251122t084523_20251122t084543_t_g01_m01_c01_t020_f299_map.kml,C:\Users\jales\Documents\GitHub\thesis_code\datasets\orbits\SCS_T020_F299.kml
SCS_T020_F300,H:\biomass_data\BIO_S1_SCS__1S_20251122T084542_20251122T084602_T_G01_M01_C01_T020_F300_01_DNHP0K.zip,BIO_S1_SCS__1S_20251122T084542_20251122T084602_T_G01_M01_C01_T020_F300_01_DNHP0K/preview/bio_s1_scs__1s_20251122t084542_20251122t084602_t_g01_m01_c01_t020_f300_map.kml,C:\Users\jales\Documents\GitHub\thesis_code\datasets\orbits\SCS_T020_F300.kml
SCS_T020_F301,H:\biomass_data\BIO_S1_SCS__1S_20251122T084601_20251122T084621_T_G01_M01_C01_T020_F301_01_DJXN7P.zip,BIO_S1_SCS__1S_20251122T084601_20251122T084621_T_G01_M01_C01_T020_F301_01_DJXN7P/preview/bio_s1_scs__1s_20251122t084601_20251122t084621_t_g01_m01_c01_t020_f301_map.kml,C:\Users\jales\Documents\GitHub\thesis_code\datasets\orbits\SCS_T020_F301.kml
SCS_T020_F302,H:\biomass_data\BIO_S1_SCS__1S_20251122T084620_20251122T084640_T_G01_M01_C01_T020_F302_01_DJXN7H.zip,BIO_S1_SCS__1S_20251122T084620_20251122T084640_T_G01_M01_C01_T020_F302_01_DJXN7H/preview/bio_s1_scs__1s_20251122t084620_20251122t084640_t_g01_m01_c01_t020_f302_map.kml,C:\Users\jales\Documents\GitHub\thesis_code\datasets\orbits\SCS_T020_F302.kml
SCS_T020_F303,H:\biomass_data\BIO_S1_SCS__1S_20251122T084639_20251122T084659_T_G01_M01_C01_T020_F303_01_DJXN6V.zip,BIO_S1_SCS__1S_20251122T084639_20251122T084659_T_G01_M01_C01_T020_F303_01_DJXN6V/preview/bio_s1_scs__1s_20251122t084639_20251122t084659_t_g01_m01_c01_t020_f303_map.kml,C:\Users\jales\Documents\GitHub\thesis_code\datasets\orbits\SCS_T020_F303.kml
SCS_T020_F305,H:\biomass_data\BIO_S1_SCS__1S_20251122T084717_20251122T084737_T_G01_M01_C01_T020_F305_01_DJXN15.zip,BIO_S1_SCS__1S_20251122T084717_20251122T084737_T_G01_M01_C01_T020_F305_01_DJXN15/preview/bio_s1_scs__1s_20251122t084717_20251122t084737_t_g01_m01_c01_t020_f305_map.kml,C:\Users\jales\Documents\GitHub\thesis_code\datasets\orbits\SCS_T020_F305.kml
SCS_T020_F306,H:\biomass_data\BIO_S1_SCS__1S_20251122T084728_20251122T084756_T_G01_M01_C01_T020_F306_01_DJXN18.zip,BIO_S1_SCS__1S_20251122T084728_20251122T084756_T_G01_M01_C01_T020_F306_01_DJXN18/preview/bio_s1_scs__1s_20251122t084728_20251122t084756_t_g01_m01_c01_t020_f306_map.kml,C:\Users\jales\Documents\GitHub\thesis_code\datasets\orbits\SCS_T020_F306.kml
SCS_T020_F307,H:\biomass_data\BIO_S1_SCS__1S_20251122T084755_20251122T084815_T_G01_M01_C01_T020_F307_01_DJXN0J.zip,BIO_S1_SCS__1S_20251122T084755_20251122T084815_T_G01_M01_C01_T020_F307_01_DJXN0J/preview/bio_s1_scs__1s_20251122t084755_20251122t084815_t_g01_m01_c01_t020_f307_map.kml,C:\Users\jales\Documents\GitHub\thesis_code\datasets\orbits\SCS_T020_F307.kml
SCS_T020_F308,H:\biomass_data\BIO_S1_SCS__1S_20251122T084814_20251122T084834_T_G01_M01_C01_T020_F308_01_DNQY3B.zip,BIO_S1_SCS__1S_20251122T084814_20251122T084834_T_G01_M01_C01_T020_F308_01_DNQY3B/preview/bio_s1_scs__1s_20251122t084814_20251122t084834_t_g01_m01_c01_t020_f308_map.kml,C:\Users\jales\Documents\GitHub\thesis_code\datasets\orbits\SCS_T020_F308.kml
SCS_T020_F309,H:\biomass_data\BIO_S1_SCS__1S_20251122T084833_20251122T084853_T_G01_M01_C01_T020_F309_01_DNQY3J.zip,BIO_S1_SCS__1S_20251122T084833_20251122T084853_T_G01_M01_C01_T020_F309_01_DNQY3J/preview/bio_s1_scs__1s_20251122t084833_20251122t084853_t_g01_m01_c01_t020_f309_map.kml,C:\Users\jales\Documents\GitHub\thesis_code\datasets\orbits\SCS_T020_F309.kml
SCS_T028_F157,H:\biomass_data\BIO_S1_SCS__1S_20251122T210549_20251122T210608_T_G01_M01_C01_T028_F157_01_DKLXME.zip,BIO_S1_SCS__1S_20251122T210549_20251122T210608_T_G01_M01_C01_T028_F157_01_DKLXME/preview/bio_s1_scs__1s_20251122t210549_20251122t210608_t_g01_m01_c01_t028_f157_map.kml,C:\Users\jales\Documents\GitHub\thesis_code\datasets\orbits\SCS_T028_F157.kml
SCS_T028_F158,H:\biomass_data\BIO_S1_SCS__1S_20251122T210606_20251122T210627_T_G01_M01_C01_T028_F158_01_DKLZ2Q.zip,BIO_S1_SCS__1S_20251122T210606_20251122T210627_T_G01_M01_C01_T028_F158_01_DKLZ2Q/preview/bio_s1_scs__1s_20251122t210606_20251122t210627_t_g01_m01_c01_t028_f158_map.kml,C:\Users\jales\Documents\GitHub\thesis_code\datasets\orbits\SCS_T028_F158.kml
SCS_T028_F159,H:\biomass_data\BIO_S1_SCS__1S_20251122T210625_20251122T210646_T_G01_M01_C01_T028_F159_01_DKLZ39.zip,BIO_S1_SCS__1S_20251122T210625_20251122T210646_T_G01_M01_C01_T028_F159_01_DKLZ39/preview/bio_s1_scs__1s_20251122t210625_20251122t210646_t_g01_m01_c01_t028_f159_map.kml,C:\Users\jales\Documents\GitHub\thesis_code\datasets\orbits\SCS_T028_F159.kml
SCS_T028_F160,H:\biomass_data\BIO_S1_SCS__1S_20251122T210644_20251122T210705_T_G01_M01_C01_T028_F160_01_DJYINR.zip,BIO_S1_SCS__1S_20251122T210644_20251122T210705_T_G01_M01_C01_T028_F160_01_DJYINR/preview/bio_s1_scs__1s_20251122t210644_20251122t210705_t_g01_m01_c01_t028_f160_map.kml,C:\Users\jales\Documents\GitHub\thesis_code\datasets\orbits\SCS_T028_F160.kml
SCS_T028_F161,H:\biomass_data\BIO_S1_SCS__1S_20251122T210703_20251122T210724_T_G01_M01_C01_T028_F161_01_DNRL8M.zip,BIO_S1_SCS__1S_20251122T210703_20251122T210724_T_G01_M01_C01_T028_F161_01_DNRL8M/preview/bio_s1_scs__1s_20251122t210703_20251122t210724_t_g01_m01_c01_t028_f161_map.kml,C:\Users\jales\Documents\GitHub\thesis_code\datasets\orbits\SCS_T028_F161.kml
SCS_T028_F162,H:\biomass_data\BIO_S1_SCS__1S_20251122T210722_20251122T210743_T_G01_M01_C01_T028_F162_01_DJYIUW.zip,BIO_S1_SCS__1S_20251122T210722_20251122T210743_T_G01_M01_C01_T028_F162_01_DJYIUW/preview/bio_s1_scs__1s_20251122t210722_20251122t210743_t_g01_m01_c01_t028_f162_map.kml,C:\Users\jales\Documents\GitHub\thesis_code\datasets\orbits\SCS_T028_F162.kml
SCS_T028_F163,H:\biomass_data\BIO_S1_SCS__1S_20251122T210741_20251122T210802_T_G01_M01_C01_T028_F163_01_DKNK40.zip,BIO_S1_SCS__1S_20251122T210741_20251122T210802_T_G01_M01_C01_T028_F163_01_DKNK40/preview/bio_s1_scs__1s_20251122t210741_20251122t210802_t_g01_m01_c01_t028_f163_map.kml,C:\Users\jales\Documents\GitHub\thesis_code\datasets\orbits\SCS_T028_F163.kml
SCS_T028_F164,H:\biomass_data\BIO_S1_SCS__1S_20251122T210800_20251122T210821_T_G01_M01_C01_T028_F164_01_DNRL83.zip,BIO_S1_SCS__1S_20251122T210800_20251122T210821_T_G01_M01_C01_T028_F164_01_DNRL83/preview/bio_s1_scs__1s_20251122t210800_20251122t210821_t_g01_m01_c01_t028_f164_map.kml,C:\Users\jales\Documents\GitHub\thesis_code\datasets\orbits\SCS_T028_F164.kml
SCS_T028_F165,H:\biomass_data\BIO_S1_SCS__1S_20251122T210819_20251122T210840_T_G01_M01_C01_T028_F165_01_DK4Y0D.zip,BIO_S1_SCS__1S_20251122T210819_20251122T210840_T_G01_M01_C01_T028_F165_01_DK4Y0D/preview/bio_s1_scs__1s_20251122t210819_20251122t210840_t_g01_m01_c01_t028_f165_map.kml,C:\Users\jales\Documents\GitHub\thesis_code\datasets\orbits\SCS_T028_F165.kml
SCS_T028_F166,H:\biomass_data\BIO_S1_SCS__1S_20251122T210838_20251122T210859_T_G01_M01_C01_T028_F166_01_DJYIU7.zip,BIO_S1_SCS__1S_20251122T210838_20251122T210859_T_G01_M01_C01_T028_F166_01_DJYIU7/preview/bio_s1_scs__1s_20251122t210838_20251122t210859_t_g01_m01_c01_t028_f166_map.kml,C:\Users\jales\Documents\GitHub\thesis_code\datasets\orbits\SCS_T028_F166.kml
SCS_T028_F167,H:\biomass_data\BIO_S1_SCS__1S_20251122T210857_20251122T210918_T_G01_M01_C01_T028_F167_01_DNGWE0.zip,BIO_S1_SCS__1S_20251122T210857_20251122T210918_T_G01_M01_C01_T028_F167_01_DNGWE0/preview/bio_s1_scs__1s_20251122t210857_20251122t210918_t_g01_m01_c01_t028_f167_map.kml,C:\Users\jales\Documents\GitHub\thesis_code\datasets\orbits\SCS_T028_F167.kml
SCS_T028_F168,H:\biomass_data\BIO_S1_SCS__1S_20251122T210916_20251122T210937_T_G01_M01_C01_T028_F168_01_DJYIQX.zip,BIO_S1_SCS__1S_20251122T210916_20251122T210937_T_G01_M01_C01_T028_F168_01_DJYIQX/preview/bio_s1_scs__1s_20251122t210916_20251122t210937_t_g01_m01_c01_t028_f168_map.kml,C:\Users\jales\Documents\GitHub\thesis_code\datasets\orbits\SCS_T028_F168.kml
SCS_T028_F169,H:\biomass_data\BIO_S1_SCS__1S_20251122T210935_20251122T210956_T_G01_M01_C01_T028_F169_01_DNGWE1.zip,BIO_S1_SCS__1S_20251122T210935_20251122T210956_T_G01_M01_C01_T028_F169_01_DNGWE1/preview/bio_s1_scs__1s_20251122t210935_20251122t210956_t_g01_m01_c01_t028_f169_map.kml,C:\Users\jales\Documents\GitHub\thesis_code\datasets\orbits\SCS_T028_F169.kml
SCS_T028_F170,H:\biomass_data\BIO_S1_SCS__1S_20251122T210954_20251122T211015_T_G01_M01_C01_T028_F170_01_DJYIRW.zip,BIO_S1_SCS__1S_20251122T210954_20251122T211015_T_G01_M01_C01_T028_F170_01_DJYIRW/preview/bio_s1_scs__1s_20251122t210954_20251122t211015_t_g01_m01_c01_t028_f170_map.kml,C:\Users\jales\Documents\GitHub\thesis_code\datasets\orbits\SCS_T028_F170.kml
SCS_T028_F171,H:\biomass_data\BIO_S1_SCS__1S_20251122T211013_20251122T211027_T_G01_M01_C01_T028_F171_01_DNGWEG.zip,BIO_S1_SCS__1S_20251122T211013_20251122T211027_T_G01_M01_C01_T028_F171_01_DNGWEG/preview/bio_s1_scs__1s_20251122t211013_20251122t211027_t_g01_m01_c01_t028_f171_map.kml,C:\Users\jales\Documents\GitHub\thesis_code\datasets\orbits\SCS_T028_F171.kml
SCS_T028_F172,H:\biomass_data\BIO_S1_SCS__1S_20251122T211032_20251122T211053_T_G01_M01_C01_T028_F172_01_DK4Y34.zip,BIO_S1_SCS__1S_20251122T211032_20251122T211053_T_G01_M01_C01_T028_F172_01_DK4Y34/preview/bio_s1_scs__1s_20251122t211032_20251122t211053_t_g01_m01_c01_t028_f172_map.kml,C:\Users\jales\Documents\GitHub\thesis_code\datasets\orbits\SCS_T028_F172.kml
SCS_T028_F173,H:\biomass_data\BIO_S1_SCS__1S_20251122T211052_20251122T211112_T_G01_M01_C01_T028_F173_01_DNRKAL.zip,BIO_S1_SCS__1S_20251122T211052_20251122T211112_T_G01_M01_C01_T028_F173_01_DNRKAL/preview/bio_s1_scs__1s_20251122t211052_20251122t211112_t_g01_m01_c01_t028_f173_map.kml,C:\Users\jales\Documents\GitHub\thesis_code\datasets\orbits\SCS_T028_F173.kml
SCS_T028_F174,H:\biomass_data\BIO_S1_SCS__1S_20251122T211110_20251122T211131_T_G01_M01_C01_T028_F174_01_DK4Y4R.zip,BIO_S1_SCS__1S_20251122T211110_20251122T211131_T_G01_M01_C01_T028_F174_01_DK4Y4R/preview/bio_s1_scs__1s_20251122t211110_20251122t211131_t_g01_m01_c01_t028_f174_map.kml,C:\Users\jales\Documents\GitHub\thesis_code\datasets\orbits\SCS_T028_F174.kml
SCS_T028_F175,H:\biomass_data\BIO_S1_SCS__1S_20251122T211130_20251122T211150_T_G01_M01_C01_T028_F175_01_DNRK7F.zip,BIO_S1_SCS__1S_20251122T211130_20251122T211150_T_G01_M01_C01_T028_F175_01_DNRK7F/preview/bio_s1_scs__1s_20251122t211130_20251122t211150_t_g01_m01_c01_t028_f175_map.kml,C:\Users\jales\Documents\GitHub\thesis_code\datasets\orbits\SCS_T028_F175.kml
SCS_T028_F176,H:\biomass_data\BIO_S1_SCS__1S_20251122T211148_20251122T211209_T_G01_M01_C01_T028_F176_01_DKLZ9Q.zip,BIO_S1_SCS__1S_20251122T211148_20251122T211209_T_G01_M01_C01_T028_F176_01_DKLZ9Q/preview/bio_s1_scs__1s_20251122t211148_20251122t211209_t_g01_m01_c01_t028_f176_map.kml,C:\Users\jales\Documents\GitHub\thesis_code\datasets\orbits\SCS_T028_F176.kml
SCS_T035_F289,H:\biomass_data\BIO_S1_SCS__1S_20251123T091504_20251123T091517_T_G01_M01_C01_T035_F289_01_DNHNN5.zip,BIO_S1_SCS__1S_20251123T091504_20251123T091517_T_G01_M01_C01_T035_F289_01_DNHNN5/preview/bio_s1_scs__1s_20251123t091504_20251123t091517_t_g01_m01_c01_t035_f289_map.kml,C:\Users\jales\Documents\GitHub\thesis_code\datasets\orbits\SCS_T035_F289.kml
SCS_T035_F290,H:\biomass_data\BIO_S1_SCS__1S_20251123T091516_20251123T091536_T_G01_M01_C01_T035_F290_01_DK4LPZ.zip,BIO_S1_SCS__1S_20251123T091516_20251123T091536_T_G01_M01_C01_T035_F290_01_DK4LPZ/preview/bio_s1_scs__1s_20251123t091516_20251123t091536_t_g01_m01_c01_t035_f290_map.kml,C:\Users\jales\Documents\GitHub\thesis_code\datasets\orbits\SCS_T035_F290.kml
SCS_T035_F291,H:\biomass_data\BIO_S1_SCS__1S_20251123T091535_20251123T091555_T_G01_M01_C01_T035_F291_01_DK2BGI.zip,BIO_S1_SCS__1S_20251123T091535_20251123T091555_T_G01_M01_C01_T035_F291_01_DK2BGI/preview/bio_s1_scs__1s_20251123t091535_20251123t091555_t_g01_m01_c01_t035_f291_map.kml,C:\Users\jales\Documents\GitHub\thesis_code\datasets\orbits\SCS_T035_F291.kml
SCS_T035_F292,H:\biomass_data\BIO_S1_SCS__1S_20251123T091554_20251123T091614_T_G01_M01_C01_T035_F292_01_DK2BM1.zip,BIO_S1_SCS__1S_20251123T091554_20251123T091614_T_G01_M01_C01_T035_F292_01_DK2BM1/preview/bio_s1_scs__1s_20251123t091554_20251123t091614_t_g01_m01_c01_t035_f292_map.kml,C:\Users\jales\Documents\GitHub\thesis_code\datasets\orbits\SCS_T035_F292.kml
SCS_T035_F293,H:\biomass_data\BIO_S1_SCS__1S_20251123T091613_20251123T091633_T_G01_M01_C01_T035_F293_01_DK2BGC.zip,BIO_S1_SCS__1S_20251123T091613_20251123T091633_T_G01_M01_C01_T035_F293_01_DK2BGC/preview/bio_s1_scs__1s_20251123t091613_20251123t091633_t_g01_m01_c01_t035_f293_map.kml,C:\Users\jales\Documents\GitHub\thesis_code\datasets\orbits\SCS_T035_F293.kml
SCS_T035_F294,H:\biomass_data\BIO_S1_SCS__1S_20251123T091632_20251123T091652_T_G01_M01_C01_T035_F294_01_DK4PHW.zip,BIO_S1_SCS__1S_20251123T091632_20251123T091652_T_G01_M01_C01_T035_F294_01_DK4PHW/preview/bio_s1_scs__1s_20251123t091632_20251123t091652_t_g01_m01_c01_t035_f294_map.kml,C:\Users\jales\Documents\GitHub\thesis_code\datasets\orbits\SCS_T035_F294.kml
SCS_T035_F295,H:\biomass_data\BIO_S1_SCS__1S_20251123T091651_20251123T091711_T_G01_M01_C01_T035_F295_01_DK2BM3.zip,BIO_S1_SCS__1S_20251123T091651_20251123T091711_T_G01_M01_C01_T035_F295_01_DK2BM3/preview/bio_s1_scs__1s_20251123t091651_20251123t091711_t_g01_m01_c01_t035_f295_map.kml,C:\Users\jales\Documents\GitHub\thesis_code\datasets\orbits\SCS_T035_F295.kml
SCS_T035_F296,H:\biomass_data\BIO_S1_SCS__1S_20251123T091710_20251123T091730_T_G01_M01_C01_T035_F296_01_DNGYYA.zip,BIO_S1_SCS__1S_20251123T091710_20251123T091730_T_G01_M01_C01_T035_F296_01_DNGYYA/preview/bio_s1_scs__1s_20251123t091710_20251123t091730_t_g01_m01_c01_t035_f296_map.kml,C:\Users\jales\Documents\GitHub\thesis_code\datasets\orbits\SCS_T035_F296.kml
SCS_T035_F297,H:\biomass_data\BIO_S1_SCS__1S_20251123T091729_20251123T091749_T_G01_M01_C01_T035_F297_01_DNGYZ8.zip,BIO_S1_SCS__1S_20251123T091729_20251123T091749_T_G01_M01_C01_T035_F297_01_DNGYZ8/preview/bio_s1_scs__1s_20251123t091729_20251123t091749_t_g01_m01_c01_t035_f297_map.kml,C:\Users\jales\Documents\GitHub\thesis_code\datasets\orbits\SCS_T035_F297.kml
SCS_T035_F298,H:\biomass_data\BIO_S1_SCS__1S_20251123T091748_20251123T091808_T_G01_M01_C01_T035_F298_01_DNGYZ2.zip,BIO_S1_SCS__1S_20251123T091748_20251123T091808_T_G01_M01_C01_T035_F298_01_DNGYZ2/preview/bio_s1_scs__1s_20251123t091748_20251123t091808_t_g01_m01_c01_t035_f298_map.kml,C:\Users\jales\Documents\GitHub\thesis_code\datasets\orbits\SCS_T035_F298.kml
SCS_T035_F299,H:\biomass_data\BIO_S1_SCS__1S_20251123T091807_20251123T091827_T_G01_M01_C01_T035_F299_01_DK4FVZ.zip,BIO_S1_SCS__1S_20251123T091807_20251123T091827_T_G01_M01_C01_T035_F299_01_DK4FVZ/preview/bio_s1_scs__1s_20251123t091807_20251123t091827_t_g01_m01_c01_t035_f299_map.kml,C:\Users\jales\Documents\GitHub\thesis_code\datasets\orbits\SCS_T035_F299.kml
SCS_T035_F300,H:\biomass_data\BIO_S1_SCS__1S_20251123T091826_20251123T091846_T_G01_M01_C01_T035_F300_01_DK4FQ9.zip,BIO_S1_SCS__1S_20251123T091826_20251123T091846_T_G01_M01_C01_T035_F300_01_DK4FQ9/preview/bio_s1_scs__1s_20251123t091826_20251123t091846_t_g01_m01_c01_t035_f300_map.kml,C:\Users\jales\Documents\GitHub\thesis_code\datasets\orbits\SCS_T035_F300.kml
SCS_T035_F301,H:\biomass_data\BIO_S1_SCS__1S_20251123T091845_20251123T091905_T_G01_M01_C01_T035_F301_01_DK2CQB.zip,BIO_S1_SCS__1S_20251123T091845_20251123T091905_T_G01_M01_C01_T035_F301_01_DK2CQB/preview/bio_s1_scs__1s_20251123t091845_20251123t091905_t_g01_m01_c01_t035_f301_map.kml,C:\Users\jales\Documents\GitHub\thesis_code\datasets\orbits\SCS_T035_F301.kml
SCS_T035_F302,H:\biomass_data\BIO_S1_SCS__1S_20251123T091904_20251123T091924_T_G01_M01_C01_T035_F302_01_DK2CEF.zip,BIO_S1_SCS__1S_20251123T091904_20251123T091924_T_G01_M01_C01_T035_F302_01_DK2CEF/preview/bio_s1_scs__1s_20251123t091904_20251123t091924_t_g01_m01_c01_t035_f302_map.kml,C:\Users\jales\Documents\GitHub\thesis_code\datasets\orbits\SCS_T035_F302.kml
SCS_T035_F303,H:\biomass_data\BIO_S1_SCS__1S_20251123T091923_20251123T091943_T_G01_M01_C01_T035_F303_01_DK4OUC.zip,BIO_S1_SCS__1S_20251123T091923_20251123T091943_T_G01_M01_C01_T035_F303_01_DK4OUC/preview/bio_s1_scs__1s_20251123t091923_20251123t091943_t_g01_m01_c01_t035_f303_map.kml,C:\Users\jales\Documents\GitHub\thesis_code\datasets\orbits\SCS_T035_F303.kml
SCS_T035_F304,H:\biomass_data\BIO_S1_SCS__1S_20251123T091942_20251123T092002_T_G01_M01_C01_T035_F304_01_DK2CQQ.zip,BIO_S1_SCS__1S_20251123T091942_20251123T092002_T_G01_M01_C01_T035_F304_01_DK2CQQ/preview/bio_s1_scs__1s_20251123t091942_20251123t092002_t_g01_m01_c01_t035_f304_map.kml,C:\Users\jales\Documents\GitHub\thesis_code\datasets\orbits\SCS_T035_F304.kml
SCS_T035_F306,H:\biomass_data\BIO_S1_SCS__1S_20251123T092020_20251123T092040_T_G01_M01_C01_T035_F306_01_DNGYQ6.zip,BIO_S1_SCS__1S_20251123T092020_20251123T092040_T_G01_M01_C01_T035_F306_01_DNGYQ6/preview/bio_s1_scs__1s_20251123t092020_20251123t092040_t_g01_m01_c01_t035_f306_map.kml,C:\Users\jales\Documents\GitHub\thesis_code\datasets\orbits\SCS_T035_F306.kml
SCS_T035_F307,H:\biomass_data\BIO_S1_SCS__1S_20251123T092039_20251123T092059_T_G01_M01_C01_T035_F307_01_DNGYPZ.zip,BIO_S1_SCS__1S_20251123T092039_20251123T092059_T_G01_M01_C01_T035_F307_01_DNGYPZ/preview/bio_s1_scs__1s_20251123t092039_20251123t092059_t_g01_m01_c01_t035_f307_map.kml,C:\Users\jales\Documents\GitHub\thesis_code\datasets\orbits\SCS_T035_F307.kml
SCS_T035_F309,H:\biomass_data\BIO_S1_SCS__1S_20251123T092117_20251123T092137_T_G01_M01_C01_T035_F309_01_DNGYQR.zip,BIO_S1_SCS__1S_20251123T092117_20251123T092137_T_G01_M01_C01_T035_F309_01_DNGYQR/preview/bio_s1_scs__1s_20251123t092117_20251123t092137_t_g01_m01_c01_t035_f309_map.kml,C:\Users\jales\Documents\GitHub\thesis_code\datasets\orbits\SCS_T035_F309.kml
SCS_T043_F157,H:\biomass_data\BIO_S1_SCS__1S_20251123T213832_20251123T213852_T_G01_M01_C01_T043_F157_01_DKCK0Y.zip,BIO_S1_SCS__1S_20251123T213832_20251123T213852_T_G01_M01_C01_T043_F157_01_DKCK0Y/preview/bio_s1_scs__1s_20251123t213832_20251123t213852_t_g01_m01_c01_t043_f157_map.kml,C:\Users\jales\Documents\GitHub\thesis_code\datasets\orbits\SCS_T043_F157.kml
SCS_T043_F159,H:\biomass_data\BIO_S1_SCS__1S_20251123T213910_20251123T213930_T_G01_M01_C01_T043_F159_01_DKCKKQ.zip,BIO_S1_SCS__1S_20251123T213910_20251123T213930_T_G01_M01_C01_T043_F159_01_DKCKKQ/preview/bio_s1_scs__1s_20251123t213910_20251123t213930_t_g01_m01_c01_t043_f159_map.kml,C:\Users\jales\Documents\GitHub\thesis_code\datasets\orbits\SCS_T043_F159.kml
SCS_T043_F160,H:\biomass_data\BIO_S1_SCS__1S_20251123T213929_20251123T213949_T_G01_M01_C01_T043_F160_01_DKCK78.zip,BIO_S1_SCS__1S_20251123T213929_20251123T213949_T_G01_M01_C01_T043_F160_01_DKCK78/preview/bio_s1_scs__1s_20251123t213929_20251123t213949_t_g01_m01_c01_t043_f160_map.kml,C:\Users\jales\Documents\GitHub\thesis_code\datasets\orbits\SCS_T043_F160.kml
SCS_T043_F161,H:\biomass_data\BIO_S1_SCS__1S_20251123T213948_20251123T214008_T_G01_M01_C01_T043_F161_01_DKCK95.zip,BIO_S1_SCS__1S_20251123T213948_20251123T214008_T_G01_M01_C01_T043_F161_01_DKCK95/preview/bio_s1_scs__1s_20251123t213948_20251123t214008_t_g01_m01_c01_t043_f161_map.kml,C:\Users\jales\Documents\GitHub\thesis_code\datasets\orbits\SCS_T043_F161.kml
SCS_T043_F162,H:\biomass_data\BIO_S1_SCS__1S_20251123T214007_20251123T214027_T_G01_M01_C01_T043_F162_01_DKCK7J.zip,BIO_S1_SCS__1S_20251123T214007_20251123T214027_T_G01_M01_C01_T043_F162_01_DKCK7J/preview/bio_s1_scs__1s_20251123t214007_20251123t214027_t_g01_m01_c01_t043_f162_map.kml,C:\Users\jales\Documents\GitHub\thesis_code\datasets\orbits\SCS_T043_F162.kml
SCS_T043_F163,H:\biomass_data\BIO_S1_SCS__1S_20251123T214026_20251123T214046_T_G01_M01_C01_T043_F163_01_DKCK9C.zip,BIO_S1_SCS__1S_20251123T214026_20251123T214046_T_G01_M01_C01_T043_F163_01_DKCK9C/preview/bio_s1_scs__1s_20251123t214026_20251123t214046_t_g01_m01_c01_t043_f163_map.kml,C:\Users\jales\Documents\GitHub\thesis_code\datasets\orbits\SCS_T043_F163.kml
SCS_T043_F164,H:\biomass_data\BIO_S1_SCS__1S_20251123T214045_20251123T214105_T_G01_M01_C01_T043_F164_01_DKCK8N.zip,BIO_S1_SCS__1S_20251123T214045_20251123T214105_T_G01_M01_C01_T043_F164_01_DKCK8N/preview/bio_s1_scs__1s_20251123t214045_20251123t214105_t_g01_m01_c01_t043_f164_map.kml,C:\Users\jales\Documents\GitHub\thesis_code\datasets\orbits\SCS_T043_F164.kml
SCS_T043_F165,H:\biomass_data\BIO_S1_SCS__1S_20251123T214104_20251123T214124_T_G01_M01_C01_T043_F165_01_DKCK98.zip,BIO_S1_SCS__1S_20251123T214104_20251123T214124_T_G01_M01_C01_T043_F165_01_DKCK98/preview/bio_s1_scs__1s_20251123t214104_20251123t214124_t_g01_m01_c01_t043_f165_map.kml,C:\Users\jales\Documents\GitHub\thesis_code\datasets\orbits\SCS_T043_F165.kml
SCS_T043_F166,H:\biomass_data\BIO_S1_SCS__1S_20251123T214123_20251123T214143_T_G01_M01_C01_T043_F166_01_DNHM59.zip,BIO_S1_SCS__1S_20251123T214123_20251123T214143_T_G01_M01_C01_T043_F166_01_DNHM59/preview/bio_s1_scs__1s_20251123t214123_20251123t214143_t_g01_m01_c01_t043_f166_map.kml,C:\Users\jales\Documents\GitHub\thesis_code\datasets\orbits\SCS_T043_F166.kml
SCS_T043_F167,H:\biomass_data\BIO_S1_SCS__1S_20251123T214142_20251123T214202_T_G01_M01_C01_T043_F167_01_DKCPNF.zip,BIO_S1_SCS__1S_20251123T214142_20251123T214202_T_G01_M01_C01_T043_F167_01_DKCPNF/preview/bio_s1_scs__1s_20251123t214142_20251123t214202_t_g01_m01_c01_t043_f167_map.kml,C:\Users\jales\Documents\GitHub\thesis_code\datasets\orbits\SCS_T043_F167.kml
SCS_T043_F168,H:\biomass_data\BIO_S1_SCS__1S_20251123T214201_20251123T214221_T_G01_M01_C01_T043_F168_01_DKCPNE.zip,BIO_S1_SCS__1S_20251123T214201_20251123T214221_T_G01_M01_C01_T043_F168_01_DKCPNE/preview/bio_s1_scs__1s_20251123t214201_20251123t214221_t_g01_m01_c01_t043_f168_map.kml,C:\Users\jales\Documents\GitHub\thesis_code\datasets\orbits\SCS_T043_F168.kml
SCS_T043_F169,H:\biomass_data\BIO_S1_SCS__1S_20251123T214220_20251123T214240_T_G01_M01_C01_T043_F169_01_DKCPOP.zip,BIO_S1_SCS__1S_20251123T214220_20251123T214240_T_G01_M01_C01_T043_F169_01_DKCPOP/preview/bio_s1_scs__1s_20251123t214220_20251123t214240_t_g01_m01_c01_t043_f169_map.kml,C:\Users\jales\Documents\GitHub\thesis_code\datasets\orbits\SCS_T043_F169.kml
SCS_T043_F170,H:\biomass_data\BIO_S1_SCS__1S_20251123T214239_20251123T214259_T_G01_M01_C01_T043_F170_01_DNHM4T.zip,BIO_S1_SCS__1S_20251123T214239_20251123T214259_T_G01_M01_C01_T043_F170_01_DNHM4T/preview/bio_s1_scs__1s_20251123t214239_20251123t214259_t_g01_m01_c01_t043_f170_map.kml,C:\Users\jales\Documents\GitHub\thesis_code\datasets\orbits\SCS_T043_F170.kml
SCS_T043_F171,H:\biomass_data\BIO_S1_SCS__1S_20251123T214258_20251123T214318_T_G01_M01_C01_T043_F171_01_DKCJY2.zip,BIO_S1_SCS__1S_20251123T214258_20251123T214318_T_G01_M01_C01_T043_F171_01_DKCJY2/preview/bio_s1_scs__1s_20251123t214258_20251123t214318_t_g01_m01_c01_t043_f171_map.kml,C:\Users\jales\Documents\GitHub\thesis_code\datasets\orbits\SCS_T043_F171.kml
SCS_T043_F172,H:\biomass_data\BIO_S1_SCS__1S_20251123T214317_20251123T214337_T_G01_M01_C01_T043_F172_01_DKCJYO.zip,BIO_S1_SCS__1S_20251123T214317_20251123T214337_T_G01_M01_C01_T043_F172_01_DKCJYO/preview/bio_s1_scs__1s_20251123t214317_20251123t214337_t_g01_m01_c01_t043_f172_map.kml,C:\Users\jales\Documents\GitHub\thesis_code\datasets\orbits\SCS_T043_F172.kml
SCS_T043_F173,H:\biomass_data\BIO_S1_SCS__1S_20251123T214336_20251123T214356_T_G01_M01_C01_T043_F173_01_DKCJZ6.zip,BIO_S1_SCS__1S_20251123T214336_20251123T214356_T_G01_M01_C01_T043_F173_01_DKCJZ6/preview/bio_s1_scs__1s_20251123t214336_20251123t214356_t_g01_m01_c01_t043_f173_map.kml,C:\Users\jales\Documents\GitHub\thesis_code\datasets\orbits\SCS_T043_F173.kml
SCS_T043_F174,H:\biomass_data\BIO_S1_SCS__1S_20251123T214355_20251123T214415_T_G01_M01_C01_T043_F174_01_DKCJYS.zip,BIO_S1_SCS__1S_20251123T214355_20251123T214415_T_G01_M01_C01_T043_F174_01_DKCJYS/preview/bio_s1_scs__1s_20251123t214355_20251123t214415_t_g01_m01_c01_t043_f174_map.kml,C:\Users\jales\Documents\GitHub\thesis_code\datasets\orbits\SCS_T043_F174.kml
SCS_T043_F176,H:\biomass_data\BIO_S1_SCS__1S_20251123T214433_20251123T214453_T_G01_M01_C01_T043_F176_01_DNSE0Z.zip,BIO_S1_SCS__1S_20251123T214433_20251123T214453_T_G01_M01_C01_T043_F176_01_DNSE0Z/preview/bio_s1_scs__1s_20251123t214433_20251123t214453_t_g01_m01_c01_t043_f176_map.kml,C:\Users\jales\Documents\GitHub\thesis_code\datasets\orbits\SCS_T043_F176.kml
SCS_T020_F304,H:\biomass_data\BIO_S1_SCS__1S_20251125T084700_20251125T084720_T_G01_M01_C02_T020_F304_01_DKCSXK.zip,BIO_S1_SCS__1S_20251125T084700_20251125T084720_T_G01_M01_C02_T020_F304_01_DKCSXK/preview/bio_s1_scs__1s_20251125t084700_20251125t084720_t_g01_m01_c02_t020_f304_map.kml,C:\Users\jales\Documents\GitHub\thesis_code\datasets\orbits\SCS_T020_F304.kml
SCS_T035_F305,H:\biomass_data\BIO_S1_SCS__1S_20251126T092003_20251126T092023_T_G01_M01_C02_T035_F305_01_DK96PT.zip,BIO_S1_SCS__1S_20251126T092003_20251126T092023_T_G01_M01_C02_T035_F305_01_DK96PT/preview/bio_s1_scs__1s_20251126t092003_20251126t092023_t_g01_m01_c02_t035_f305_map.kml,C:\Users\jales\Documents\GitHub\thesis_code\datasets\orbits\SCS_T035_F305.kml
SCS_T035_F308,H:\biomass_data\BIO_S1_SCS__1S_20251126T092100_20251126T092120_T_G01_M01_C02_T035_F308_01_DK96XZ.zip,BIO_S1_SCS__1S_20251126T092100_20251126T092120_T_G01_M01_C02_T035_F308_01_DK96XZ/preview/bio_s1_scs__1s_20251126t092100_20251126t092120_t_g01_m01_c02_t035_f308_map.kml,C:\Users\jales\Documents\GitHub\thesis_code\datasets\orbits\SCS_T035_F308.kml
SCS_T043_F158,H:\biomass_data\BIO_S1_SCS__1S_20251126T213853_20251126T213913_T_G01_M01_C02_T043_F158_01_DK9KM1.zip,BIO_S1_SCS__1S_20251126T213853_20251126T213913_T_G01_M01_C02_T043_F158_01_DK9KM1/preview/bio_s1_scs__1s_20251126t213853_20251126t213913_t_g01_m01_c02_t043_f158_map.kml,C:\Users\jales\Documents\GitHub\thesis_code\datasets\orbits\SCS_T043_F158.kml
SCS_T043_F175,H:\biomass_data\BIO_S1_SCS__1S_20251126T214416_20251126T214436_T_G01_M01_C02_T043_F175_01_DK9JNR.zip,BIO_S1_SCS__1S_20251126T214416_20251126T214436_T_G01_M01_C02_T043_F175_01_DK9JNR/preview/bio_s1_scs__1s_20251126t214416_20251126t214436_t_g01_m01_c02_t043_f175_map.kml,C:\Users\jales\Documents\GitHub\thesis_code\datasets\orbits\SCS_T043_F175.kml
